backbone,direction,source,target,attribute,split_index,round,auroc,source_auroc,target_local_auroc,best_C,n_target_unlabelled,n_target_labelled,coordinate_space
vits16,brset_to_mbrset,brset,mbrset,sex,0,0,0.6202964955270529,0.6202964955270529,0.7336669661034065,0.01,1287,1287,source-training-image-standardised-patient-mean-coordinates
vits16,brset_to_mbrset,brset,mbrset,sex,0,1,0.6165889725776188,0.6202964955270529,0.7336669661034065,0.01,1287,1287,source-training-image-standardised-patient-mean-coordinates
vits16,brset_to_mbrset,brset,mbrset,sex,0,2,0.6040684416709633,0.6202964955270529,0.7336669661034065,0.01,1287,1287,source-training-image-standardised-patient-mean-coordinates
vits16,brset_to_mbrset,brset,mbrset,sex,0,3,0.5962733414482462,0.6202964955270529,0.7336669661034065,0.01,1287,1287,source-training-image-standardised-patient-mean-coordinates
vits16,brset_to_mbrset,brset,mbrset,sex,0,4,0.589395155503346,0.6202964955270529,0.7336669661034065,0.01,1287,1287,source-training-image-standardised-patient-mean-coordinates
vits16,brset_to_mbrset,brset,mbrset,sex,0,5,0.5862085461726136,0.6202964955270529,0.7336669661034065,0.01,1287,1287,source-training-image-standardised-patient-mean-coordinates
vits16,brset_to_mbrset,brset,mbrset,sex,0,6,0.5858364650163982,0.6202964955270529,0.7336669661034065,0.01,1287,1287,source-training-image-standardised-patient-mean-coordinates
vits16,brset_to_mbrset,brset,mbrset,sex,0,7,0.58567434394119,0.6202964955270529,0.7336669661034065,0.01,1287,1287,source-training-image-standardised-patient-mean-coordinates
vits16,brset_to_mbrset,brset,mbrset,sex,0,8,0.5852012693282872,0.6202964955270529,0.7336669661034065,0.01,1287,1287,source-training-image-standardised-patient-mean-coordinates
vits16,brset_to_mbrset,brset,mbrset,sex,0,9,0.5849913092472798,0.6202964955270529,0.7336669661034065,0.01,1287,1287,source-training-image-standardised-patient-mean-coordinates
vits16,brset_to_mbrset,brset,mbrset,sex,0,10,0.584236516044671,0.6202964955270529,0.7336669661034065,0.01,1287,1287,source-training-image-standardised-patient-mean-coordinates
vits16,brset_to_mbrset,brset,mbrset,age65,0,0,0.6156130990161852,0.6156130990161852,0.8704850642653126,0.1,1287,1284,source-training-image-standardised-patient-mean-coordinates
vits16,brset_to_mbrset,brset,mbrset,age65,0,1,0.6285578982862583,0.6156130990161852,0.8704850642653126,0.1,1287,1284,source-training-image-standardised-patient-mean-coordinates
vits16,brset_to_mbrset,brset,mbrset,age65,0,2,0.6330877102507141,0.6156130990161852,0.8704850642653126,0.1,1287,1284,source-training-image-standardised-patient-mean-coordinates
vits16,brset_to_mbrset,brset,mbrset,age65,0,3,0.6302736234528721,0.6156130990161852,0.8704850642653126,0.1,1287,1284,source-training-image-standardised-patient-mean-coordinates
vits16,brset_to_mbrset,brset,mbrset,age65,0,4,0.6295521263091082,0.6156130990161852,0.8704850642653126,0.1,1287,1284,source-training-image-standardised-patient-mean-coordinates
vits16,brset_to_mbrset,brset,mbrset,age65,0,5,0.6299389082830847,0.6156130990161852,0.8704850642653126,0.1,1287,1284,source-training-image-standardised-patient-mean-coordinates
vits16,brset_to_mbrset,brset,mbrset,age65,0,6,0.63290175737861,0.6156130990161852,0.8704850642653126,0.1,1287,1284,source-training-image-standardised-patient-mean-coordinates
vits16,brset_to_mbrset,brset,mbrset,age65,0,7,0.63290175737861,0.6156130990161852,0.8704850642653126,0.1,1287,1284,source-training-image-standardised-patient-mean-coordinates
vits16,brset_to_mbrset,brset,mbrset,age65,0,8,0.63290175737861,0.6156130990161852,0.8704850642653126,0.1,1287,1284,source-training-image-standardised-patient-mean-coordinates
vits16,brset_to_mbrset,brset,mbrset,age65,0,9,0.63290175737861,0.6156130990161852,0.8704850642653126,0.1,1287,1284,source-training-image-standardised-patient-mean-coordinates
vits16,brset_to_mbrset,brset,mbrset,age65,0,10,0.63290175737861,0.6156130990161852,0.8704850642653126,0.1,1287,1284,source-training-image-standardised-patient-mean-coordinates
vits16,mbrset_to_brset,mbrset,brset,sex,0,0,0.5834205759365375,0.5834205759365375,0.7576955327275282,0.01,8524,8505,source-training-image-standardised-patient-mean-coordinates
vits16,mbrset_to_brset,mbrset,brset,sex,0,1,0.5809079072837111,0.5834205759365375,0.7576955327275282,0.01,8524,8505,source-training-image-standardised-patient-mean-coordinates
vits16,mbrset_to_brset,mbrset,brset,sex,0,2,0.5804908114052182,0.5834205759365375,0.7576955327275282,0.01,8524,8505,source-training-image-standardised-patient-mean-coordinates
vits16,mbrset_to_brset,mbrset,brset,sex,0,3,0.5789988578725811,0.5834205759365375,0.7576955327275282,0.01,8524,8505,source-training-image-standardised-patient-mean-coordinates
vits16,mbrset_to_brset,mbrset,brset,sex,0,4,0.5769926086106232,0.5834205759365375,0.7576955327275282,0.01,8524,8505,source-training-image-standardised-patient-mean-coordinates
vits16,mbrset_to_brset,mbrset,brset,sex,0,5,0.5745416671139649,0.5834205759365375,0.7576955327275282,0.01,8524,8505,source-training-image-standardised-patient-mean-coordinates
vits16,mbrset_to_brset,mbrset,brset,sex,0,6,0.5728358855781559,0.5834205759365375,0.7576955327275282,0.01,8524,8505,source-training-image-standardised-patient-mean-coordinates
vits16,mbrset_to_brset,mbrset,brset,sex,0,7,0.5708331369110657,0.5834205759365375,0.7576955327275282,0.01,8524,8505,source-training-image-standardised-patient-mean-coordinates
vits16,mbrset_to_brset,mbrset,brset,sex,0,8,0.5689718122766328,0.5834205759365375,0.7576955327275282,0.01,8524,8505,source-training-image-standardised-patient-mean-coordinates
vits16,mbrset_to_brset,mbrset,brset,sex,0,9,0.5675979454775348,0.5834205759365375,0.7576955327275282,0.01,8524,8505,source-training-image-standardised-patient-mean-coordinates
vits16,mbrset_to_brset,mbrset,brset,sex,0,10,0.5661713363824292,0.5834205759365375,0.7576955327275282,0.01,8524,8505,source-training-image-standardised-patient-mean-coordinates
vits16,mbrset_to_brset,mbrset,brset,age65,0,0,0.6613917671770402,0.6613917671770402,0.9160488569313912,0.1,8524,5649,source-training-image-standardised-patient-mean-coordinates
vits16,mbrset_to_brset,mbrset,brset,age65,0,1,0.663687491988803,0.6613917671770402,0.9160488569313912,0.1,8524,5649,source-training-image-standardised-patient-mean-coordinates
vits16,mbrset_to_brset,mbrset,brset,age65,0,2,0.665112322151425,0.6613917671770402,0.9160488569313912,0.1,8524,5649,source-training-image-standardised-patient-mean-coordinates
vits16,mbrset_to_brset,mbrset,brset,age65,0,3,0.6651715016394527,0.6613917671770402,0.9160488569313912,0.1,8524,5649,source-training-image-standardised-patient-mean-coordinates
vits16,mbrset_to_brset,mbrset,brset,age65,0,4,0.6655211516276685,0.6613917671770402,0.9160488569313912,0.1,8524,5649,source-training-image-standardised-patient-mean-coordinates
vits16,mbrset_to_brset,mbrset,brset,age65,0,5,0.6650093395052286,0.6613917671770402,0.9160488569313912,0.1,8524,5649,source-training-image-standardised-patient-mean-coordinates
vits16,mbrset_to_brset,mbrset,brset,age65,0,6,0.6648886546977659,0.6613917671770402,0.9160488569313912,0.1,8524,5649,source-training-image-standardised-patient-mean-coordinates
vits16,mbrset_to_brset,mbrset,brset,age65,0,7,0.6655291628247377,0.6613917671770402,0.9160488569313912,0.1,8524,5649,source-training-image-standardised-patient-mean-coordinates
vits16,mbrset_to_brset,mbrset,brset,age65,0,8,0.6656029433654883,0.6613917671770402,0.9160488569313912,0.1,8524,5649,source-training-image-standardised-patient-mean-coordinates
vits16,mbrset_to_brset,mbrset,brset,age65,0,9,0.6653878039603224,0.6613917671770402,0.9160488569313912,0.1,8524,5649,source-training-image-standardised-patient-mean-coordinates
vits16,mbrset_to_brset,mbrset,brset,age65,0,10,0.6648409751539183,0.6613917671770402,0.9160488569313912,0.1,8524,5649,source-training-image-standardised-patient-mean-coordinates
vits16,brset_to_mbrset,brset,mbrset,sex,1,0,0.6350760905964461,0.6350760905964461,0.7346423502772004,0.1,1287,1287,source-training-image-standardised-patient-mean-coordinates
vits16,brset_to_mbrset,brset,mbrset,sex,1,1,0.6287746304436802,0.6350760905964461,0.7346423502772004,0.1,1287,1287,source-training-image-standardised-patient-mean-coordinates
vits16,brset_to_mbrset,brset,mbrset,sex,1,2,0.6211894903019705,0.6350760905964461,0.7346423502772004,0.1,1287,1287,source-training-image-standardised-patient-mean-coordinates
vits16,brset_to_mbrset,brset,mbrset,sex,1,3,0.6171736715373862,0.6350760905964461,0.7346423502772004,0.1,1287,1287,source-training-image-standardised-patient-mean-coordinates
vits16,brset_to_mbrset,brset,mbrset,sex,1,4,0.6141465255593178,0.6350760905964461,0.7346423502772004,0.1,1287,1287,source-training-image-standardised-patient-mean-coordinates
vits16,brset_to_mbrset,brset,mbrset,sex,1,5,0.6150156008313357,0.6350760905964461,0.7346423502772004,0.1,1287,1287,source-training-image-standardised-patient-mean-coordinates
vits16,brset_to_mbrset,brset,mbrset,sex,1,6,0.6139525118135767,0.6350760905964461,0.7346423502772004,0.1,1287,1287,source-training-image-standardised-patient-mean-coordinates
vits16,brset_to_mbrset,brset,mbrset,sex,1,7,0.6126980667726212,0.6350760905964461,0.7346423502772004,0.1,1287,1287,source-training-image-standardised-patient-mean-coordinates
vits16,brset_to_mbrset,brset,mbrset,sex,1,8,0.6128176642871191,0.6350760905964461,0.7346423502772004,0.1,1287,1287,source-training-image-standardised-patient-mean-coordinates
vits16,brset_to_mbrset,brset,mbrset,sex,1,9,0.6134129941370641,0.6350760905964461,0.7346423502772004,0.1,1287,1287,source-training-image-standardised-patient-mean-coordinates
vits16,brset_to_mbrset,brset,mbrset,sex,1,10,0.6123897709574712,0.6350760905964461,0.7346423502772004,0.1,1287,1287,source-training-image-standardised-patient-mean-coordinates
vits16,brset_to_mbrset,brset,mbrset,age65,1,0,0.6510358814662012,0.6510358814662012,0.875133886067915,0.1,1287,1284,source-training-image-standardised-patient-mean-coordinates
vits16,brset_to_mbrset,brset,mbrset,age65,1,1,0.6523152372262775,0.6510358814662012,0.875133886067915,0.1,1287,1284,source-training-image-standardised-patient-mean-coordinates
vits16,brset_to_mbrset,brset,mbrset,age65,1,2,0.6553103181529674,0.6510358814662012,0.875133886067915,0.1,1287,1284,source-training-image-standardised-patient-mean-coordinates
vits16,brset_to_mbrset,brset,mbrset,age65,1,3,0.6536491391621707,0.6510358814662012,0.875133886067915,0.1,1287,1284,source-training-image-standardised-patient-mean-coordinates
vits16,brset_to_mbrset,brset,mbrset,age65,1,4,0.6542689820691844,0.6510358814662012,0.875133886067915,0.1,1287,1284,source-training-image-standardised-patient-mean-coordinates
vits16,brset_to_mbrset,brset,mbrset,age65,1,5,0.652302840368137,0.6510358814662012,0.875133886067915,0.1,1287,1284,source-training-image-standardised-patient-mean-coordinates
vits16,brset_to_mbrset,brset,mbrset,age65,1,6,0.6509862940336401,0.6510358814662012,0.875133886067915,0.1,1287,1284,source-training-image-standardised-patient-mean-coordinates
vits16,brset_to_mbrset,brset,mbrset,age65,1,7,0.6499722310377658,0.6510358814662012,0.875133886067915,0.1,1287,1284,source-training-image-standardised-patient-mean-coordinates
vits16,brset_to_mbrset,brset,mbrset,age65,1,8,0.6537160821961282,0.6510358814662012,0.875133886067915,0.1,1287,1284,source-training-image-standardised-patient-mean-coordinates
vits16,brset_to_mbrset,brset,mbrset,age65,1,9,0.6535574024119327,0.6510358814662012,0.875133886067915,0.1,1287,1284,source-training-image-standardised-patient-mean-coordinates
vits16,brset_to_mbrset,brset,mbrset,age65,1,10,0.6565128133925737,0.6510358814662012,0.875133886067915,0.1,1287,1284,source-training-image-standardised-patient-mean-coordinates
vits16,mbrset_to_brset,mbrset,brset,sex,1,0,0.5629569151451137,0.5629569151451137,0.7629102522155266,0.1,8524,8505,source-training-image-standardised-patient-mean-coordinates
vits16,mbrset_to_brset,mbrset,brset,sex,1,1,0.5626486877670078,0.5629569151451137,0.7629102522155266,0.1,8524,8505,source-training-image-standardised-patient-mean-coordinates
vits16,mbrset_to_brset,mbrset,brset,sex,1,2,0.5625439616372142,0.5629569151451137,0.7629102522155266,0.1,8524,8505,source-training-image-standardised-patient-mean-coordinates
vits16,mbrset_to_brset,mbrset,brset,sex,1,3,0.5624183486247096,0.5629569151451137,0.7629102522155266,0.1,8524,8505,source-training-image-standardised-patient-mean-coordinates
vits16,mbrset_to_brset,mbrset,brset,sex,1,4,0.5617763395259635,0.5629569151451137,0.7629102522155266,0.1,8524,8505,source-training-image-standardised-patient-mean-coordinates
vits16,mbrset_to_brset,mbrset,brset,sex,1,5,0.5615628032390305,0.5629569151451137,0.7629102522155266,0.1,8524,8505,source-training-image-standardised-patient-mean-coordinates
vits16,mbrset_to_brset,mbrset,brset,sex,1,6,0.5613746462648886,0.5629569151451137,0.7629102522155266,0.1,8524,8505,source-training-image-standardised-patient-mean-coordinates
vits16,mbrset_to_brset,mbrset,brset,sex,1,7,0.5605785526487135,0.5629569151451137,0.7629102522155266,0.1,8524,8505,source-training-image-standardised-patient-mean-coordinates
vits16,mbrset_to_brset,mbrset,brset,sex,1,8,0.5606212599061,0.5629569151451137,0.7629102522155266,0.1,8524,8505,source-training-image-standardised-patient-mean-coordinates
vits16,mbrset_to_brset,mbrset,brset,sex,1,9,0.5605141417031467,0.5629569151451137,0.7629102522155266,0.1,8524,8505,source-training-image-standardised-patient-mean-coordinates
vits16,mbrset_to_brset,mbrset,brset,sex,1,10,0.5600284925084937,0.5629569151451137,0.7629102522155266,0.1,8524,8505,source-training-image-standardised-patient-mean-coordinates
vits16,mbrset_to_brset,mbrset,brset,age65,1,0,0.622990223238467,0.622990223238467,0.9124440766759425,0.01,8524,5649,source-training-image-standardised-patient-mean-coordinates
vits16,mbrset_to_brset,mbrset,brset,age65,1,1,0.6290846768024676,0.622990223238467,0.9124440766759425,0.01,8524,5649,source-training-image-standardised-patient-mean-coordinates
vits16,mbrset_to_brset,mbrset,brset,age65,1,2,0.6294577143176114,0.622990223238467,0.9124440766759425,0.01,8524,5649,source-training-image-standardised-patient-mean-coordinates
vits16,mbrset_to_brset,mbrset,brset,age65,1,3,0.6269064064767684,0.622990223238467,0.9124440766759425,0.01,8524,5649,source-training-image-standardised-patient-mean-coordinates
vits16,mbrset_to_brset,mbrset,brset,age65,1,4,0.6268624741057438,0.622990223238467,0.9124440766759425,0.01,8524,5649,source-training-image-standardised-patient-mean-coordinates
vits16,mbrset_to_brset,mbrset,brset,age65,1,5,0.6279162049460614,0.622990223238467,0.9124440766759425,0.01,8524,5649,source-training-image-standardised-patient-mean-coordinates
vits16,mbrset_to_brset,mbrset,brset,age65,1,6,0.6265840204011595,0.622990223238467,0.9124440766759425,0.01,8524,5649,source-training-image-standardised-patient-mean-coordinates
vits16,mbrset_to_brset,mbrset,brset,age65,1,7,0.6269171311438129,0.622990223238467,0.9124440766759425,0.01,8524,5649,source-training-image-standardised-patient-mean-coordinates
vits16,mbrset_to_brset,mbrset,brset,age65,1,8,0.6258621081749356,0.622990223238467,0.9124440766759425,0.01,8524,5649,source-training-image-standardised-patient-mean-coordinates
vits16,mbrset_to_brset,mbrset,brset,age65,1,9,0.6272529553564414,0.622990223238467,0.9124440766759425,0.01,8524,5649,source-training-image-standardised-patient-mean-coordinates
vits16,mbrset_to_brset,mbrset,brset,age65,1,10,0.6276557118284549,0.622990223238467,0.9124440766759425,0.01,8524,5649,source-training-image-standardised-patient-mean-coordinates
vits16,brset_to_mbrset,brset,mbrset,sex,2,0,0.6224784857360031,0.6224784857360031,0.7394209354120267,0.1,1287,1287,source-training-image-standardised-patient-mean-coordinates
vits16,brset_to_mbrset,brset,mbrset,sex,2,1,0.6229276408460063,0.6224784857360031,0.7394209354120267,0.1,1287,1287,source-training-image-standardised-patient-mean-coordinates
vits16,brset_to_mbrset,brset,mbrset,sex,2,2,0.6208625904290096,0.6224784857360031,0.7394209354120267,0.1,1287,1287,source-training-image-standardised-patient-mean-coordinates
vits16,brset_to_mbrset,brset,mbrset,sex,2,3,0.613713316784581,0.6224784857360031,0.7394209354120267,0.1,1287,1287,source-training-image-standardised-patient-mean-coordinates
vits16,brset_to_mbrset,brset,mbrset,sex,2,4,0.6073826216838267,0.6224784857360031,0.7394209354120267,0.1,1287,1287,source-training-image-standardised-patient-mean-coordinates
vits16,brset_to_mbrset,brset,mbrset,sex,2,5,0.609886196320649,0.6224784857360031,0.7394209354120267,0.1,1287,1287,source-training-image-standardised-patient-mean-coordinates
vits16,brset_to_mbrset,brset,mbrset,sex,2,6,0.6115711924137968,0.6224784857360031,0.7394209354120267,0.1,1287,1287,source-training-image-standardised-patient-mean-coordinates
vits16,brset_to_mbrset,brset,mbrset,sex,2,7,0.6111698763095927,0.6224784857360031,0.7394209354120267,0.1,1287,1287,source-training-image-standardised-patient-mean-coordinates
vits16,brset_to_mbrset,brset,mbrset,sex,2,8,0.6114755144021984,0.6224784857360031,0.7394209354120267,0.1,1287,1287,source-training-image-standardised-patient-mean-coordinates
vits16,brset_to_mbrset,brset,mbrset,sex,2,9,0.6112735274888242,0.6224784857360031,0.7394209354120267,0.1,1287,1287,source-training-image-standardised-patient-mean-coordinates
vits16,brset_to_mbrset,brset,mbrset,sex,2,10,0.6112735274888242,0.6224784857360031,0.7394209354120267,0.1,1287,1287,source-training-image-standardised-patient-mean-coordinates
vits16,brset_to_mbrset,brset,mbrset,age65,2,0,0.6036898008568707,0.6036898008568707,0.8607411337670582,1.0,1287,1284,source-training-image-standardised-patient-mean-coordinates
vits16,brset_to_mbrset,brset,mbrset,age65,2,1,0.6193891820057125,0.6036898008568707,0.8607411337670582,1.0,1287,1284,source-training-image-standardised-patient-mean-coordinates
vits16,brset_to_mbrset,brset,mbrset,age65,2,2,0.6195652173913042,0.6036898008568707,0.8607411337670582,1.0,1287,1284,source-training-image-standardised-patient-mean-coordinates
vits16,brset_to_mbrset,brset,mbrset,age65,2,3,0.6195652173913042,0.6036898008568707,0.8607411337670582,1.0,1287,1284,source-training-image-standardised-patient-mean-coordinates
vits16,brset_to_mbrset,brset,mbrset,age65,2,4,0.6195652173913042,0.6036898008568707,0.8607411337670582,1.0,1287,1284,source-training-image-standardised-patient-mean-coordinates
vits16,brset_to_mbrset,brset,mbrset,age65,2,5,0.6195652173913042,0.6036898008568707,0.8607411337670582,1.0,1287,1284,source-training-image-standardised-patient-mean-coordinates
vits16,brset_to_mbrset,brset,mbrset,age65,2,6,0.6195652173913042,0.6036898008568707,0.8607411337670582,1.0,1287,1284,source-training-image-standardised-patient-mean-coordinates
vits16,brset_to_mbrset,brset,mbrset,age65,2,7,0.6195652173913042,0.6036898008568707,0.8607411337670582,1.0,1287,1284,source-training-image-standardised-patient-mean-coordinates
vits16,brset_to_mbrset,brset,mbrset,age65,2,8,0.6195652173913042,0.6036898008568707,0.8607411337670582,1.0,1287,1284,source-training-image-standardised-patient-mean-coordinates
vits16,brset_to_mbrset,brset,mbrset,age65,2,9,0.6195652173913042,0.6036898008568707,0.8607411337670582,1.0,1287,1284,source-training-image-standardised-patient-mean-coordinates
vits16,brset_to_mbrset,brset,mbrset,age65,2,10,0.6195652173913042,0.6036898008568707,0.8607411337670582,1.0,1287,1284,source-training-image-standardised-patient-mean-coordinates
vits16,mbrset_to_brset,mbrset,brset,sex,2,0,0.6091600999396498,0.6091600999396498,0.7628415238696229,0.1,8524,8505,source-training-image-standardised-patient-mean-coordinates
vits16,mbrset_to_brset,mbrset,brset,sex,2,1,0.6079399675984939,0.6091600999396498,0.7628415238696229,0.1,8524,8505,source-training-image-standardised-patient-mean-coordinates
vits16,mbrset_to_brset,mbrset,brset,sex,2,2,0.6075633619339713,0.6091600999396498,0.7628415238696229,0.1,8524,8505,source-training-image-standardised-patient-mean-coordinates
vits16,mbrset_to_brset,mbrset,brset,sex,2,3,0.607695509390229,0.6091600999396498,0.7628415238696229,0.1,8524,8505,source-training-image-standardised-patient-mean-coordinates
vits16,mbrset_to_brset,mbrset,brset,sex,2,4,0.6080832002718328,0.6091600999396498,0.7628415238696229,0.1,8524,8505,source-training-image-standardised-patient-mean-coordinates
vits16,mbrset_to_brset,mbrset,brset,sex,2,5,0.6077798153832941,0.6091600999396498,0.7628415238696229,0.1,8524,8505,source-training-image-standardised-patient-mean-coordinates
vits16,mbrset_to_brset,mbrset,brset,sex,2,6,0.6082534458689014,0.6091600999396498,0.7628415238696229,0.1,8524,8505,source-training-image-standardised-patient-mean-coordinates
vits16,mbrset_to_brset,mbrset,brset,sex,2,7,0.6082951029478276,0.6091600999396498,0.7628415238696229,0.1,8524,8505,source-training-image-standardised-patient-mean-coordinates
vits16,mbrset_to_brset,mbrset,brset,sex,2,8,0.6082877516986052,0.6091600999396498,0.7628415238696229,0.1,8524,8505,source-training-image-standardised-patient-mean-coordinates
vits16,mbrset_to_brset,mbrset,brset,sex,2,9,0.6084779506864201,0.6091600999396498,0.7628415238696229,0.1,8524,8505,source-training-image-standardised-patient-mean-coordinates
vits16,mbrset_to_brset,mbrset,brset,sex,2,10,0.6085368773666938,0.6091600999396498,0.7628415238696229,0.1,8524,8505,source-training-image-standardised-patient-mean-coordinates
vits16,mbrset_to_brset,mbrset,brset,age65,2,0,0.6633113533651163,0.6633113533651163,0.9152802988641673,0.1,8524,5649,source-training-image-standardised-patient-mean-coordinates
vits16,mbrset_to_brset,mbrset,brset,age65,2,1,0.6700410173289945,0.6633113533651163,0.9152802988641673,0.1,8524,5649,source-training-image-standardised-patient-mean-coordinates
vits16,mbrset_to_brset,mbrset,brset,age65,2,2,0.6725065278334829,0.6633113533651163,0.9152802988641673,0.1,8524,5649,source-training-image-standardised-patient-mean-coordinates
vits16,mbrset_to_brset,mbrset,brset,age65,2,3,0.6757968039975357,0.6633113533651163,0.9152802988641673,0.1,8524,5649,source-training-image-standardised-patient-mean-coordinates
vits16,mbrset_to_brset,mbrset,brset,age65,2,4,0.6775718009997974,0.6633113533651163,0.9152802988641673,0.1,8524,5649,source-training-image-standardised-patient-mean-coordinates
vits16,mbrset_to_brset,mbrset,brset,age65,2,5,0.6792243042146133,0.6633113533651163,0.9152802988641673,0.1,8524,5649,source-training-image-standardised-patient-mean-coordinates
vits16,mbrset_to_brset,mbrset,brset,age65,2,6,0.6805590730166342,0.6633113533651163,0.9152802988641673,0.1,8524,5649,source-training-image-standardised-patient-mean-coordinates
vits16,mbrset_to_brset,mbrset,brset,age65,2,7,0.6801625187617066,0.6633113533651163,0.9152802988641673,0.1,8524,5649,source-training-image-standardised-patient-mean-coordinates
vits16,mbrset_to_brset,mbrset,brset,age65,2,8,0.6796141394010312,0.6633113533651163,0.9152802988641673,0.1,8524,5649,source-training-image-standardised-patient-mean-coordinates
vits16,mbrset_to_brset,mbrset,brset,age65,2,9,0.6808098751700441,0.6633113533651163,0.9152802988641673,0.1,8524,5649,source-training-image-standardised-patient-mean-coordinates
vits16,mbrset_to_brset,mbrset,brset,age65,2,10,0.6811441488284011,0.6633113533651163,0.9152802988641673,0.1,8524,5649,source-training-image-standardised-patient-mean-coordinates
vits16,brset_to_mbrset,brset,mbrset,sex,3,0,0.6549744592863482,0.6549744592863482,0.7424746586155392,0.1,1287,1287,source-training-image-standardised-patient-mean-coordinates
vits16,brset_to_mbrset,brset,mbrset,sex,3,1,0.6475381516071248,0.6549744592863482,0.7424746586155392,0.1,1287,1287,source-training-image-standardised-patient-mean-coordinates
vits16,brset_to_mbrset,brset,mbrset,sex,3,2,0.6412420068994478,0.6549744592863482,0.7424746586155392,0.1,1287,1287,source-training-image-standardised-patient-mean-coordinates
vits16,brset_to_mbrset,brset,mbrset,sex,3,3,0.636968389048057,0.6549744592863482,0.7424746586155392,0.1,1287,1287,source-training-image-standardised-patient-mean-coordinates
vits16,brset_to_mbrset,brset,mbrset,sex,3,4,0.6358441724117768,0.6549744592863482,0.7424746586155392,0.1,1287,1287,source-training-image-standardised-patient-mean-coordinates
vits16,brset_to_mbrset,brset,mbrset,sex,3,5,0.6367982948052154,0.6549744592863482,0.7424746586155392,0.1,1287,1287,source-training-image-standardised-patient-mean-coordinates
vits16,brset_to_mbrset,brset,mbrset,sex,3,6,0.6340741291972083,0.6549744592863482,0.7424746586155392,0.1,1287,1287,source-training-image-standardised-patient-mean-coordinates
vits16,brset_to_mbrset,brset,mbrset,sex,3,7,0.633255550653534,0.6549744592863482,0.7424746586155392,0.1,1287,1287,source-training-image-standardised-patient-mean-coordinates
vits16,brset_to_mbrset,brset,mbrset,sex,3,8,0.6323891331040604,0.6549744592863482,0.7424746586155392,0.1,1287,1287,source-training-image-standardised-patient-mean-coordinates
vits16,brset_to_mbrset,brset,mbrset,sex,3,9,0.6319399779940573,0.6549744592863482,0.7424746586155392,0.1,1287,1287,source-training-image-standardised-patient-mean-coordinates
vits16,brset_to_mbrset,brset,mbrset,sex,3,10,0.6296064976000766,0.6549744592863482,0.7424746586155392,0.1,1287,1287,source-training-image-standardised-patient-mean-coordinates
vits16,brset_to_mbrset,brset,mbrset,age65,3,0,0.635219969850841,0.635219969850841,0.8738346953348143,0.1,1287,1284,source-training-image-standardised-patient-mean-coordinates
vits16,brset_to_mbrset,brset,mbrset,age65,3,1,0.6419043557600761,0.635219969850841,0.8738346953348143,0.1,1287,1284,source-training-image-standardised-patient-mean-coordinates
vits16,brset_to_mbrset,brset,mbrset,age65,3,2,0.6418820414154236,0.635219969850841,0.8738346953348143,0.1,1287,1284,source-training-image-standardised-patient-mean-coordinates
vits16,brset_to_mbrset,brset,mbrset,age65,3,3,0.6386142296096478,0.635219969850841,0.8738346953348143,0.1,1287,1284,source-training-image-standardised-patient-mean-coordinates
vits16,brset_to_mbrset,brset,mbrset,age65,3,4,0.6415076562995874,0.635219969850841,0.8738346953348143,0.1,1287,1284,source-training-image-standardised-patient-mean-coordinates
vits16,brset_to_mbrset,brset,mbrset,age65,3,5,0.6413539352586479,0.635219969850841,0.8738346953348143,0.1,1287,1284,source-training-image-standardised-patient-mean-coordinates
vits16,brset_to_mbrset,brset,mbrset,age65,3,6,0.6420605561726436,0.635219969850841,0.8738346953348143,0.1,1287,1284,source-training-image-standardised-patient-mean-coordinates
vits16,brset_to_mbrset,brset,mbrset,age65,3,7,0.6420605561726436,0.635219969850841,0.8738346953348143,0.1,1287,1284,source-training-image-standardised-patient-mean-coordinates
vits16,brset_to_mbrset,brset,mbrset,age65,3,8,0.6420605561726436,0.635219969850841,0.8738346953348143,0.1,1287,1284,source-training-image-standardised-patient-mean-coordinates
vits16,brset_to_mbrset,brset,mbrset,age65,3,9,0.6420605561726436,0.635219969850841,0.8738346953348143,0.1,1287,1284,source-training-image-standardised-patient-mean-coordinates
vits16,brset_to_mbrset,brset,mbrset,age65,3,10,0.6420605561726436,0.635219969850841,0.8738346953348143,0.1,1287,1284,source-training-image-standardised-patient-mean-coordinates
vits16,mbrset_to_brset,mbrset,brset,sex,3,0,0.6065326117751609,0.6065326117751609,0.7598478151387192,1.0,8524,8505,source-training-image-standardised-patient-mean-coordinates
vits16,mbrset_to_brset,mbrset,brset,sex,3,1,0.607265577997221,0.6065326117751609,0.7598478151387192,1.0,8524,8505,source-training-image-standardised-patient-mean-coordinates
vits16,mbrset_to_brset,mbrset,brset,sex,3,2,0.6068652266308454,0.6065326117751609,0.7598478151387192,1.0,8524,8505,source-training-image-standardised-patient-mean-coordinates
vits16,mbrset_to_brset,mbrset,brset,sex,3,3,0.6070018081739357,0.6065326117751609,0.7598478151387192,1.0,8524,8505,source-training-image-standardised-patient-mean-coordinates
vits16,mbrset_to_brset,mbrset,brset,sex,3,4,0.6072820891363473,0.6065326117751609,0.7598478151387192,1.0,8524,8505,source-training-image-standardised-patient-mean-coordinates
vits16,mbrset_to_brset,mbrset,brset,sex,3,5,0.6071920071617504,0.6065326117751609,0.7598478151387192,1.0,8524,8505,source-training-image-standardised-patient-mean-coordinates
vits16,mbrset_to_brset,mbrset,brset,sex,3,6,0.6074243299744737,0.6065326117751609,0.7598478151387192,1.0,8524,8505,source-training-image-standardised-patient-mean-coordinates
vits16,mbrset_to_brset,mbrset,brset,sex,3,7,0.6077967932684027,0.6065326117751609,0.7598478151387192,1.0,8524,8505,source-training-image-standardised-patient-mean-coordinates
vits16,mbrset_to_brset,mbrset,brset,sex,3,8,0.6077888002434547,0.6065326117751609,0.7598478151387192,1.0,8524,8505,source-training-image-standardised-patient-mean-coordinates
vits16,mbrset_to_brset,mbrset,brset,sex,3,9,0.607286698252923,0.6065326117751609,0.7598478151387192,1.0,8524,8505,source-training-image-standardised-patient-mean-coordinates
vits16,mbrset_to_brset,mbrset,brset,sex,3,10,0.6070441070285877,0.6065326117751609,0.7598478151387192,1.0,8524,8505,source-training-image-standardised-patient-mean-coordinates
vits16,mbrset_to_brset,mbrset,brset,age65,3,0,0.6939416485079533,0.6939416485079533,0.9125803962389755,0.01,8524,5649,source-training-image-standardised-patient-mean-coordinates
vits16,mbrset_to_brset,mbrset,brset,age65,3,1,0.7003583589347072,0.6939416485079533,0.9125803962389755,0.01,8524,5649,source-training-image-standardised-patient-mean-coordinates
vits16,mbrset_to_brset,mbrset,brset,age65,3,2,0.7028365322990792,0.6939416485079533,0.9125803962389755,0.01,8524,5649,source-training-image-standardised-patient-mean-coordinates
vits16,mbrset_to_brset,mbrset,brset,age65,3,3,0.7033309006859652,0.6939416485079533,0.9125803962389755,0.01,8524,5649,source-training-image-standardised-patient-mean-coordinates
vits16,mbrset_to_brset,mbrset,brset,age65,3,4,0.705812304371736,0.6939416485079533,0.9125803962389755,0.01,8524,5649,source-training-image-standardised-patient-mean-coordinates
vits16,mbrset_to_brset,mbrset,brset,age65,3,5,0.7075153298132305,0.6939416485079533,0.9125803962389755,0.01,8524,5649,source-training-image-standardised-patient-mean-coordinates
vits16,mbrset_to_brset,mbrset,brset,age65,3,6,0.7114078670988923,0.6939416485079533,0.9125803962389755,0.01,8524,5649,source-training-image-standardised-patient-mean-coordinates
vits16,mbrset_to_brset,mbrset,brset,age65,3,7,0.7128242984258774,0.6939416485079533,0.9125803962389755,0.01,8524,5649,source-training-image-standardised-patient-mean-coordinates
vits16,mbrset_to_brset,mbrset,brset,age65,3,8,0.7152927808260526,0.6939416485079533,0.9125803962389755,0.01,8524,5649,source-training-image-standardised-patient-mean-coordinates
vits16,mbrset_to_brset,mbrset,brset,age65,3,9,0.7161406755868331,0.6939416485079533,0.9125803962389755,0.01,8524,5649,source-training-image-standardised-patient-mean-coordinates
vits16,mbrset_to_brset,mbrset,brset,age65,3,10,0.715989496545365,0.6939416485079533,0.9125803962389755,0.01,8524,5649,source-training-image-standardised-patient-mean-coordinates
vits16,brset_to_mbrset,brset,mbrset,sex,4,0,0.6482052399657685,0.6482052399657685,0.7430832770782061,0.1,1287,1287,source-training-image-standardised-patient-mean-coordinates
vits16,brset_to_mbrset,brset,mbrset,sex,4,1,0.6416300343909297,0.6482052399657685,0.7430832770782061,0.1,1287,1287,source-training-image-standardised-patient-mean-coordinates
vits16,brset_to_mbrset,brset,mbrset,sex,4,2,0.6270949497956211,0.6482052399657685,0.7430832770782061,0.1,1287,1287,source-training-image-standardised-patient-mean-coordinates
vits16,brset_to_mbrset,brset,mbrset,sex,4,3,0.6233050374473106,0.6482052399657685,0.7430832770782061,0.1,1287,1287,source-training-image-standardised-patient-mean-coordinates
vits16,brset_to_mbrset,brset,mbrset,sex,4,4,0.6190686277115415,0.6482052399657685,0.7430832770782061,0.1,1287,1287,source-training-image-standardised-patient-mean-coordinates
vits16,brset_to_mbrset,brset,mbrset,sex,4,5,0.6209556107180634,0.6482052399657685,0.7430832770782061,0.1,1287,1287,source-training-image-standardised-patient-mean-coordinates
vits16,brset_to_mbrset,brset,mbrset,sex,4,6,0.6209556107180634,0.6482052399657685,0.7430832770782061,0.1,1287,1287,source-training-image-standardised-patient-mean-coordinates
vits16,brset_to_mbrset,brset,mbrset,sex,4,7,0.6209556107180634,0.6482052399657685,0.7430832770782061,0.1,1287,1287,source-training-image-standardised-patient-mean-coordinates
vits16,brset_to_mbrset,brset,mbrset,sex,4,8,0.6209556107180634,0.6482052399657685,0.7430832770782061,0.1,1287,1287,source-training-image-standardised-patient-mean-coordinates
vits16,brset_to_mbrset,brset,mbrset,sex,4,9,0.6209556107180634,0.6482052399657685,0.7430832770782061,0.1,1287,1287,source-training-image-standardised-patient-mean-coordinates
vits16,brset_to_mbrset,brset,mbrset,sex,4,10,0.6209556107180634,0.6482052399657685,0.7430832770782061,0.1,1287,1287,source-training-image-standardised-patient-mean-coordinates
vits16,brset_to_mbrset,brset,mbrset,age65,4,0,0.6581814304982545,0.6581814304982545,0.8683627221516981,0.1,1287,1284,source-training-image-standardised-patient-mean-coordinates
vits16,brset_to_mbrset,brset,mbrset,age65,4,1,0.6575715050777531,0.6581814304982545,0.8683627221516981,0.1,1287,1284,source-training-image-standardised-patient-mean-coordinates
vits16,brset_to_mbrset,brset,mbrset,age65,4,2,0.6564607465883846,0.6581814304982545,0.8683627221516981,0.1,1287,1284,source-training-image-standardised-patient-mean-coordinates
vits16,brset_to_mbrset,brset,mbrset,age65,4,3,0.654980561726436,0.6581814304982545,0.8683627221516981,0.1,1287,1284,source-training-image-standardised-patient-mean-coordinates
vits16,brset_to_mbrset,brset,mbrset,age65,4,4,0.6533392177086639,0.6581814304982545,0.8683627221516981,0.1,1287,1284,source-training-image-standardised-patient-mean-coordinates
vits16,brset_to_mbrset,brset,mbrset,age65,4,5,0.6565004165344335,0.6581814304982545,0.8683627221516981,0.1,1287,1284,source-training-image-standardised-patient-mean-coordinates
vits16,brset_to_mbrset,brset,mbrset,age65,4,6,0.6578987821326563,0.6581814304982545,0.8683627221516981,0.1,1287,1284,source-training-image-standardised-patient-mean-coordinates
vits16,brset_to_mbrset,brset,mbrset,age65,4,7,0.6597434346239289,0.6581814304982545,0.8683627221516981,0.1,1287,1284,source-training-image-standardised-patient-mean-coordinates
vits16,brset_to_mbrset,brset,mbrset,age65,4,8,0.66034096318629,0.6581814304982545,0.8683627221516981,0.1,1287,1284,source-training-image-standardised-patient-mean-coordinates
vits16,brset_to_mbrset,brset,mbrset,age65,4,9,0.660288896382101,0.6581814304982545,0.8683627221516981,0.1,1287,1284,source-training-image-standardised-patient-mean-coordinates
vits16,brset_to_mbrset,brset,mbrset,age65,4,10,0.6600384798476675,0.6581814304982545,0.8683627221516981,0.1,1287,1284,source-training-image-standardised-patient-mean-coordinates
vits16,mbrset_to_brset,mbrset,brset,sex,4,0,0.6194438558259,0.6194438558259,0.7635304992828448,0.1,8524,8505,source-training-image-standardised-patient-mean-coordinates
vits16,mbrset_to_brset,mbrset,brset,sex,4,1,0.6192991062281183,0.6194438558259,0.7635304992828448,0.1,8524,8505,source-training-image-standardised-patient-mean-coordinates
vits16,mbrset_to_brset,mbrset,brset,sex,4,2,0.6199488749788215,0.6194438558259,0.7635304992828448,0.1,8524,8505,source-training-image-standardised-patient-mean-coordinates
vits16,mbrset_to_brset,mbrset,brset,sex,4,3,0.620356344221428,0.6194438558259,0.7635304992828448,0.1,8524,8505,source-training-image-standardised-patient-mean-coordinates
vits16,mbrset_to_brset,mbrset,brset,sex,4,4,0.6211775837774032,0.6194438558259,0.7635304992828448,0.1,8524,8505,source-training-image-standardised-patient-mean-coordinates
vits16,mbrset_to_brset,mbrset,brset,sex,4,5,0.6221435729311601,0.6194438558259,0.7635304992828448,0.1,8524,8505,source-training-image-standardised-patient-mean-coordinates
vits16,mbrset_to_brset,mbrset,brset,sex,4,6,0.6216420543731065,0.6194438558259,0.7635304992828448,0.1,8524,8505,source-training-image-standardised-patient-mean-coordinates
vits16,mbrset_to_brset,mbrset,brset,sex,4,7,0.6217620664338226,0.6194438558259,0.7635304992828448,0.1,8524,8505,source-training-image-standardised-patient-mean-coordinates
vits16,mbrset_to_brset,mbrset,brset,sex,4,8,0.6220113671316545,0.6194438558259,0.7635304992828448,0.1,8524,8505,source-training-image-standardised-patient-mean-coordinates
vits16,mbrset_to_brset,mbrset,brset,sex,4,9,0.6220158595617349,0.6194438558259,0.7635304992828448,0.1,8524,8505,source-training-image-standardised-patient-mean-coordinates
vits16,mbrset_to_brset,mbrset,brset,sex,4,10,0.6220432808881989,0.6194438558259,0.7635304992828448,0.1,8524,8505,source-training-image-standardised-patient-mean-coordinates
vits16,mbrset_to_brset,mbrset,brset,age65,4,0,0.7006636889133302,0.7006636889133302,0.9157294427514688,0.1,8524,5649,source-training-image-standardised-patient-mean-coordinates
vits16,mbrset_to_brset,mbrset,brset,age65,4,1,0.7058771692254258,0.7006636889133302,0.9157294427514688,0.1,8524,5649,source-training-image-standardised-patient-mean-coordinates
vits16,mbrset_to_brset,mbrset,brset,age65,4,2,0.7092927818597555,0.7006636889133302,0.9157294427514688,0.1,8524,5649,source-training-image-standardised-patient-mean-coordinates
vits16,mbrset_to_brset,mbrset,brset,age65,4,3,0.7110611890063636,0.7006636889133302,0.9157294427514688,0.1,8524,5649,source-training-image-standardised-patient-mean-coordinates
vits16,mbrset_to_brset,mbrset,brset,age65,4,4,0.713415834880442,0.7006636889133302,0.9157294427514688,0.1,8524,5649,source-training-image-standardised-patient-mean-coordinates
vits16,mbrset_to_brset,mbrset,brset,age65,4,5,0.7146888399373164,0.7006636889133302,0.9157294427514688,0.1,8524,5649,source-training-image-standardised-patient-mean-coordinates
vits16,mbrset_to_brset,mbrset,brset,age65,4,6,0.7144186558555132,0.7006636889133302,0.9157294427514688,0.1,8524,5649,source-training-image-standardised-patient-mean-coordinates
vits16,mbrset_to_brset,mbrset,brset,age65,4,7,0.7130484827309601,0.7006636889133302,0.9157294427514688,0.1,8524,5649,source-training-image-standardised-patient-mean-coordinates
vits16,mbrset_to_brset,mbrset,brset,age65,4,8,0.7138427541565191,0.7006636889133302,0.9157294427514688,0.1,8524,5649,source-training-image-standardised-patient-mean-coordinates
vits16,mbrset_to_brset,mbrset,brset,age65,4,9,0.7140900675628181,0.7006636889133302,0.9157294427514688,0.1,8524,5649,source-training-image-standardised-patient-mean-coordinates
vits16,mbrset_to_brset,mbrset,brset,age65,4,10,0.7143367349048373,0.7006636889133302,0.9157294427514688,0.1,8524,5649,source-training-image-standardised-patient-mean-coordinates
convnext_tiny,brset_to_mbrset,brset,mbrset,sex,0,0,0.5319033014229447,0.5319033014229447,0.7244526420419815,0.1,1287,1287,source-training-image-standardised-patient-mean-coordinates
convnext_tiny,brset_to_mbrset,brset,mbrset,sex,0,1,0.5274702202188901,0.5319033014229447,0.7244526420419815,0.1,1287,1287,source-training-image-standardised-patient-mean-coordinates
convnext_tiny,brset_to_mbrset,brset,mbrset,sex,0,2,0.5236005761942476,0.5319033014229447,0.7244526420419815,0.1,1287,1287,source-training-image-standardised-patient-mean-coordinates
convnext_tiny,brset_to_mbrset,brset,mbrset,sex,0,3,0.519582099707119,0.5319033014229447,0.7244526420419815,0.1,1287,1287,source-training-image-standardised-patient-mean-coordinates
convnext_tiny,brset_to_mbrset,brset,mbrset,sex,0,4,0.5186731585969351,0.5319033014229447,0.7244526420419815,0.1,1287,1287,source-training-image-standardised-patient-mean-coordinates
convnext_tiny,brset_to_mbrset,brset,mbrset,sex,0,5,0.5154174484800484,0.5319033014229447,0.7244526420419815,0.1,1287,1287,source-training-image-standardised-patient-mean-coordinates
convnext_tiny,brset_to_mbrset,brset,mbrset,sex,0,6,0.5132620354965423,0.5319033014229447,0.7244526420419815,0.1,1287,1287,source-training-image-standardised-patient-mean-coordinates
convnext_tiny,brset_to_mbrset,brset,mbrset,sex,0,7,0.5115796971259388,0.5319033014229447,0.7244526420419815,0.1,1287,1287,source-training-image-standardised-patient-mean-coordinates
convnext_tiny,brset_to_mbrset,brset,mbrset,sex,0,8,0.5141284530460158,0.5319033014229447,0.7244526420419815,0.1,1287,1287,source-training-image-standardised-patient-mean-coordinates
convnext_tiny,brset_to_mbrset,brset,mbrset,sex,0,9,0.5123212017158256,0.5319033014229447,0.7244526420419815,0.1,1287,1287,source-training-image-standardised-patient-mean-coordinates
convnext_tiny,brset_to_mbrset,brset,mbrset,sex,0,10,0.5119969595654091,0.5319033014229447,0.7244526420419815,0.1,1287,1287,source-training-image-standardised-patient-mean-coordinates
convnext_tiny,brset_to_mbrset,brset,mbrset,age65,0,0,0.570404236750238,0.570404236750238,0.8548551055220565,0.1,1287,1284,source-training-image-standardised-patient-mean-coordinates
convnext_tiny,brset_to_mbrset,brset,mbrset,age65,0,1,0.5736199817518248,0.570404236750238,0.8548551055220565,0.1,1287,1284,source-training-image-standardised-patient-mean-coordinates
convnext_tiny,brset_to_mbrset,brset,mbrset,age65,0,2,0.5737563471913678,0.570404236750238,0.8548551055220565,0.1,1287,1284,source-training-image-standardised-patient-mean-coordinates
convnext_tiny,brset_to_mbrset,brset,mbrset,age65,0,3,0.5734538638527451,0.570404236750238,0.8548551055220565,0.1,1287,1284,source-training-image-standardised-patient-mean-coordinates
convnext_tiny,brset_to_mbrset,brset,mbrset,age65,0,4,0.5749861155188829,0.570404236750238,0.8548551055220565,0.1,1287,1284,source-training-image-standardised-patient-mean-coordinates
convnext_tiny,brset_to_mbrset,brset,mbrset,age65,0,5,0.5756183552840368,0.570404236750238,0.8548551055220565,0.1,1287,1284,source-training-image-standardised-patient-mean-coordinates
convnext_tiny,brset_to_mbrset,brset,mbrset,age65,0,6,0.5753679387496033,0.570404236750238,0.8548551055220565,0.1,1287,1284,source-training-image-standardised-patient-mean-coordinates
convnext_tiny,brset_to_mbrset,brset,mbrset,age65,0,7,0.5753679387496033,0.570404236750238,0.8548551055220565,0.1,1287,1284,source-training-image-standardised-patient-mean-coordinates
convnext_tiny,brset_to_mbrset,brset,mbrset,age65,0,8,0.5753679387496033,0.570404236750238,0.8548551055220565,0.1,1287,1284,source-training-image-standardised-patient-mean-coordinates
convnext_tiny,brset_to_mbrset,brset,mbrset,age65,0,9,0.5753679387496033,0.570404236750238,0.8548551055220565,0.1,1287,1284,source-training-image-standardised-patient-mean-coordinates
convnext_tiny,brset_to_mbrset,brset,mbrset,age65,0,10,0.5753679387496033,0.570404236750238,0.8548551055220565,0.1,1287,1284,source-training-image-standardised-patient-mean-coordinates
convnext_tiny,mbrset_to_brset,mbrset,brset,sex,0,0,0.5562948747090423,0.5562948747090423,0.739486605090425,0.1,8524,8505,source-training-image-standardised-patient-mean-coordinates
convnext_tiny,mbrset_to_brset,mbrset,brset,sex,0,1,0.5562104520294815,0.5562948747090423,0.739486605090425,0.1,8524,8505,source-training-image-standardised-patient-mean-coordinates
convnext_tiny,mbrset_to_brset,mbrset,brset,sex,0,2,0.5554184424406521,0.5562948747090423,0.739486605090425,0.1,8524,8505,source-training-image-standardised-patient-mean-coordinates
convnext_tiny,mbrset_to_brset,mbrset,brset,sex,0,3,0.5549064804412429,0.5562948747090423,0.739486605090425,0.1,8524,8505,source-training-image-standardised-patient-mean-coordinates
convnext_tiny,mbrset_to_brset,mbrset,brset,sex,0,4,0.5542056030054708,0.5562948747090423,0.739486605090425,0.1,8524,8505,source-training-image-standardised-patient-mean-coordinates
convnext_tiny,mbrset_to_brset,mbrset,brset,sex,0,5,0.5533365219863029,0.5562948747090423,0.739486605090425,0.1,8524,8505,source-training-image-standardised-patient-mean-coordinates
convnext_tiny,mbrset_to_brset,mbrset,brset,sex,0,6,0.5531244442805647,0.5562948747090423,0.739486605090425,0.1,8524,8505,source-training-image-standardised-patient-mean-coordinates
convnext_tiny,mbrset_to_brset,mbrset,brset,sex,0,7,0.5527855283541183,0.5562948747090423,0.739486605090425,0.1,8524,8505,source-training-image-standardised-patient-mean-coordinates
convnext_tiny,mbrset_to_brset,mbrset,brset,sex,0,8,0.5522732746384702,0.5562948747090423,0.739486605090425,0.1,8524,8505,source-training-image-standardised-patient-mean-coordinates
convnext_tiny,mbrset_to_brset,mbrset,brset,sex,0,9,0.5519793996993222,0.5562948747090423,0.739486605090425,0.1,8524,8505,source-training-image-standardised-patient-mean-coordinates
convnext_tiny,mbrset_to_brset,mbrset,brset,sex,0,10,0.552061546992219,0.5562948747090423,0.739486605090425,0.1,8524,8505,source-training-image-standardised-patient-mean-coordinates
convnext_tiny,mbrset_to_brset,mbrset,brset,age65,0,0,0.5844961628950295,0.5844961628950295,0.9041221226881235,0.1,8524,5649,source-training-image-standardised-patient-mean-coordinates
convnext_tiny,mbrset_to_brset,mbrset,brset,age65,0,1,0.5845057246463703,0.5844961628950295,0.9041221226881235,0.1,8524,5649,source-training-image-standardised-patient-mean-coordinates
convnext_tiny,mbrset_to_brset,mbrset,brset,age65,0,2,0.5836602849298529,0.5844961628950295,0.9041221226881235,0.1,8524,5649,source-training-image-standardised-patient-mean-coordinates
convnext_tiny,mbrset_to_brset,mbrset,brset,age65,0,3,0.584049603264847,0.5844961628950295,0.9041221226881235,0.1,8524,5649,source-training-image-standardised-patient-mean-coordinates
convnext_tiny,mbrset_to_brset,mbrset,brset,age65,0,4,0.5861852333480808,0.5844961628950295,0.9041221226881235,0.1,8524,5649,source-training-image-standardised-patient-mean-coordinates
convnext_tiny,mbrset_to_brset,mbrset,brset,age65,0,5,0.5864979284594933,0.5844961628950295,0.9041221226881235,0.1,8524,5649,source-training-image-standardised-patient-mean-coordinates
convnext_tiny,mbrset_to_brset,mbrset,brset,age65,0,6,0.5884746267299017,0.5844961628950295,0.9041221226881235,0.1,8524,5649,source-training-image-standardised-patient-mean-coordinates
convnext_tiny,mbrset_to_brset,mbrset,brset,age65,0,7,0.5892058422817543,0.5844961628950295,0.9041221226881235,0.1,8524,5649,source-training-image-standardised-patient-mean-coordinates
convnext_tiny,mbrset_to_brset,mbrset,brset,age65,0,8,0.5890723654015522,0.5844961628950295,0.9041221226881235,0.1,8524,5649,source-training-image-standardised-patient-mean-coordinates
convnext_tiny,mbrset_to_brset,mbrset,brset,age65,0,9,0.5892731621797072,0.5844961628950295,0.9041221226881235,0.1,8524,5649,source-training-image-standardised-patient-mean-coordinates
convnext_tiny,mbrset_to_brset,mbrset,brset,age65,0,10,0.5885526712948989,0.5844961628950295,0.9041221226881235,0.1,8524,5649,source-training-image-standardised-patient-mean-coordinates
convnext_tiny,brset_to_mbrset,brset,mbrset,sex,1,0,0.5668922187199344,0.5668922187199344,0.7218507316710164,0.1,1287,1287,source-training-image-standardised-patient-mean-coordinates
convnext_tiny,brset_to_mbrset,brset,mbrset,sex,1,1,0.5724123084446475,0.5668922187199344,0.7218507316710164,0.1,1287,1287,source-training-image-standardised-patient-mean-coordinates
convnext_tiny,brset_to_mbrset,brset,mbrset,sex,1,2,0.5665360838989854,0.5668922187199344,0.7218507316710164,0.1,1287,1287,source-training-image-standardised-patient-mean-coordinates
convnext_tiny,brset_to_mbrset,brset,mbrset,sex,1,3,0.5645029261525214,0.5668922187199344,0.7218507316710164,0.1,1287,1287,source-training-image-standardised-patient-mean-coordinates
convnext_tiny,brset_to_mbrset,brset,mbrset,sex,1,4,0.565717505355311,0.5668922187199344,0.7218507316710164,0.1,1287,1287,source-training-image-standardised-patient-mean-coordinates
convnext_tiny,brset_to_mbrset,brset,mbrset,sex,1,5,0.5646331545571969,0.5668922187199344,0.7218507316710164,0.1,1287,1287,source-training-image-standardised-patient-mean-coordinates
convnext_tiny,brset_to_mbrset,brset,mbrset,sex,1,6,0.5651221755053659,0.5668922187199344,0.7218507316710164,0.1,1287,1287,source-training-image-standardised-patient-mean-coordinates
convnext_tiny,brset_to_mbrset,brset,mbrset,sex,1,7,0.5636976362215691,0.5668922187199344,0.7218507316710164,0.1,1287,1287,source-training-image-standardised-patient-mean-coordinates
convnext_tiny,brset_to_mbrset,brset,mbrset,sex,1,8,0.5653002429158406,0.5668922187199344,0.7218507316710164,0.1,1287,1287,source-training-image-standardised-patient-mean-coordinates
convnext_tiny,brset_to_mbrset,brset,mbrset,sex,1,9,0.56583178742472,0.5668922187199344,0.7218507316710164,0.1,1287,1287,source-training-image-standardised-patient-mean-coordinates
convnext_tiny,brset_to_mbrset,brset,mbrset,sex,1,10,0.5636976362215691,0.5668922187199344,0.7218507316710164,0.1,1287,1287,source-training-image-standardised-patient-mean-coordinates
convnext_tiny,brset_to_mbrset,brset,mbrset,age65,1,0,0.5314582672167566,0.5314582672167566,0.8550261821643922,0.1,1287,1284,source-training-image-standardised-patient-mean-coordinates
convnext_tiny,brset_to_mbrset,brset,mbrset,age65,1,1,0.5273301134560457,0.5314582672167566,0.8550261821643922,0.1,1287,1284,source-training-image-standardised-patient-mean-coordinates
convnext_tiny,brset_to_mbrset,brset,mbrset,age65,1,2,0.5310764439860363,0.5314582672167566,0.8550261821643922,0.1,1287,1284,source-training-image-standardised-patient-mean-coordinates
convnext_tiny,brset_to_mbrset,brset,mbrset,age65,1,3,0.5265441526499524,0.5314582672167566,0.8550261821643922,0.1,1287,1284,source-training-image-standardised-patient-mean-coordinates
convnext_tiny,brset_to_mbrset,brset,mbrset,age65,1,4,0.526435060298318,0.5314582672167566,0.8550261821643922,0.1,1287,1284,source-training-image-standardised-patient-mean-coordinates
convnext_tiny,brset_to_mbrset,brset,mbrset,age65,1,5,0.5267301055220565,0.5314582672167566,0.8550261821643922,0.1,1287,1284,source-training-image-standardised-patient-mean-coordinates
convnext_tiny,brset_to_mbrset,brset,mbrset,age65,1,6,0.5254705847350047,0.5314582672167566,0.8550261821643922,0.1,1287,1284,source-training-image-standardised-patient-mean-coordinates
convnext_tiny,brset_to_mbrset,brset,mbrset,age65,1,7,0.5238862662646778,0.5314582672167566,0.8550261821643922,0.1,1287,1284,source-training-image-standardised-patient-mean-coordinates
convnext_tiny,brset_to_mbrset,brset,mbrset,age65,1,8,0.523663122818153,0.5314582672167566,0.8550261821643922,0.1,1287,1284,source-training-image-standardised-patient-mean-coordinates
convnext_tiny,brset_to_mbrset,brset,mbrset,age65,1,9,0.523663122818153,0.5314582672167566,0.8550261821643922,0.1,1287,1284,source-training-image-standardised-patient-mean-coordinates
convnext_tiny,brset_to_mbrset,brset,mbrset,age65,1,10,0.523663122818153,0.5314582672167566,0.8550261821643922,0.1,1287,1284,source-training-image-standardised-patient-mean-coordinates
convnext_tiny,mbrset_to_brset,mbrset,brset,sex,1,0,0.562424241292737,0.562424241292737,0.7386832769115231,0.1,8524,8505,source-training-image-standardised-patient-mean-coordinates
convnext_tiny,mbrset_to_brset,mbrset,brset,sex,1,1,0.5664888403369346,0.562424241292737,0.7386832769115231,0.1,8524,8505,source-training-image-standardised-patient-mean-coordinates
convnext_tiny,mbrset_to_brset,mbrset,brset,sex,1,2,0.565961592406603,0.562424241292737,0.7386832769115231,0.1,8524,8505,source-training-image-standardised-patient-mean-coordinates
convnext_tiny,mbrset_to_brset,mbrset,brset,sex,1,3,0.5652841689564446,0.562424241292737,0.7386832769115231,0.1,8524,8505,source-training-image-standardised-patient-mean-coordinates
convnext_tiny,mbrset_to_brset,mbrset,brset,sex,1,4,0.5646484609284604,0.562424241292737,0.7386832769115231,0.1,8524,8505,source-training-image-standardised-patient-mean-coordinates
convnext_tiny,mbrset_to_brset,mbrset,brset,sex,1,5,0.5643977016494337,0.562424241292737,0.7386832769115231,0.1,8524,8505,source-training-image-standardised-patient-mean-coordinates
convnext_tiny,mbrset_to_brset,mbrset,brset,sex,1,6,0.5641063938131886,0.562424241292737,0.7386832769115231,0.1,8524,8505,source-training-image-standardised-patient-mean-coordinates
convnext_tiny,mbrset_to_brset,mbrset,brset,sex,1,7,0.5632576162442537,0.562424241292737,0.7386832769115231,0.1,8524,8505,source-training-image-standardised-patient-mean-coordinates
convnext_tiny,mbrset_to_brset,mbrset,brset,sex,1,8,0.5630440799573206,0.562424241292737,0.7386832769115231,0.1,8524,8505,source-training-image-standardised-patient-mean-coordinates
convnext_tiny,mbrset_to_brset,mbrset,brset,sex,1,9,0.5633698103097653,0.562424241292737,0.7386832769115231,0.1,8524,8505,source-training-image-standardised-patient-mean-coordinates
convnext_tiny,mbrset_to_brset,mbrset,brset,sex,1,10,0.5638213870477057,0.562424241292737,0.7386832769115231,0.1,8524,8505,source-training-image-standardised-patient-mean-coordinates
convnext_tiny,mbrset_to_brset,mbrset,brset,age65,1,0,0.5075416375507031,0.5075416375507031,0.8960548472393933,0.01,8524,5649,source-training-image-standardised-patient-mean-coordinates
convnext_tiny,mbrset_to_brset,mbrset,brset,age65,1,1,0.501858597720065,0.5075416375507031,0.8960548472393933,0.01,8524,5649,source-training-image-standardised-patient-mean-coordinates
convnext_tiny,mbrset_to_brset,mbrset,brset,age65,1,2,0.4979465492931541,0.5075416375507031,0.8960548472393933,0.01,8524,5649,source-training-image-standardised-patient-mean-coordinates
convnext_tiny,mbrset_to_brset,mbrset,brset,age65,1,3,0.49316489834566196,0.5075416375507031,0.8960548472393933,0.01,8524,5649,source-training-image-standardised-patient-mean-coordinates
convnext_tiny,mbrset_to_brset,mbrset,brset,age65,1,4,0.4884317022191533,0.5075416375507031,0.8960548472393933,0.01,8524,5649,source-training-image-standardised-patient-mean-coordinates
convnext_tiny,mbrset_to_brset,mbrset,brset,age65,1,5,0.4841377005900376,0.5075416375507031,0.8960548472393933,0.01,8524,5649,source-training-image-standardised-patient-mean-coordinates
convnext_tiny,mbrset_to_brset,mbrset,brset,age65,1,6,0.48136130395412013,0.5075416375507031,0.8960548472393933,0.01,8524,5649,source-training-image-standardised-patient-mean-coordinates
convnext_tiny,mbrset_to_brset,mbrset,brset,age65,1,7,0.47845026752229697,0.5075416375507031,0.8960548472393933,0.01,8524,5649,source-training-image-standardised-patient-mean-coordinates
convnext_tiny,mbrset_to_brset,mbrset,brset,age65,1,8,0.4759695099008059,0.5075416375507031,0.8960548472393933,0.01,8524,5649,source-training-image-standardised-patient-mean-coordinates
convnext_tiny,mbrset_to_brset,mbrset,brset,age65,1,9,0.47483140306554916,0.5075416375507031,0.8960548472393933,0.01,8524,5649,source-training-image-standardised-patient-mean-coordinates
convnext_tiny,mbrset_to_brset,mbrset,brset,age65,1,10,0.47367624013330634,0.5075416375507031,0.8960548472393933,0.01,8524,5649,source-training-image-standardised-patient-mean-coordinates
convnext_tiny,brset_to_mbrset,brset,mbrset,sex,2,0,0.555743072646188,0.555743072646188,0.7212421132083495,0.1,1287,1287,source-training-image-standardised-patient-mean-coordinates
convnext_tiny,brset_to_mbrset,brset,mbrset,sex,2,1,0.5529258867491269,0.555743072646188,0.7212421132083495,0.1,1287,1287,source-training-image-standardised-patient-mean-coordinates
convnext_tiny,brset_to_mbrset,brset,mbrset,sex,2,2,0.5526096177663437,0.555743072646188,0.7212421132083495,0.1,1287,1287,source-training-image-standardised-patient-mean-coordinates
convnext_tiny,brset_to_mbrset,brset,mbrset,sex,2,3,0.5511877362050912,0.555743072646188,0.7212421132083495,0.1,1287,1287,source-training-image-standardised-patient-mean-coordinates
convnext_tiny,brset_to_mbrset,brset,mbrset,sex,2,4,0.5482350064582658,0.555743072646188,0.7212421132083495,0.1,1287,1287,source-training-image-standardised-patient-mean-coordinates
convnext_tiny,brset_to_mbrset,brset,mbrset,sex,2,5,0.5444078859943337,0.555743072646188,0.7212421132083495,0.1,1287,1287,source-training-image-standardised-patient-mean-coordinates
convnext_tiny,brset_to_mbrset,brset,mbrset,sex,2,6,0.5379257007085488,0.555743072646188,0.7212421132083495,0.1,1287,1287,source-training-image-standardised-patient-mean-coordinates
convnext_tiny,brset_to_mbrset,brset,mbrset,sex,2,7,0.5367935109046356,0.555743072646188,0.7212421132083495,0.1,1287,1287,source-training-image-standardised-patient-mean-coordinates
convnext_tiny,brset_to_mbrset,brset,mbrset,sex,2,8,0.5356799251585331,0.555743072646188,0.7212421132083495,0.1,1287,1287,source-training-image-standardised-patient-mean-coordinates
convnext_tiny,brset_to_mbrset,brset,mbrset,sex,2,9,0.535143065204565,0.555743072646188,0.7212421132083495,0.1,1287,1287,source-training-image-standardised-patient-mean-coordinates
convnext_tiny,brset_to_mbrset,brset,mbrset,sex,2,10,0.5337078950305905,0.555743072646188,0.7212421132083495,0.1,1287,1287,source-training-image-standardised-patient-mean-coordinates
convnext_tiny,brset_to_mbrset,brset,mbrset,age65,2,0,0.547098143446525,0.547098143446525,0.8538435218978102,0.1,1287,1284,source-training-image-standardised-patient-mean-coordinates
convnext_tiny,brset_to_mbrset,brset,mbrset,age65,2,1,0.5500758687718186,0.547098143446525,0.8538435218978102,0.1,1287,1284,source-training-image-standardised-patient-mean-coordinates
convnext_tiny,brset_to_mbrset,brset,mbrset,age65,2,2,0.5493196604252619,0.547098143446525,0.8538435218978102,0.1,1287,1284,source-training-image-standardised-patient-mean-coordinates
convnext_tiny,brset_to_mbrset,brset,mbrset,age65,2,3,0.5479535266582038,0.547098143446525,0.8538435218978102,0.1,1287,1284,source-training-image-standardised-patient-mean-coordinates
convnext_tiny,brset_to_mbrset,brset,mbrset,age65,2,4,0.5454989487464297,0.547098143446525,0.8538435218978102,0.1,1287,1284,source-training-image-standardised-patient-mean-coordinates
convnext_tiny,brset_to_mbrset,brset,mbrset,age65,2,5,0.5450377856236115,0.547098143446525,0.8538435218978102,0.1,1287,1284,source-training-image-standardised-patient-mean-coordinates
convnext_tiny,brset_to_mbrset,brset,mbrset,age65,2,6,0.5475444303395747,0.547098143446525,0.8538435218978102,0.1,1287,1284,source-training-image-standardised-patient-mean-coordinates
convnext_tiny,brset_to_mbrset,brset,mbrset,age65,2,7,0.5437138011742304,0.547098143446525,0.8538435218978102,0.1,1287,1284,source-training-image-standardised-patient-mean-coordinates
convnext_tiny,brset_to_mbrset,brset,mbrset,age65,2,8,0.5412716201205966,0.547098143446525,0.8538435218978102,0.1,1287,1284,source-training-image-standardised-patient-mean-coordinates
convnext_tiny,brset_to_mbrset,brset,mbrset,age65,2,9,0.5389434901618534,0.547098143446525,0.8538435218978102,0.1,1287,1284,source-training-image-standardised-patient-mean-coordinates
convnext_tiny,brset_to_mbrset,brset,mbrset,age65,2,10,0.5385691050460171,0.547098143446525,0.8538435218978102,0.1,1287,1284,source-training-image-standardised-patient-mean-coordinates
convnext_tiny,mbrset_to_brset,mbrset,brset,sex,2,0,0.5563355982960038,0.5563355982960038,0.7396058003456721,0.1,8524,8505,source-training-image-standardised-patient-mean-coordinates
convnext_tiny,mbrset_to_brset,mbrset,brset,sex,2,1,0.5564191458268475,0.5563355982960038,0.7396058003456721,0.1,8524,8505,source-training-image-standardised-patient-mean-coordinates
convnext_tiny,mbrset_to_brset,mbrset,brset,sex,2,2,0.5568056698434953,0.5563355982960038,0.7396058003456721,0.1,8524,8505,source-training-image-standardised-patient-mean-coordinates
convnext_tiny,mbrset_to_brset,mbrset,brset,sex,2,3,0.5573859517860735,0.5563355982960038,0.7396058003456721,0.1,8524,8505,source-training-image-standardised-patient-mean-coordinates
convnext_tiny,mbrset_to_brset,mbrset,brset,sex,2,4,0.5574851936505745,0.5563355982960038,0.7396058003456721,0.1,8524,8505,source-training-image-standardised-patient-mean-coordinates
convnext_tiny,mbrset_to_brset,mbrset,brset,sex,2,5,0.5568193805067274,0.5563355982960038,0.7396058003456721,0.1,8524,8505,source-training-image-standardised-patient-mean-coordinates
convnext_tiny,mbrset_to_brset,mbrset,brset,sex,2,6,0.5560724119051965,0.5563355982960038,0.7396058003456721,0.1,8524,8505,source-training-image-standardised-patient-mean-coordinates
convnext_tiny,mbrset_to_brset,mbrset,brset,sex,2,7,0.5553544982410678,0.5563355982960038,0.7396058003456721,0.1,8524,8505,source-training-image-standardised-patient-mean-coordinates
convnext_tiny,mbrset_to_brset,mbrset,brset,sex,2,8,0.5554700178717037,0.5563355982960038,0.7396058003456721,0.1,8524,8505,source-training-image-standardised-patient-mean-coordinates
convnext_tiny,mbrset_to_brset,mbrset,brset,sex,2,9,0.5551054892594749,0.5563355982960038,0.7396058003456721,0.1,8524,8505,source-training-image-standardised-patient-mean-coordinates
convnext_tiny,mbrset_to_brset,mbrset,brset,sex,2,10,0.5552512890357169,0.5563355982960038,0.7396058003456721,0.1,8524,8505,source-training-image-standardised-patient-mean-coordinates
convnext_tiny,mbrset_to_brset,mbrset,brset,age65,2,0,0.5056593938779983,0.5056593938779983,0.9049945678915357,0.1,8524,5649,source-training-image-standardised-patient-mean-coordinates
convnext_tiny,mbrset_to_brset,mbrset,brset,age65,2,1,0.5042583388808719,0.5056593938779983,0.9049945678915357,0.1,8524,5649,source-training-image-standardised-patient-mean-coordinates
convnext_tiny,mbrset_to_brset,mbrset,brset,age65,2,2,0.5040041771932073,0.5056593938779983,0.9049945678915357,0.1,8524,5649,source-training-image-standardised-patient-mean-coordinates
convnext_tiny,mbrset_to_brset,mbrset,brset,age65,2,3,0.5024921283528152,0.5056593938779983,0.9049945678915357,0.1,8524,5649,source-training-image-standardised-patient-mean-coordinates
convnext_tiny,mbrset_to_brset,mbrset,brset,age65,2,4,0.5049860656856138,0.5056593938779983,0.9049945678915357,0.1,8524,5649,source-training-image-standardised-patient-mean-coordinates
convnext_tiny,mbrset_to_brset,mbrset,brset,age65,2,5,0.5048171844828798,0.5056593938779983,0.9049945678915357,0.1,8524,5649,source-training-image-standardised-patient-mean-coordinates
convnext_tiny,mbrset_to_brset,mbrset,brset,age65,2,6,0.5047359095964837,0.5056593938779983,0.9049945678915357,0.1,8524,5649,source-training-image-standardised-patient-mean-coordinates
convnext_tiny,mbrset_to_brset,mbrset,brset,age65,2,7,0.5055508550789956,0.5056593938779983,0.9049945678915357,0.1,8524,5649,source-training-image-standardised-patient-mean-coordinates
convnext_tiny,mbrset_to_brset,mbrset,brset,age65,2,8,0.50521205897068,0.5056593938779983,0.9049945678915357,0.1,8524,5649,source-training-image-standardised-patient-mean-coordinates
convnext_tiny,mbrset_to_brset,mbrset,brset,age65,2,9,0.5058541176519233,0.5056593938779983,0.9049945678915357,0.1,8524,5649,source-training-image-standardised-patient-mean-coordinates
convnext_tiny,mbrset_to_brset,mbrset,brset,age65,2,10,0.505668955629339,0.5056593938779983,0.9049945678915357,0.1,8524,5649,source-training-image-standardised-patient-mean-coordinates
convnext_tiny,brset_to_mbrset,brset,mbrset,sex,3,0,0.589722055376307,0.589722055376307,0.7247742264698535,0.1,1287,1287,source-training-image-standardised-patient-mean-coordinates
convnext_tiny,brset_to_mbrset,brset,mbrset,sex,3,1,0.5971477321653529,0.589722055376307,0.7247742264698535,0.1,1287,1287,source-training-image-standardised-patient-mean-coordinates
convnext_tiny,brset_to_mbrset,brset,mbrset,sex,3,2,0.5968819599109132,0.589722055376307,0.7247742264698535,0.1,1287,1287,source-training-image-standardised-patient-mean-coordinates
convnext_tiny,brset_to_mbrset,brset,mbrset,sex,3,3,0.5951730443148657,0.589722055376307,0.7247742264698535,0.1,1287,1287,source-training-image-standardised-patient-mean-coordinates
convnext_tiny,brset_to_mbrset,brset,mbrset,sex,3,4,0.5944953250660444,0.589722055376307,0.7247742264698535,0.1,1287,1287,source-training-image-standardised-patient-mean-coordinates
convnext_tiny,brset_to_mbrset,brset,mbrset,sex,3,5,0.5926907314583987,0.589722055376307,0.7247742264698535,0.1,1287,1287,source-training-image-standardised-patient-mean-coordinates
convnext_tiny,brset_to_mbrset,brset,mbrset,sex,3,6,0.5945086136787664,0.589722055376307,0.7247742264698535,0.1,1287,1287,source-training-image-standardised-patient-mean-coordinates
convnext_tiny,brset_to_mbrset,brset,mbrset,sex,3,7,0.5947504664303066,0.589722055376307,0.7247742264698535,0.1,1287,1287,source-training-image-standardised-patient-mean-coordinates
convnext_tiny,brset_to_mbrset,brset,mbrset,sex,3,8,0.5950906549159894,0.589722055376307,0.7247742264698535,0.1,1287,1287,source-training-image-standardised-patient-mean-coordinates
convnext_tiny,brset_to_mbrset,brset,mbrset,sex,3,9,0.5952102524304873,0.589722055376307,0.7247742264698535,0.1,1287,1287,source-training-image-standardised-patient-mean-coordinates
convnext_tiny,brset_to_mbrset,brset,mbrset,sex,3,10,0.5943172576555698,0.589722055376307,0.7247742264698535,0.1,1287,1287,source-training-image-standardised-patient-mean-coordinates
convnext_tiny,brset_to_mbrset,brset,mbrset,age65,3,0,0.6000079339892097,0.6000079339892097,0.8573369565217392,0.1,1287,1284,source-training-image-standardised-patient-mean-coordinates
convnext_tiny,brset_to_mbrset,brset,mbrset,age65,3,1,0.5914640193589337,0.6000079339892097,0.8573369565217392,0.1,1287,1284,source-training-image-standardised-patient-mean-coordinates
convnext_tiny,brset_to_mbrset,brset,mbrset,age65,3,2,0.588573072040622,0.6000079339892097,0.8573369565217392,0.1,1287,1284,source-training-image-standardised-patient-mean-coordinates
convnext_tiny,brset_to_mbrset,brset,mbrset,age65,3,3,0.5878317399238338,0.6000079339892097,0.8573369565217392,0.1,1287,1284,source-training-image-standardised-patient-mean-coordinates
convnext_tiny,brset_to_mbrset,brset,mbrset,age65,3,4,0.5829572953030784,0.6000079339892097,0.8573369565217392,0.1,1287,1284,source-training-image-standardised-patient-mean-coordinates
convnext_tiny,brset_to_mbrset,brset,mbrset,age65,3,5,0.5816556251983498,0.6000079339892097,0.8573369565217392,0.1,1287,1284,source-training-image-standardised-patient-mean-coordinates
convnext_tiny,brset_to_mbrset,brset,mbrset,age65,3,6,0.5816556251983498,0.6000079339892097,0.8573369565217392,0.1,1287,1284,source-training-image-standardised-patient-mean-coordinates
convnext_tiny,brset_to_mbrset,brset,mbrset,age65,3,7,0.5816556251983498,0.6000079339892097,0.8573369565217392,0.1,1287,1284,source-training-image-standardised-patient-mean-coordinates
convnext_tiny,brset_to_mbrset,brset,mbrset,age65,3,8,0.5816556251983498,0.6000079339892097,0.8573369565217392,0.1,1287,1284,source-training-image-standardised-patient-mean-coordinates
convnext_tiny,brset_to_mbrset,brset,mbrset,age65,3,9,0.5816556251983498,0.6000079339892097,0.8573369565217392,0.1,1287,1284,source-training-image-standardised-patient-mean-coordinates
convnext_tiny,brset_to_mbrset,brset,mbrset,age65,3,10,0.5816556251983498,0.6000079339892097,0.8573369565217392,0.1,1287,1284,source-training-image-standardised-patient-mean-coordinates
convnext_tiny,mbrset_to_brset,mbrset,brset,sex,3,0,0.5569410261783819,0.5569410261783819,0.7322339559569158,1.0,8524,8505,source-training-image-standardised-patient-mean-coordinates
convnext_tiny,mbrset_to_brset,mbrset,brset,sex,3,1,0.5574322763248234,0.5569410261783819,0.7322339559569158,1.0,8524,8505,source-training-image-standardised-patient-mean-coordinates
convnext_tiny,mbrset_to_brset,mbrset,brset,sex,3,2,0.5575175158098533,0.5569410261783819,0.7322339559569158,1.0,8524,8505,source-training-image-standardised-patient-mean-coordinates
convnext_tiny,mbrset_to_brset,mbrset,brset,sex,3,3,0.5574286590434602,0.5569410261783819,0.7322339559569158,1.0,8524,8505,source-training-image-standardised-patient-mean-coordinates
convnext_tiny,mbrset_to_brset,mbrset,brset,sex,3,4,0.55798957102777,0.5569410261783819,0.7322339559569158,1.0,8524,8505,source-training-image-standardised-patient-mean-coordinates
convnext_tiny,mbrset_to_brset,mbrset,brset,sex,3,5,0.5577410287921594,0.5569410261783819,0.7322339559569158,1.0,8524,8505,source-training-image-standardised-patient-mean-coordinates
convnext_tiny,mbrset_to_brset,mbrset,brset,sex,3,6,0.5576633739293431,0.5569410261783819,0.7322339559569158,1.0,8524,8505,source-training-image-standardised-patient-mean-coordinates
convnext_tiny,mbrset_to_brset,mbrset,brset,sex,3,7,0.5576633739293431,0.5569410261783819,0.7322339559569158,1.0,8524,8505,source-training-image-standardised-patient-mean-coordinates
convnext_tiny,mbrset_to_brset,mbrset,brset,sex,3,8,0.5576633739293431,0.5569410261783819,0.7322339559569158,1.0,8524,8505,source-training-image-standardised-patient-mean-coordinates
convnext_tiny,mbrset_to_brset,mbrset,brset,sex,3,9,0.5576633739293431,0.5569410261783819,0.7322339559569158,1.0,8524,8505,source-training-image-standardised-patient-mean-coordinates
convnext_tiny,mbrset_to_brset,mbrset,brset,sex,3,10,0.5576633739293431,0.5569410261783819,0.7322339559569158,1.0,8524,8505,source-training-image-standardised-patient-mean-coordinates
convnext_tiny,mbrset_to_brset,mbrset,brset,age65,3,0,0.5709015491070875,0.5709015491070875,0.8966806251007859,0.01,8524,5649,source-training-image-standardised-patient-mean-coordinates
convnext_tiny,mbrset_to_brset,mbrset,brset,age65,3,1,0.5680048553022754,0.5709015491070875,0.8966806251007859,0.01,8524,5649,source-training-image-standardised-patient-mean-coordinates
convnext_tiny,mbrset_to_brset,mbrset,brset,age65,3,2,0.5647445565208042,0.5709015491070875,0.8966806251007859,0.01,8524,5649,source-training-image-standardised-patient-mean-coordinates
convnext_tiny,mbrset_to_brset,mbrset,brset,age65,3,3,0.561007591513713,0.5709015491070875,0.8966806251007859,0.01,8524,5649,source-training-image-standardised-patient-mean-coordinates
convnext_tiny,mbrset_to_brset,mbrset,brset,age65,3,4,0.5605394533365861,0.5709015491070875,0.8966806251007859,0.01,8524,5649,source-training-image-standardised-patient-mean-coordinates
convnext_tiny,mbrset_to_brset,mbrset,brset,age65,3,5,0.5610072038751452,0.5709015491070875,0.8966806251007859,0.01,8524,5649,source-training-image-standardised-patient-mean-coordinates
convnext_tiny,mbrset_to_brset,mbrset,brset,age65,3,6,0.5618085820077817,0.5709015491070875,0.8966806251007859,0.01,8524,5649,source-training-image-standardised-patient-mean-coordinates
convnext_tiny,mbrset_to_brset,mbrset,brset,age65,3,7,0.5602414884907525,0.5709015491070875,0.8966806251007859,0.01,8524,5649,source-training-image-standardised-patient-mean-coordinates
convnext_tiny,mbrset_to_brset,mbrset,brset,age65,3,8,0.5590783143614404,0.5709015491070875,0.8966806251007859,0.01,8524,5649,source-training-image-standardised-patient-mean-coordinates
convnext_tiny,mbrset_to_brset,mbrset,brset,age65,3,9,0.5587265969675294,0.5709015491070875,0.8966806251007859,0.01,8524,5649,source-training-image-standardised-patient-mean-coordinates
convnext_tiny,mbrset_to_brset,mbrset,brset,age65,3,10,0.5591973194017755,0.5709015491070875,0.8966806251007859,0.01,8524,5649,source-training-image-standardised-patient-mean-coordinates
convnext_tiny,brset_to_mbrset,brset,mbrset,sex,4,0,0.5649919471006905,0.5649919471006905,0.7162774874954154,0.1,1287,1287,source-training-image-standardised-patient-mean-coordinates
convnext_tiny,brset_to_mbrset,brset,mbrset,sex,4,1,0.5599529051565133,0.5649919471006905,0.7162774874954154,0.1,1287,1287,source-training-image-standardised-patient-mean-coordinates
convnext_tiny,brset_to_mbrset,brset,mbrset,sex,4,2,0.5533085987955202,0.5649919471006905,0.7162774874954154,0.1,1287,1287,source-training-image-standardised-patient-mean-coordinates
convnext_tiny,brset_to_mbrset,brset,mbrset,sex,4,3,0.5540341570501406,0.5649919471006905,0.7162774874954154,0.1,1287,1287,source-training-image-standardised-patient-mean-coordinates
convnext_tiny,brset_to_mbrset,brset,mbrset,sex,4,4,0.5550440916170116,0.5649919471006905,0.7162774874954154,0.1,1287,1287,source-training-image-standardised-patient-mean-coordinates
convnext_tiny,brset_to_mbrset,brset,mbrset,sex,4,5,0.5528089469571734,0.5649919471006905,0.7162774874954154,0.1,1287,1287,source-training-image-standardised-patient-mean-coordinates
convnext_tiny,brset_to_mbrset,brset,mbrset,sex,4,6,0.5551477427962431,0.5649919471006905,0.7162774874954154,0.1,1287,1287,source-training-image-standardised-patient-mean-coordinates
convnext_tiny,brset_to_mbrset,brset,mbrset,sex,4,7,0.5529684103098373,0.5649919471006905,0.7162774874954154,0.1,1287,1287,source-training-image-standardised-patient-mean-coordinates
convnext_tiny,brset_to_mbrset,brset,mbrset,sex,4,8,0.5523199260090044,0.5649919471006905,0.7162774874954154,0.1,1287,1287,source-training-image-standardised-patient-mean-coordinates
convnext_tiny,brset_to_mbrset,brset,mbrset,sex,4,9,0.5515226092456852,0.5649919471006905,0.7162774874954154,0.1,1287,1287,source-training-image-standardised-patient-mean-coordinates
convnext_tiny,brset_to_mbrset,brset,mbrset,sex,4,10,0.5515226092456852,0.5649919471006905,0.7162774874954154,0.1,1287,1287,source-training-image-standardised-patient-mean-coordinates
convnext_tiny,brset_to_mbrset,brset,mbrset,age65,4,0,0.5568346358298952,0.5568346358298952,0.8568981077435734,0.1,1287,1284,source-training-image-standardised-patient-mean-coordinates
convnext_tiny,brset_to_mbrset,brset,mbrset,age65,4,1,0.5421889876229768,0.5568346358298952,0.8568981077435734,0.1,1287,1284,source-training-image-standardised-patient-mean-coordinates
convnext_tiny,brset_to_mbrset,brset,mbrset,age65,4,2,0.5449410901301175,0.5568346358298952,0.8568981077435734,0.1,1287,1284,source-training-image-standardised-patient-mean-coordinates
convnext_tiny,brset_to_mbrset,brset,mbrset,age65,4,3,0.5413856712154872,0.5568346358298952,0.8568981077435734,0.1,1287,1284,source-training-image-standardised-patient-mean-coordinates
convnext_tiny,brset_to_mbrset,brset,mbrset,age65,4,4,0.5370690852110441,0.5568346358298952,0.8568981077435734,0.1,1287,1284,source-training-image-standardised-patient-mean-coordinates
convnext_tiny,brset_to_mbrset,brset,mbrset,age65,4,5,0.5369922246905745,0.5568346358298952,0.8568981077435734,0.1,1287,1284,source-training-image-standardised-patient-mean-coordinates
convnext_tiny,brset_to_mbrset,brset,mbrset,age65,4,6,0.5381624880990161,0.5568346358298952,0.8568981077435734,0.1,1287,1284,source-training-image-standardised-patient-mean-coordinates
convnext_tiny,brset_to_mbrset,brset,mbrset,age65,4,7,0.5406269834973024,0.5568346358298952,0.8568981077435734,0.1,1287,1284,source-training-image-standardised-patient-mean-coordinates
convnext_tiny,brset_to_mbrset,brset,mbrset,age65,4,8,0.5407534314503333,0.5568346358298952,0.8568981077435734,0.1,1287,1284,source-training-image-standardised-patient-mean-coordinates
convnext_tiny,brset_to_mbrset,brset,mbrset,age65,4,9,0.5419931172643605,0.5568346358298952,0.8568981077435734,0.1,1287,1284,source-training-image-standardised-patient-mean-coordinates
convnext_tiny,brset_to_mbrset,brset,mbrset,age65,4,10,0.5427096556648683,0.5568346358298952,0.8568981077435734,0.1,1287,1284,source-training-image-standardised-patient-mean-coordinates
convnext_tiny,mbrset_to_brset,mbrset,brset,sex,4,0,0.5317752496740946,0.5317752496740946,0.7286013303193989,10.0,8524,8505,source-training-image-standardised-patient-mean-coordinates
convnext_tiny,mbrset_to_brset,mbrset,brset,sex,4,1,0.5332371564341166,0.5317752496740946,0.7286013303193989,10.0,8524,8505,source-training-image-standardised-patient-mean-coordinates
convnext_tiny,mbrset_to_brset,mbrset,brset,sex,4,2,0.5329431064652252,0.5317752496740946,0.7286013303193989,10.0,8524,8505,source-training-image-standardised-patient-mean-coordinates
convnext_tiny,mbrset_to_brset,mbrset,brset,sex,4,3,0.5329431064652252,0.5317752496740946,0.7286013303193989,10.0,8524,8505,source-training-image-standardised-patient-mean-coordinates
convnext_tiny,mbrset_to_brset,mbrset,brset,sex,4,4,0.5329431064652252,0.5317752496740946,0.7286013303193989,10.0,8524,8505,source-training-image-standardised-patient-mean-coordinates
convnext_tiny,mbrset_to_brset,mbrset,brset,sex,4,5,0.5329431064652252,0.5317752496740946,0.7286013303193989,10.0,8524,8505,source-training-image-standardised-patient-mean-coordinates
convnext_tiny,mbrset_to_brset,mbrset,brset,sex,4,6,0.5329431064652252,0.5317752496740946,0.7286013303193989,10.0,8524,8505,source-training-image-standardised-patient-mean-coordinates
convnext_tiny,mbrset_to_brset,mbrset,brset,sex,4,7,0.5329431064652252,0.5317752496740946,0.7286013303193989,10.0,8524,8505,source-training-image-standardised-patient-mean-coordinates
convnext_tiny,mbrset_to_brset,mbrset,brset,sex,4,8,0.5329431064652252,0.5317752496740946,0.7286013303193989,10.0,8524,8505,source-training-image-standardised-patient-mean-coordinates
convnext_tiny,mbrset_to_brset,mbrset,brset,sex,4,9,0.5329431064652252,0.5317752496740946,0.7286013303193989,10.0,8524,8505,source-training-image-standardised-patient-mean-coordinates
convnext_tiny,mbrset_to_brset,mbrset,brset,sex,4,10,0.5329431064652252,0.5317752496740946,0.7286013303193989,10.0,8524,8505,source-training-image-standardised-patient-mean-coordinates
convnext_tiny,mbrset_to_brset,mbrset,brset,age65,4,0,0.588377587875079,0.588377587875079,0.9052943417173527,0.1,8524,5649,source-training-image-standardised-patient-mean-coordinates
convnext_tiny,mbrset_to_brset,mbrset,brset,age65,4,1,0.5887520467316383,0.588377587875079,0.9052943417173527,0.1,8524,5649,source-training-image-standardised-patient-mean-coordinates
convnext_tiny,mbrset_to_brset,mbrset,brset,age65,4,2,0.5908934913933901,0.588377587875079,0.9052943417173527,0.1,8524,5649,source-training-image-standardised-patient-mean-coordinates
convnext_tiny,mbrset_to_brset,mbrset,brset,age65,4,3,0.5893997907785437,0.588377587875079,0.9052943417173527,0.1,8524,5649,source-training-image-standardised-patient-mean-coordinates
convnext_tiny,mbrset_to_brset,mbrset,brset,age65,4,4,0.5897732159322553,0.588377587875079,0.9052943417173527,0.1,8524,5649,source-training-image-standardised-patient-mean-coordinates
convnext_tiny,mbrset_to_brset,mbrset,brset,age65,4,5,0.5896672613903717,0.588377587875079,0.9052943417173527,0.1,8524,5649,source-training-image-standardised-patient-mean-coordinates
convnext_tiny,mbrset_to_brset,mbrset,brset,age65,4,6,0.5893350551377099,0.588377587875079,0.9052943417173527,0.1,8524,5649,source-training-image-standardised-patient-mean-coordinates
convnext_tiny,mbrset_to_brset,mbrset,brset,age65,4,7,0.5896522726990808,0.588377587875079,0.9052943417173527,0.1,8524,5649,source-training-image-standardised-patient-mean-coordinates
convnext_tiny,mbrset_to_brset,mbrset,brset,age65,4,8,0.5895359811287209,0.588377587875079,0.9052943417173527,0.1,8524,5649,source-training-image-standardised-patient-mean-coordinates
convnext_tiny,mbrset_to_brset,mbrset,brset,age65,4,9,0.5897456935939367,0.588377587875079,0.9052943417173527,0.1,8524,5649,source-training-image-standardised-patient-mean-coordinates
convnext_tiny,mbrset_to_brset,mbrset,brset,age65,4,10,0.5899463611592357,0.588377587875079,0.9052943417173527,0.1,8524,5649,source-training-image-standardised-patient-mean-coordinates
