backbone,setting,attribute,metric,method,n_splits,mean_method_minus_baseline,min_method_minus_baseline,max_method_minus_baseline,improved_splits,value_column,analysis_unit,patient_outcome_aggregation,patient_score_aggregation
convnext_tiny,external_full,age_group,auprc,age_erased,5,-0.0014891890382781048,-0.0031763719612876717,0.0003454686387696637,4,gap_max_minus_min,patient,max_image_outcome,max_calibrated_image_probability
convnext_tiny,external_full,age_group,auprc,joint_erased,5,0.009332559578521249,-0.002758068865705343,0.03936839565618422,1,gap_max_minus_min,patient,max_image_outcome,max_calibrated_image_probability
convnext_tiny,external_full,age_group,auprc,sex_erased,5,0.008939093987004054,-0.0031236786128619465,0.040676480693515094,1,gap_max_minus_min,patient,max_image_outcome,max_calibrated_image_probability
convnext_tiny,external_full,age_group,auroc,age_erased,5,-0.0001645239865975201,-0.0008371037666887737,0.0009824720000558562,3,gap_max_minus_min,patient,max_image_outcome,max_calibrated_image_probability
convnext_tiny,external_full,age_group,auroc,joint_erased,5,0.0009628923297414716,-0.00039821711072396404,0.0019282045195035957,1,gap_max_minus_min,patient,max_image_outcome,max_calibrated_image_probability
convnext_tiny,external_full,age_group,auroc,sex_erased,5,0.001023600788803769,-0.001208031215134353,0.0023509293366431594,1,gap_max_minus_min,patient,max_image_outcome,max_calibrated_image_probability
convnext_tiny,external_full,age_group,brier,age_erased,5,6.991736946034277e-05,-0.00012014128694504134,0.00021908335239378962,2,gap_max_minus_min,patient,max_image_outcome,max_calibrated_image_probability
convnext_tiny,external_full,age_group,brier,joint_erased,5,-0.0019380805616896451,-0.006347192664946932,-0.00014215008220494485,5,gap_max_minus_min,patient,max_image_outcome,max_calibrated_image_probability
convnext_tiny,external_full,age_group,brier,sex_erased,5,-0.0019826414284539267,-0.006686730318099188,-4.972294912009012e-05,5,gap_max_minus_min,patient,max_image_outcome,max_calibrated_image_probability
convnext_tiny,external_full,age_group,ece,age_erased,5,0.0001278698164359049,-0.0002007936872834709,0.0007797169907434592,2,gap_max_minus_min,patient,max_image_outcome,max_calibrated_image_probability
convnext_tiny,external_full,age_group,ece,joint_erased,5,-0.002499771425181116,-0.012997887635794514,0.00032449222285541035,2,gap_max_minus_min,patient,max_image_outcome,max_calibrated_image_probability
convnext_tiny,external_full,age_group,ece,sex_erased,5,-0.0003912370344735211,-0.0028498516946277724,0.001185792768107763,3,gap_max_minus_min,patient,max_image_outcome,max_calibrated_image_probability
convnext_tiny,external_full,age_group,fnr,age_erased,5,-0.0027210884353741525,-0.006802721088435382,0.0,2,gap_max_minus_min,patient,max_image_outcome,max_calibrated_image_probability
convnext_tiny,external_full,age_group,fnr,joint_erased,5,0.001131734745180113,-0.01534972963544401,0.013605442176870763,2,gap_max_minus_min,patient,max_image_outcome,max_calibrated_image_probability
convnext_tiny,external_full,age_group,fnr,sex_erased,5,-0.0010865884815464578,-0.03244374672946104,0.013605442176870763,2,gap_max_minus_min,patient,max_image_outcome,max_calibrated_image_probability
convnext_tiny,external_full,age_group,fpr,age_erased,5,-0.0002211188024720423,-0.008749251190213525,0.009280742459396696,2,gap_max_minus_min,patient,max_image_outcome,max_calibrated_image_probability
convnext_tiny,external_full,age_group,fpr,joint_erased,5,-0.007859677233995254,-0.04383853813895178,0.021171611438660642,3,gap_max_minus_min,patient,max_image_outcome,max_calibrated_image_probability
convnext_tiny,external_full,age_group,fpr,sex_erased,5,-0.00796597548783191,-0.042267729244426455,0.014960431314437028,3,gap_max_minus_min,patient,max_image_outcome,max_calibrated_image_probability
convnext_tiny,external_full,age_group,ppv,age_erased,5,0.0011930716552330967,-0.009079736053420273,0.010822510822510845,2,gap_max_minus_min,patient,max_image_outcome,max_calibrated_image_probability
convnext_tiny,external_full,age_group,ppv,joint_erased,5,0.009018903707045,-0.009279609279609247,0.02414099765542893,1,gap_max_minus_min,patient,max_image_outcome,max_calibrated_image_probability
convnext_tiny,external_full,age_group,ppv,sex_erased,5,0.006123874621709413,-0.005073792724799464,0.02856755701156577,2,gap_max_minus_min,patient,max_image_outcome,max_calibrated_image_probability
convnext_tiny,external_full,age_group,sensitivity,age_erased,5,-0.0027210884353741525,-0.006802721088435382,0.0,2,gap_max_minus_min,patient,max_image_outcome,max_calibrated_image_probability
convnext_tiny,external_full,age_group,sensitivity,joint_erased,5,0.001131734745180113,-0.01534972963544401,0.013605442176870763,2,gap_max_minus_min,patient,max_image_outcome,max_calibrated_image_probability
convnext_tiny,external_full,age_group,sensitivity,sex_erased,5,-0.0010865884815464578,-0.03244374672946104,0.013605442176870763,2,gap_max_minus_min,patient,max_image_outcome,max_calibrated_image_probability
convnext_tiny,external_full,sex,auprc,age_erased,5,0.00022362349435336437,-0.0006213442240056155,0.0010994134966469948,1,gap_max_minus_min,patient,max_image_outcome,max_calibrated_image_probability
convnext_tiny,external_full,sex,auprc,joint_erased,5,-0.0069076431454450525,-0.021685551628921718,-0.0006666912413713089,5,gap_max_minus_min,patient,max_image_outcome,max_calibrated_image_probability
convnext_tiny,external_full,sex,auprc,sex_erased,5,-0.007291959074849275,-0.021954282802034264,-0.0007584859827035606,5,gap_max_minus_min,patient,max_image_outcome,max_calibrated_image_probability
convnext_tiny,external_full,sex,auroc,age_erased,5,-0.00012199920920166196,-0.0005312727726775046,0.00027085021942507836,3,gap_max_minus_min,patient,max_image_outcome,max_calibrated_image_probability
convnext_tiny,external_full,sex,auroc,joint_erased,5,0.0022093286933133837,0.0008254002340102318,0.006220428035737968,0,gap_max_minus_min,patient,max_image_outcome,max_calibrated_image_probability
convnext_tiny,external_full,sex,auroc,sex_erased,5,0.0020767448423193446,-0.0002717584355111935,0.007209183827241561,1,gap_max_minus_min,patient,max_image_outcome,max_calibrated_image_probability
convnext_tiny,external_full,sex,brier,age_erased,5,-2.9084358783176835e-05,-0.0001100004171817881,5.90614101072251e-05,3,gap_max_minus_min,patient,max_image_outcome,max_calibrated_image_probability
convnext_tiny,external_full,sex,brier,joint_erased,5,0.0005218302281938647,-1.1405500111028033e-05,0.0012926465951719202,1,gap_max_minus_min,patient,max_image_outcome,max_calibrated_image_probability
convnext_tiny,external_full,sex,brier,sex_erased,5,0.0004406446643784867,1.7455765718460414e-05,0.001129198048350183,0,gap_max_minus_min,patient,max_image_outcome,max_calibrated_image_probability
convnext_tiny,external_full,sex,ece,age_erased,5,5.806848941154463e-05,-0.00013812114361735905,0.00040842021711659515,2,gap_max_minus_min,patient,max_image_outcome,max_calibrated_image_probability
convnext_tiny,external_full,sex,ece,joint_erased,5,-0.00027464716585565705,-0.002139450681969496,0.000427794992632069,2,gap_max_minus_min,patient,max_image_outcome,max_calibrated_image_probability
convnext_tiny,external_full,sex,ece,sex_erased,5,-0.0003998026772080887,-0.002215580744664797,0.00017334349439870889,2,gap_max_minus_min,patient,max_image_outcome,max_calibrated_image_probability
convnext_tiny,external_full,sex,fnr,age_erased,5,-0.0004884004884004867,-0.005494505494505586,0.008547008547008628,2,gap_max_minus_min,patient,max_image_outcome,max_calibrated_image_probability
convnext_tiny,external_full,sex,fnr,joint_erased,5,-0.01086691086691085,-0.08730158730158732,0.024420024420024444,2,gap_max_minus_min,patient,max_image_outcome,max_calibrated_image_probability
convnext_tiny,external_full,sex,fnr,sex_erased,5,-0.020268620268620263,-0.08669108669108672,-0.0030525030525029306,5,gap_max_minus_min,patient,max_image_outcome,max_calibrated_image_probability
convnext_tiny,external_full,sex,fpr,age_erased,5,-0.0033610049955921538,-0.01059726711724951,0.0015243902439023849,4,gap_max_minus_min,patient,max_image_outcome,max_calibrated_image_probability
convnext_tiny,external_full,sex,fpr,joint_erased,5,-0.010185865412871009,-0.03754040552453719,0.004536438436673507,4,gap_max_minus_min,patient,max_image_outcome,max_calibrated_image_probability
convnext_tiny,external_full,sex,fpr,sex_erased,5,-0.005649426976197458,-0.032967234792829814,0.006244490155744908,2,gap_max_minus_min,patient,max_image_outcome,max_calibrated_image_probability
convnext_tiny,external_full,sex,ppv,age_erased,5,-0.0020743000411246213,-0.008229476486630638,0.002486698641522622,2,gap_max_minus_min,patient,max_image_outcome,max_calibrated_image_probability
convnext_tiny,external_full,sex,ppv,joint_erased,5,-0.004401675132024207,-0.019345670828450956,0.004382668446773652,3,gap_max_minus_min,patient,max_image_outcome,max_calibrated_image_probability
convnext_tiny,external_full,sex,ppv,sex_erased,5,0.0029318159236488726,-0.0018660197798096578,0.007415771725526876,1,gap_max_minus_min,patient,max_image_outcome,max_calibrated_image_probability
convnext_tiny,external_full,sex,sensitivity,age_erased,5,-0.0004884004884004867,-0.005494505494505586,0.008547008547008628,2,gap_max_minus_min,patient,max_image_outcome,max_calibrated_image_probability
convnext_tiny,external_full,sex,sensitivity,joint_erased,5,-0.01086691086691085,-0.08730158730158732,0.024420024420024444,2,gap_max_minus_min,patient,max_image_outcome,max_calibrated_image_probability
convnext_tiny,external_full,sex,sensitivity,sex_erased,5,-0.020268620268620263,-0.08669108669108672,-0.0030525030525029306,5,gap_max_minus_min,patient,max_image_outcome,max_calibrated_image_probability
convnext_tiny,external_full,sex_age,auprc,age_erased,5,-0.0029242731845214196,-0.008997920348411792,0.0005186346384320473,3,gap_max_minus_min,patient,max_image_outcome,max_calibrated_image_probability
convnext_tiny,external_full,sex_age,auprc,joint_erased,5,-0.007730727518233382,-0.026063245537158497,-0.0004873079673277658,5,gap_max_minus_min,patient,max_image_outcome,max_calibrated_image_probability
convnext_tiny,external_full,sex_age,auprc,sex_erased,5,-0.00853538742866521,-0.026463449642853243,0.0009564434934759003,4,gap_max_minus_min,patient,max_image_outcome,max_calibrated_image_probability
convnext_tiny,external_full,sex_age,auroc,age_erased,5,0.000344926031200532,-0.0012561581189031168,0.0023454827376394594,3,gap_max_minus_min,patient,max_image_outcome,max_calibrated_image_probability
convnext_tiny,external_full,sex_age,auroc,joint_erased,5,-0.0002963837277561998,-0.010748359767967508,0.007620320855615037,2,gap_max_minus_min,patient,max_image_outcome,max_calibrated_image_probability
convnext_tiny,external_full,sex_age,auroc,sex_erased,5,0.0003479504459897198,-0.01118591853885964,0.006954102052141309,1,gap_max_minus_min,patient,max_image_outcome,max_calibrated_image_probability
convnext_tiny,external_full,sex_age,brier,age_erased,5,0.000205812506202116,-0.00013073678813473044,0.000544999865932913,1,gap_max_minus_min,patient,max_image_outcome,max_calibrated_image_probability
convnext_tiny,external_full,sex_age,brier,joint_erased,5,0.001194374055238112,-5.727416236302185e-05,0.0040128074477633335,1,gap_max_minus_min,patient,max_image_outcome,max_calibrated_image_probability
convnext_tiny,external_full,sex_age,brier,sex_erased,5,0.0008831820486434883,-0.0001863399750311051,0.0029574038953255055,2,gap_max_minus_min,patient,max_image_outcome,max_calibrated_image_probability
convnext_tiny,external_full,sex_age,ece,age_erased,5,0.004356159151234046,-0.00013411474134317203,0.01614894991106766,1,gap_max_minus_min,patient,max_image_outcome,max_calibrated_image_probability
convnext_tiny,external_full,sex_age,ece,joint_erased,5,-0.0010032842828443412,-0.019581722110685595,0.015690791527088105,3,gap_max_minus_min,patient,max_image_outcome,max_calibrated_image_probability
convnext_tiny,external_full,sex_age,ece,sex_erased,5,0.002717238460801924,-0.0035575718949025503,0.015394003048733063,1,gap_max_minus_min,patient,max_image_outcome,max_calibrated_image_probability
convnext_tiny,external_full,sex_age,fnr,age_erased,5,-0.0009408602150537737,-0.0047043010752688685,0.0,1,gap_max_minus_min,patient,max_image_outcome,max_calibrated_image_probability
convnext_tiny,external_full,sex_age,fnr,joint_erased,5,0.01231671554252196,0.0,0.03633105246008461,0,gap_max_minus_min,patient,max_image_outcome,max_calibrated_image_probability
convnext_tiny,external_full,sex_age,fnr,sex_erased,5,0.007266210492016922,0.0,0.03633105246008461,0,gap_max_minus_min,patient,max_image_outcome,max_calibrated_image_probability
convnext_tiny,external_full,sex_age,fpr,age_erased,5,-0.0036199836199836354,-0.018099918099918177,0.0,1,gap_max_minus_min,patient,max_image_outcome,max_calibrated_image_probability
convnext_tiny,external_full,sex_age,fpr,joint_erased,5,-0.01794418058109739,-0.08408425021001087,0.036281736281736365,4,gap_max_minus_min,patient,max_image_outcome,max_calibrated_image_probability
convnext_tiny,external_full,sex_age,fpr,sex_erased,5,-0.014960661233785321,-0.08130231855029202,0.027190827190827216,3,gap_max_minus_min,patient,max_image_outcome,max_calibrated_image_probability
convnext_tiny,external_full,sex_age,ppv,age_erased,5,9.394527041586275e-05,-0.014422048539695642,0.014891774891774956,1,gap_max_minus_min,patient,max_image_outcome,max_calibrated_image_probability
convnext_tiny,external_full,sex_age,ppv,joint_erased,5,0.00697805439231316,-0.015509109626756667,0.02647907647907649,2,gap_max_minus_min,patient,max_image_outcome,max_calibrated_image_probability
convnext_tiny,external_full,sex_age,ppv,sex_erased,5,0.012279625303829634,-0.007020496790317798,0.03158111729540303,1,gap_max_minus_min,patient,max_image_outcome,max_calibrated_image_probability
convnext_tiny,external_full,sex_age,sensitivity,age_erased,5,-0.0009408602150537737,-0.0047043010752688685,0.0,1,gap_max_minus_min,patient,max_image_outcome,max_calibrated_image_probability
convnext_tiny,external_full,sex_age,sensitivity,joint_erased,5,0.01231671554252196,0.0,0.03633105246008461,0,gap_max_minus_min,patient,max_image_outcome,max_calibrated_image_probability
convnext_tiny,external_full,sex_age,sensitivity,sex_erased,5,0.007266210492016922,0.0,0.03633105246008461,0,gap_max_minus_min,patient,max_image_outcome,max_calibrated_image_probability
convnext_tiny,internal_test,age_group,auprc,age_erased,5,0.0008702953323937446,-0.0026359533685065273,0.002563137540502858,1,gap_max_minus_min,patient,max_image_outcome,max_calibrated_image_probability
convnext_tiny,internal_test,age_group,auprc,joint_erased,5,-0.0033613155461899693,-0.030529450619325216,0.008175805358414334,2,gap_max_minus_min,patient,max_image_outcome,max_calibrated_image_probability
convnext_tiny,internal_test,age_group,auprc,sex_erased,5,-0.005396899413199907,-0.03407108469517828,0.008062869485720325,3,gap_max_minus_min,patient,max_image_outcome,max_calibrated_image_probability
convnext_tiny,internal_test,age_group,auroc,age_erased,5,0.00035319246109133395,-0.0002861812362737748,0.0015369844045937109,3,gap_max_minus_min,patient,max_image_outcome,max_calibrated_image_probability
convnext_tiny,internal_test,age_group,auroc,joint_erased,5,0.0030358319343875896,-0.0006671288318628177,0.010692153657852588,1,gap_max_minus_min,patient,max_image_outcome,max_calibrated_image_probability
convnext_tiny,internal_test,age_group,auroc,sex_erased,5,0.0024130430443331853,-0.0008705048741649568,0.009581309066641008,2,gap_max_minus_min,patient,max_image_outcome,max_calibrated_image_probability
convnext_tiny,internal_test,age_group,brier,age_erased,5,-3.600903335140987e-05,-0.000152756070070717,2.5502577958268213e-05,4,gap_max_minus_min,patient,max_image_outcome,max_calibrated_image_probability
convnext_tiny,internal_test,age_group,brier,joint_erased,5,0.00033890648353017693,-2.3712942769378575e-05,0.0012191391179659575,2,gap_max_minus_min,patient,max_image_outcome,max_calibrated_image_probability
convnext_tiny,internal_test,age_group,brier,sex_erased,5,0.00021413344149886492,-7.634551471527584e-05,0.000870048634602924,2,gap_max_minus_min,patient,max_image_outcome,max_calibrated_image_probability
convnext_tiny,internal_test,age_group,ece,age_erased,5,-0.00019240429930718236,-0.004338954272746002,0.004141749710223529,4,gap_max_minus_min,patient,max_image_outcome,max_calibrated_image_probability
convnext_tiny,internal_test,age_group,ece,joint_erased,5,0.002696500802026593,-0.0005402304547148275,0.009582968415073452,2,gap_max_minus_min,patient,max_image_outcome,max_calibrated_image_probability
convnext_tiny,internal_test,age_group,ece,sex_erased,5,0.0025685731027620803,-0.00043572047524772367,0.009265078292536796,2,gap_max_minus_min,patient,max_image_outcome,max_calibrated_image_probability
convnext_tiny,internal_test,age_group,fnr,age_erased,5,0.0,0.0,0.0,0,gap_max_minus_min,patient,max_image_outcome,max_calibrated_image_probability
convnext_tiny,internal_test,age_group,fnr,joint_erased,5,0.0,0.0,0.0,0,gap_max_minus_min,patient,max_image_outcome,max_calibrated_image_probability
convnext_tiny,internal_test,age_group,fnr,sex_erased,5,0.0,0.0,0.0,0,gap_max_minus_min,patient,max_image_outcome,max_calibrated_image_probability
convnext_tiny,internal_test,age_group,fpr,age_erased,5,-0.00017430060908283363,-0.004640371229698403,0.0030211480362538623,2,gap_max_minus_min,patient,max_image_outcome,max_calibrated_image_probability
convnext_tiny,internal_test,age_group,fpr,joint_erased,5,-0.006647313414307976,-0.02005206719147079,0.0007840115709294437,4,gap_max_minus_min,patient,max_image_outcome,max_calibrated_image_probability
convnext_tiny,internal_test,age_group,fpr,sex_erased,5,-0.005728502741650154,-0.02005206719147079,0.0013951866062085205,4,gap_max_minus_min,patient,max_image_outcome,max_calibrated_image_probability
convnext_tiny,internal_test,age_group,ppv,age_erased,5,3.720319153303619e-05,-0.0016961023389676644,0.000721115325036048,1,gap_max_minus_min,patient,max_image_outcome,max_calibrated_image_probability
convnext_tiny,internal_test,age_group,ppv,joint_erased,5,-0.001563941313880271,-0.006026775101710916,0.0019634578674666003,3,gap_max_minus_min,patient,max_image_outcome,max_calibrated_image_probability
convnext_tiny,internal_test,age_group,ppv,sex_erased,5,-0.00032655215770301116,-0.0068343495934959225,0.0020459016276228315,1,gap_max_minus_min,patient,max_image_outcome,max_calibrated_image_probability
convnext_tiny,internal_test,age_group,sensitivity,age_erased,5,0.0,0.0,0.0,0,gap_max_minus_min,patient,max_image_outcome,max_calibrated_image_probability
convnext_tiny,internal_test,age_group,sensitivity,joint_erased,5,0.0,0.0,0.0,0,gap_max_minus_min,patient,max_image_outcome,max_calibrated_image_probability
convnext_tiny,internal_test,age_group,sensitivity,sex_erased,5,0.0,0.0,0.0,0,gap_max_minus_min,patient,max_image_outcome,max_calibrated_image_probability
convnext_tiny,internal_test,sex,auprc,age_erased,5,-0.00013404501765770238,-0.0029143167045920793,0.005056721174055867,4,gap_max_minus_min,patient,max_image_outcome,max_calibrated_image_probability
convnext_tiny,internal_test,sex,auprc,joint_erased,5,0.0020634193040038663,-0.003137109165692875,0.011063981988074234,2,gap_max_minus_min,patient,max_image_outcome,max_calibrated_image_probability
convnext_tiny,internal_test,sex,auprc,sex_erased,5,0.0032870951732291154,-0.0015626316002937957,0.011429744138227393,2,gap_max_minus_min,patient,max_image_outcome,max_calibrated_image_probability
convnext_tiny,internal_test,sex,auroc,age_erased,5,0.0002672740171004717,3.5814113328203057e-05,0.0009829785909898359,0,gap_max_minus_min,patient,max_image_outcome,max_calibrated_image_probability
convnext_tiny,internal_test,sex,auroc,joint_erased,5,0.0016808468536312349,-0.00023290785335716713,0.005070990898243588,1,gap_max_minus_min,patient,max_image_outcome,max_calibrated_image_probability
convnext_tiny,internal_test,sex,auroc,sex_erased,5,0.0014426162283786236,-0.00021796074751734285,0.004493324082154082,1,gap_max_minus_min,patient,max_image_outcome,max_calibrated_image_probability
convnext_tiny,internal_test,sex,brier,age_erased,5,1.6677811169259204e-05,-7.2462832291855794e-06,3.199239026795142e-05,1,gap_max_minus_min,patient,max_image_outcome,max_calibrated_image_probability
convnext_tiny,internal_test,sex,brier,joint_erased,5,-0.0003700530698902083,-0.0017954219094935553,7.365914347309127e-05,2,gap_max_minus_min,patient,max_image_outcome,max_calibrated_image_probability
convnext_tiny,internal_test,sex,brier,sex_erased,5,-0.000423501182912378,-0.002033520245608475,6.700757051744319e-05,4,gap_max_minus_min,patient,max_image_outcome,max_calibrated_image_probability
convnext_tiny,internal_test,sex,ece,age_erased,5,-4.205081421081863e-07,-5.086657037315853e-05,9.090585949040123e-05,3,gap_max_minus_min,patient,max_image_outcome,max_calibrated_image_probability
convnext_tiny,internal_test,sex,ece,joint_erased,5,1.0863802690596128e-05,-0.001636116119750803,0.001017656879193491,2,gap_max_minus_min,patient,max_image_outcome,max_calibrated_image_probability
convnext_tiny,internal_test,sex,ece,sex_erased,5,0.0002442190582142616,-0.0004593159723691939,0.0010611629870911094,2,gap_max_minus_min,patient,max_image_outcome,max_calibrated_image_probability
convnext_tiny,internal_test,sex,fnr,age_erased,5,0.0,0.0,0.0,0,gap_max_minus_min,patient,max_image_outcome,max_calibrated_image_probability
convnext_tiny,internal_test,sex,fnr,joint_erased,5,0.007424749163879585,0.0,0.037123745819397924,0,gap_max_minus_min,patient,max_image_outcome,max_calibrated_image_probability
convnext_tiny,internal_test,sex,fnr,sex_erased,5,0.004347826086956519,0.0,0.021739130434782594,0,gap_max_minus_min,patient,max_image_outcome,max_calibrated_image_probability
convnext_tiny,internal_test,sex,fpr,age_erased,5,-0.0004304303990638303,-0.002955665024630516,0.0025799534268147184,4,gap_max_minus_min,patient,max_image_outcome,max_calibrated_image_probability
convnext_tiny,internal_test,sex,fpr,joint_erased,5,0.0020077398395719646,-0.004521359261228208,0.008162034477559477,2,gap_max_minus_min,patient,max_image_outcome,max_calibrated_image_probability
convnext_tiny,internal_test,sex,fpr,sex_erased,5,0.000484432394593548,-0.006224936774005041,0.0053709939521870975,2,gap_max_minus_min,patient,max_image_outcome,max_calibrated_image_probability
convnext_tiny,internal_test,sex,ppv,age_erased,5,0.0002706540787948297,-0.0007936507936508186,0.0018210909638652212,2,gap_max_minus_min,patient,max_image_outcome,max_calibrated_image_probability
convnext_tiny,internal_test,sex,ppv,joint_erased,5,0.002571437522552231,0.00019380847365443876,0.008480230397377914,0,gap_max_minus_min,patient,max_image_outcome,max_calibrated_image_probability
convnext_tiny,internal_test,sex,ppv,sex_erased,5,0.0018454522032546078,-0.0001314958975785624,0.0055303778900032685,1,gap_max_minus_min,patient,max_image_outcome,max_calibrated_image_probability
convnext_tiny,internal_test,sex,sensitivity,age_erased,5,0.0,0.0,0.0,0,gap_max_minus_min,patient,max_image_outcome,max_calibrated_image_probability
convnext_tiny,internal_test,sex,sensitivity,joint_erased,5,0.007424749163879585,0.0,0.037123745819397924,0,gap_max_minus_min,patient,max_image_outcome,max_calibrated_image_probability
convnext_tiny,internal_test,sex,sensitivity,sex_erased,5,0.004347826086956519,0.0,0.021739130434782594,0,gap_max_minus_min,patient,max_image_outcome,max_calibrated_image_probability
convnext_tiny,internal_test,sex_age,auprc,age_erased,5,0.002568060582531351,-0.0008632507724807281,0.007584210404292413,1,gap_max_minus_min,patient,max_image_outcome,max_calibrated_image_probability
convnext_tiny,internal_test,sex_age,auprc,joint_erased,5,0.006889620192579648,-0.0010772603224311617,0.03450481736959787,1,gap_max_minus_min,patient,max_image_outcome,max_calibrated_image_probability
convnext_tiny,internal_test,sex_age,auprc,sex_erased,5,0.006441685659111218,-0.004774956678475162,0.027923907036011664,2,gap_max_minus_min,patient,max_image_outcome,max_calibrated_image_probability
convnext_tiny,internal_test,sex_age,auroc,age_erased,5,0.00030584422108255184,-0.00015837820715880468,0.0013212598627898586,1,gap_max_minus_min,patient,max_image_outcome,max_calibrated_image_probability
convnext_tiny,internal_test,sex_age,auroc,joint_erased,5,0.0028833117305549828,-0.0004028780682446831,0.013868300893828178,2,gap_max_minus_min,patient,max_image_outcome,max_calibrated_image_probability
convnext_tiny,internal_test,sex_age,auroc,sex_erased,5,0.001947674852456216,-0.0015523033556010812,0.01242190415331379,4,gap_max_minus_min,patient,max_image_outcome,max_calibrated_image_probability
convnext_tiny,internal_test,sex_age,brier,age_erased,5,3.4520477887627075e-05,-8.39625952683623e-05,0.00018161694328602124,1,gap_max_minus_min,patient,max_image_outcome,max_calibrated_image_probability
convnext_tiny,internal_test,sex_age,brier,joint_erased,5,-0.0001028395307047375,-0.0014017440963029412,0.0007638646115661132,2,gap_max_minus_min,patient,max_image_outcome,max_calibrated_image_probability
convnext_tiny,internal_test,sex_age,brier,sex_erased,5,-0.0001667449341557964,-0.0015551239128787364,0.0006429414042017217,2,gap_max_minus_min,patient,max_image_outcome,max_calibrated_image_probability
convnext_tiny,internal_test,sex_age,ece,age_erased,5,0.0006369211193013154,-0.00255252952517674,0.0055616251500717195,1,gap_max_minus_min,patient,max_image_outcome,max_calibrated_image_probability
convnext_tiny,internal_test,sex_age,ece,joint_erased,5,0.0010742737411626214,-0.004464429975151701,0.010694540520851753,2,gap_max_minus_min,patient,max_image_outcome,max_calibrated_image_probability
convnext_tiny,internal_test,sex_age,ece,sex_erased,5,0.0011917423571824557,-0.00484158796376229,0.00993817405544253,2,gap_max_minus_min,patient,max_image_outcome,max_calibrated_image_probability
convnext_tiny,internal_test,sex_age,fnr,age_erased,5,0.0,0.0,0.0,0,gap_max_minus_min,patient,max_image_outcome,max_calibrated_image_probability
convnext_tiny,internal_test,sex_age,fnr,joint_erased,5,0.0,0.0,0.0,0,gap_max_minus_min,patient,max_image_outcome,max_calibrated_image_probability
convnext_tiny,internal_test,sex_age,fnr,sex_erased,5,0.0,0.0,0.0,0,gap_max_minus_min,patient,max_image_outcome,max_calibrated_image_probability
convnext_tiny,internal_test,sex_age,fpr,age_erased,5,-0.0016049869435720288,-0.006802721088435382,0.0021222679759264063,2,gap_max_minus_min,patient,max_image_outcome,max_calibrated_image_probability
convnext_tiny,internal_test,sex_age,fpr,joint_erased,5,-0.00040203739804463013,-0.006802721088435382,0.0054274482192102624,3,gap_max_minus_min,patient,max_image_outcome,max_calibrated_image_probability
convnext_tiny,internal_test,sex_age,fpr,sex_erased,5,0.0006609039024364494,-0.006802721088435382,0.00877192982456143,2,gap_max_minus_min,patient,max_image_outcome,max_calibrated_image_probability
convnext_tiny,internal_test,sex_age,ppv,age_erased,5,9.961548355630067e-05,-0.0010868580744497758,0.002371717553600286,2,gap_max_minus_min,patient,max_image_outcome,max_calibrated_image_probability
convnext_tiny,internal_test,sex_age,ppv,joint_erased,5,-0.0012981954266774814,-0.006129184347006128,0.0024984419154005094,3,gap_max_minus_min,patient,max_image_outcome,max_calibrated_image_probability
convnext_tiny,internal_test,sex_age,ppv,sex_erased,5,-0.0006906846846719466,-0.006635769959974724,0.0024984419154005094,2,gap_max_minus_min,patient,max_image_outcome,max_calibrated_image_probability
convnext_tiny,internal_test,sex_age,sensitivity,age_erased,5,0.0,0.0,0.0,0,gap_max_minus_min,patient,max_image_outcome,max_calibrated_image_probability
convnext_tiny,internal_test,sex_age,sensitivity,joint_erased,5,0.0,0.0,0.0,0,gap_max_minus_min,patient,max_image_outcome,max_calibrated_image_probability
convnext_tiny,internal_test,sex_age,sensitivity,sex_erased,5,0.0,0.0,0.0,0,gap_max_minus_min,patient,max_image_outcome,max_calibrated_image_probability
vits16,external_full,age_group,auprc,age_erased,5,-0.000406277123054033,-0.0009601554717318939,0.0005837607648666032,4,gap_max_minus_min,patient,max_image_outcome,max_calibrated_image_probability
vits16,external_full,age_group,auprc,joint_erased,5,4.263953033615264e-05,-0.00133226069036807,0.001622665645811816,3,gap_max_minus_min,patient,max_image_outcome,max_calibrated_image_probability
vits16,external_full,age_group,auprc,sex_erased,5,-0.0007215626940069275,-0.004636627536121596,0.001575897668791737,3,gap_max_minus_min,patient,max_image_outcome,max_calibrated_image_probability
vits16,external_full,age_group,auroc,age_erased,5,-0.00010760428647296205,-0.0005753349673572883,0.00025174492661761416,3,gap_max_minus_min,patient,max_image_outcome,max_calibrated_image_probability
vits16,external_full,age_group,auroc,joint_erased,5,0.00047129864967390136,-0.0016268701256711982,0.002310259791402647,2,gap_max_minus_min,patient,max_image_outcome,max_calibrated_image_probability
vits16,external_full,age_group,auroc,sex_erased,5,0.0011940066249408244,-0.0005953827127850309,0.002485699642911565,1,gap_max_minus_min,patient,max_image_outcome,max_calibrated_image_probability
vits16,external_full,age_group,brier,age_erased,5,-9.480486995669391e-06,-0.0001694969443958999,9.884545516067322e-05,2,gap_max_minus_min,patient,max_image_outcome,max_calibrated_image_probability
vits16,external_full,age_group,brier,joint_erased,5,0.00011247445230190556,-3.506800370017826e-05,0.00019977782901797747,1,gap_max_minus_min,patient,max_image_outcome,max_calibrated_image_probability
vits16,external_full,age_group,brier,sex_erased,5,0.00011175834702261966,-6.772586901238054e-05,0.0002588693056717606,1,gap_max_minus_min,patient,max_image_outcome,max_calibrated_image_probability
vits16,external_full,age_group,ece,age_erased,5,0.00011570987429764811,-0.0001023207126773229,0.0002540421418186778,2,gap_max_minus_min,patient,max_image_outcome,max_calibrated_image_probability
vits16,external_full,age_group,ece,joint_erased,5,2.8107937451826714e-05,-0.0010301536402942957,0.0008104587231563126,2,gap_max_minus_min,patient,max_image_outcome,max_calibrated_image_probability
vits16,external_full,age_group,ece,sex_erased,5,-0.0002123908608601788,-0.001197449722926583,0.0005104200352300803,2,gap_max_minus_min,patient,max_image_outcome,max_calibrated_image_probability
vits16,external_full,age_group,fnr,age_erased,5,0.0017094017094017033,0.0,0.008547008547008517,0,gap_max_minus_min,patient,max_image_outcome,max_calibrated_image_probability
vits16,external_full,age_group,fnr,joint_erased,5,-0.004945567970778053,-0.021239264936743885,0.013605442176870763,3,gap_max_minus_min,patient,max_image_outcome,max_calibrated_image_probability
vits16,external_full,age_group,fnr,sex_erased,5,-0.0030648156698577234,-0.021239264936743885,0.023009203681472523,3,gap_max_minus_min,patient,max_image_outcome,max_calibrated_image_probability
vits16,external_full,age_group,fpr,age_erased,5,-0.002912298563858018,-0.006211180124223614,0.0011483152154709853,4,gap_max_minus_min,patient,max_image_outcome,max_calibrated_image_probability
vits16,external_full,age_group,fpr,joint_erased,5,-0.003734418373862791,-0.018489429464916274,0.006211180124223614,3,gap_max_minus_min,patient,max_image_outcome,max_calibrated_image_probability
vits16,external_full,age_group,fpr,sex_erased,5,-0.0028499212181512636,-0.02080961507976553,0.010501113128745132,3,gap_max_minus_min,patient,max_image_outcome,max_calibrated_image_probability
vits16,external_full,age_group,ppv,age_erased,5,0.00011062652364337011,-0.0014759969028261821,0.0012300991984216247,1,gap_max_minus_min,patient,max_image_outcome,max_calibrated_image_probability
vits16,external_full,age_group,ppv,joint_erased,5,-0.0006500942955169675,-0.004490873203224083,0.002585724745125806,2,gap_max_minus_min,patient,max_image_outcome,max_calibrated_image_probability
vits16,external_full,age_group,ppv,sex_erased,5,-0.0019171140746421067,-0.006710464798370591,0.0015942028985507228,4,gap_max_minus_min,patient,max_image_outcome,max_calibrated_image_probability
vits16,external_full,age_group,sensitivity,age_erased,5,0.0017094017094017033,0.0,0.008547008547008517,0,gap_max_minus_min,patient,max_image_outcome,max_calibrated_image_probability
vits16,external_full,age_group,sensitivity,joint_erased,5,-0.004945567970778053,-0.021239264936743885,0.013605442176870763,3,gap_max_minus_min,patient,max_image_outcome,max_calibrated_image_probability
vits16,external_full,age_group,sensitivity,sex_erased,5,-0.0030648156698577234,-0.021239264936743885,0.023009203681472523,3,gap_max_minus_min,patient,max_image_outcome,max_calibrated_image_probability
vits16,external_full,sex,auprc,age_erased,5,4.6588978395223354e-05,-0.0005079948542054957,0.0005102390372895282,2,gap_max_minus_min,patient,max_image_outcome,max_calibrated_image_probability
vits16,external_full,sex,auprc,joint_erased,5,-0.0010182792893223213,-0.0017558594713242837,0.00014391094694321538,4,gap_max_minus_min,patient,max_image_outcome,max_calibrated_image_probability
vits16,external_full,sex,auprc,sex_erased,5,-0.0006294630647576627,-0.0019258409993382353,0.00030747727342417264,4,gap_max_minus_min,patient,max_image_outcome,max_calibrated_image_probability
vits16,external_full,sex,auroc,age_erased,5,-0.00014628333758521795,-0.00037470080446866394,0.00014670492924973022,4,gap_max_minus_min,patient,max_image_outcome,max_calibrated_image_probability
vits16,external_full,sex,auroc,joint_erased,5,0.00032803195270132425,-0.0006377919432576373,0.0009975912763894312,1,gap_max_minus_min,patient,max_image_outcome,max_calibrated_image_probability
vits16,external_full,sex,auroc,sex_erased,5,0.000290315196280444,-0.0004355400696863798,0.0006067556207137725,1,gap_max_minus_min,patient,max_image_outcome,max_calibrated_image_probability
vits16,external_full,sex,brier,age_erased,5,4.6122501361356426e-05,-2.0697688192405916e-05,0.00011239465243831348,2,gap_max_minus_min,patient,max_image_outcome,max_calibrated_image_probability
vits16,external_full,sex,brier,joint_erased,5,7.841018642889552e-05,-5.586867930854056e-05,0.00030909306846355067,2,gap_max_minus_min,patient,max_image_outcome,max_calibrated_image_probability
vits16,external_full,sex,brier,sex_erased,5,5.497308199470807e-05,-5.065711193458222e-05,0.00029091367796299505,2,gap_max_minus_min,patient,max_image_outcome,max_calibrated_image_probability
vits16,external_full,sex,ece,age_erased,5,0.00011952599612011228,-4.93759575269509e-05,0.0002850220875223186,1,gap_max_minus_min,patient,max_image_outcome,max_calibrated_image_probability
vits16,external_full,sex,ece,joint_erased,5,-0.0001689681171694185,-0.0026124299814142132,0.0006218250487530774,1,gap_max_minus_min,patient,max_image_outcome,max_calibrated_image_probability
vits16,external_full,sex,ece,sex_erased,5,-0.00011940754062048642,-0.0024704013999266167,0.0007903500048429546,1,gap_max_minus_min,patient,max_image_outcome,max_calibrated_image_probability
vits16,external_full,sex,fnr,age_erased,5,-0.004517704517704546,-0.008547008547008628,0.0,3,gap_max_minus_min,patient,max_image_outcome,max_calibrated_image_probability
vits16,external_full,sex,fnr,joint_erased,5,-0.0024420024420024776,-0.010989010989011061,0.013431013431013272,3,gap_max_minus_min,patient,max_image_outcome,max_calibrated_image_probability
vits16,external_full,sex,fnr,sex_erased,5,-0.002319902319902356,-0.010989010989011061,0.013431013431013272,4,gap_max_minus_min,patient,max_image_outcome,max_calibrated_image_probability
vits16,external_full,sex,fpr,age_erased,5,-0.0010799294739934906,-0.004536438436673507,0.0030487804878049918,2,gap_max_minus_min,patient,max_image_outcome,max_calibrated_image_probability
vits16,external_full,sex,fpr,joint_erased,5,0.0010762562444901701,-0.0060975609756097615,0.00795254187481631,3,gap_max_minus_min,patient,max_image_outcome,max_calibrated_image_probability
vits16,external_full,sex,fpr,sex_erased,5,0.0015537760799294587,-0.0030855127828387507,0.009476932118718695,2,gap_max_minus_min,patient,max_image_outcome,max_calibrated_image_probability
vits16,external_full,sex,ppv,age_erased,5,0.0001981705830659819,-0.0022521276922604083,0.002926401014485658,3,gap_max_minus_min,patient,max_image_outcome,max_calibrated_image_probability
vits16,external_full,sex,ppv,joint_erased,5,-0.0009880156317945365,-0.0029169375624192306,0.002740539030861633,4,gap_max_minus_min,patient,max_image_outcome,max_calibrated_image_probability
vits16,external_full,sex,ppv,sex_erased,5,-0.0008122325186216029,-0.002638888888888913,0.0036626900694948783,4,gap_max_minus_min,patient,max_image_outcome,max_calibrated_image_probability
vits16,external_full,sex,sensitivity,age_erased,5,-0.004517704517704546,-0.008547008547008628,0.0,3,gap_max_minus_min,patient,max_image_outcome,max_calibrated_image_probability
vits16,external_full,sex,sensitivity,joint_erased,5,-0.0024420024420024776,-0.010989010989011061,0.013431013431013272,3,gap_max_minus_min,patient,max_image_outcome,max_calibrated_image_probability
vits16,external_full,sex,sensitivity,sex_erased,5,-0.002319902319902356,-0.010989010989011061,0.013431013431013272,4,gap_max_minus_min,patient,max_image_outcome,max_calibrated_image_probability
vits16,external_full,sex_age,auprc,age_erased,5,-0.0010561661181397342,-0.0036925641929609343,0.00027089201087487913,4,gap_max_minus_min,patient,max_image_outcome,max_calibrated_image_probability
vits16,external_full,sex_age,auprc,joint_erased,5,-0.0008099328881550183,-0.004257820909240317,0.004302648508658968,4,gap_max_minus_min,patient,max_image_outcome,max_calibrated_image_probability
vits16,external_full,sex_age,auprc,sex_erased,5,-0.004633087138628233,-0.016499679375250986,-0.000237809327284344,5,gap_max_minus_min,patient,max_image_outcome,max_calibrated_image_probability
vits16,external_full,sex_age,auroc,age_erased,5,-0.00012386718269068452,-0.0010893246187363426,0.0015898251192371093,4,gap_max_minus_min,patient,max_image_outcome,max_calibrated_image_probability
vits16,external_full,sex_age,auroc,joint_erased,5,0.0023742191389250823,-1.1151971935907667e-06,0.0051914659757796855,1,gap_max_minus_min,patient,max_image_outcome,max_calibrated_image_probability
vits16,external_full,sex_age,auroc,sex_erased,5,0.002823206450657456,-0.000869541555816089,0.006781291095016684,1,gap_max_minus_min,patient,max_image_outcome,max_calibrated_image_probability
vits16,external_full,sex_age,brier,age_erased,5,-8.5601518227979e-06,-0.00010470026602055205,0.00010262950028973317,3,gap_max_minus_min,patient,max_image_outcome,max_calibrated_image_probability
vits16,external_full,sex_age,brier,joint_erased,5,-9.751499771426253e-05,-0.0003968261656489558,0.00035102860956487403,3,gap_max_minus_min,patient,max_image_outcome,max_calibrated_image_probability
vits16,external_full,sex_age,brier,sex_erased,5,-0.00012326370477667436,-0.00047448931861820975,0.00028562060520498367,3,gap_max_minus_min,patient,max_image_outcome,max_calibrated_image_probability
vits16,external_full,sex_age,ece,age_erased,5,-0.0005302346291569754,-0.0022983476589116536,0.0004818211193696603,2,gap_max_minus_min,patient,max_image_outcome,max_calibrated_image_probability
vits16,external_full,sex_age,ece,joint_erased,5,-0.0009256313861115695,-0.006168718021978686,0.0016758329417287943,3,gap_max_minus_min,patient,max_image_outcome,max_calibrated_image_probability
vits16,external_full,sex_age,ece,sex_erased,5,-0.00126240299839967,-0.006605470812908451,0.001066157830729178,3,gap_max_minus_min,patient,max_image_outcome,max_calibrated_image_probability
vits16,external_full,sex_age,fnr,age_erased,5,0.004545454545454542,0.0,0.022727272727272707,0,gap_max_minus_min,patient,max_image_outcome,max_calibrated_image_probability
vits16,external_full,sex_age,fnr,joint_erased,5,0.0,-0.022727272727272707,0.022727272727272707,1,gap_max_minus_min,patient,max_image_outcome,max_calibrated_image_probability
vits16,external_full,sex_age,fnr,sex_erased,5,-0.004545454545454542,-0.022727272727272707,0.022727272727272707,2,gap_max_minus_min,patient,max_image_outcome,max_calibrated_image_probability
vits16,external_full,sex_age,fpr,age_erased,5,-0.00452721945622554,-0.00909090909090915,0.0,3,gap_max_minus_min,patient,max_image_outcome,max_calibrated_image_probability
vits16,external_full,sex_age,fpr,joint_erased,5,-0.0033318991128321596,-0.01532567049808431,0.0066875653082549835,2,gap_max_minus_min,patient,max_image_outcome,max_calibrated_image_probability
vits16,external_full,sex_age,fpr,sex_erased,5,-0.0020685668150171254,-0.009009009009009028,0.0066875653082549835,3,gap_max_minus_min,patient,max_image_outcome,max_calibrated_image_probability
vits16,external_full,sex_age,ppv,age_erased,5,0.0007556018759770744,-0.0014851485148514865,0.0052631578947368585,1,gap_max_minus_min,patient,max_image_outcome,max_calibrated_image_probability
vits16,external_full,sex_age,ppv,joint_erased,5,-0.002273165782469733,-0.010343512964659629,0.0031659882406151474,2,gap_max_minus_min,patient,max_image_outcome,max_calibrated_image_probability
vits16,external_full,sex_age,ppv,sex_erased,5,-0.00385211315089079,-0.010343512964659629,0.0,3,gap_max_minus_min,patient,max_image_outcome,max_calibrated_image_probability
vits16,external_full,sex_age,sensitivity,age_erased,5,0.004545454545454542,0.0,0.022727272727272707,0,gap_max_minus_min,patient,max_image_outcome,max_calibrated_image_probability
vits16,external_full,sex_age,sensitivity,joint_erased,5,0.0,-0.022727272727272707,0.022727272727272707,1,gap_max_minus_min,patient,max_image_outcome,max_calibrated_image_probability
vits16,external_full,sex_age,sensitivity,sex_erased,5,-0.004545454545454542,-0.022727272727272707,0.022727272727272707,2,gap_max_minus_min,patient,max_image_outcome,max_calibrated_image_probability
vits16,internal_test,age_group,auprc,age_erased,5,-5.89455819642204e-05,-0.00055760509295677,0.00034012144174733194,3,gap_max_minus_min,patient,max_image_outcome,max_calibrated_image_probability
vits16,internal_test,age_group,auprc,joint_erased,5,-0.0010305034790877964,-0.002450703283793265,0.0005872937820250446,3,gap_max_minus_min,patient,max_image_outcome,max_calibrated_image_probability
vits16,internal_test,age_group,auprc,sex_erased,5,-0.000806800736213531,-0.00260247073142994,0.000935461352082334,4,gap_max_minus_min,patient,max_image_outcome,max_calibrated_image_probability
vits16,internal_test,age_group,auroc,age_erased,5,-7.672562644012171e-05,-0.00038859433596261095,0.00015614620225068432,3,gap_max_minus_min,patient,max_image_outcome,max_calibrated_image_probability
vits16,internal_test,age_group,auroc,joint_erased,5,5.649305123205384e-05,-0.0004215698952539926,0.00043347924408254634,2,gap_max_minus_min,patient,max_image_outcome,max_calibrated_image_probability
vits16,internal_test,age_group,auroc,sex_erased,5,0.00036688946846834546,0.00011733898991317382,0.0005255857191678315,0,gap_max_minus_min,patient,max_image_outcome,max_calibrated_image_probability
vits16,internal_test,age_group,brier,age_erased,5,-1.9522334757747507e-05,-4.037890721823867e-05,2.538920435444375e-05,4,gap_max_minus_min,patient,max_image_outcome,max_calibrated_image_probability
vits16,internal_test,age_group,brier,joint_erased,5,-7.282310559152197e-05,-0.00015804067820677364,-1.2014017124889476e-05,5,gap_max_minus_min,patient,max_image_outcome,max_calibrated_image_probability
vits16,internal_test,age_group,brier,sex_erased,5,-6.978474747779337e-05,-0.0001231457029823961,-3.124829729574466e-05,5,gap_max_minus_min,patient,max_image_outcome,max_calibrated_image_probability
vits16,internal_test,age_group,ece,age_erased,5,-0.00047459275641660234,-0.0023927706454178847,6.837794323508867e-05,4,gap_max_minus_min,patient,max_image_outcome,max_calibrated_image_probability
vits16,internal_test,age_group,ece,joint_erased,5,-4.580200414174215e-05,-0.00017334590980573952,4.77636114562946e-05,3,gap_max_minus_min,patient,max_image_outcome,max_calibrated_image_probability
vits16,internal_test,age_group,ece,sex_erased,5,-6.716507960195864e-05,-0.0002074461576327402,9.771190338778504e-05,4,gap_max_minus_min,patient,max_image_outcome,max_calibrated_image_probability
vits16,internal_test,age_group,fnr,age_erased,5,0.0,0.0,0.0,0,gap_max_minus_min,patient,max_image_outcome,max_calibrated_image_probability
vits16,internal_test,age_group,fnr,joint_erased,5,-0.009756097560975596,-0.04878048780487798,0.0,1,gap_max_minus_min,patient,max_image_outcome,max_calibrated_image_probability
vits16,internal_test,age_group,fnr,sex_erased,5,-0.009756097560975596,-0.04878048780487798,0.0,1,gap_max_minus_min,patient,max_image_outcome,max_calibrated_image_probability
vits16,internal_test,age_group,fpr,age_erased,5,0.0003122751250027811,-0.003058103975535187,0.0023419203747072626,2,gap_max_minus_min,patient,max_image_outcome,max_calibrated_image_probability
vits16,internal_test,age_group,fpr,joint_erased,5,3.2183974572719263e-06,-0.007485614139650987,0.004586871629579159,2,gap_max_minus_min,patient,max_image_outcome,max_calibrated_image_probability
vits16,internal_test,age_group,fpr,sex_erased,5,0.00040147006895796533,-0.0036895918034299813,0.005381434052518785,2,gap_max_minus_min,patient,max_image_outcome,max_calibrated_image_probability
vits16,internal_test,age_group,ppv,age_erased,5,0.0006285458431881469,-0.0003591389643330112,0.0010754133620110295,1,gap_max_minus_min,patient,max_image_outcome,max_calibrated_image_probability
vits16,internal_test,age_group,ppv,joint_erased,5,0.000994358812003926,-0.0014344077815373335,0.004905063291139211,3,gap_max_minus_min,patient,max_image_outcome,max_calibrated_image_probability
vits16,internal_test,age_group,ppv,sex_erased,5,0.0009186448507989664,-0.003065364722668079,0.005980476653150241,3,gap_max_minus_min,patient,max_image_outcome,max_calibrated_image_probability
vits16,internal_test,age_group,sensitivity,age_erased,5,0.0,0.0,0.0,0,gap_max_minus_min,patient,max_image_outcome,max_calibrated_image_probability
vits16,internal_test,age_group,sensitivity,joint_erased,5,-0.009756097560975596,-0.04878048780487798,0.0,1,gap_max_minus_min,patient,max_image_outcome,max_calibrated_image_probability
vits16,internal_test,age_group,sensitivity,sex_erased,5,-0.009756097560975596,-0.04878048780487798,0.0,1,gap_max_minus_min,patient,max_image_outcome,max_calibrated_image_probability
vits16,internal_test,sex,auprc,age_erased,5,-3.728277397103685e-05,-0.00043975855832145694,0.0003689343313214577,3,gap_max_minus_min,patient,max_image_outcome,max_calibrated_image_probability
vits16,internal_test,sex,auprc,joint_erased,5,-0.00027759735261836396,-0.002852210038780778,0.0020499499041743974,3,gap_max_minus_min,patient,max_image_outcome,max_calibrated_image_probability
vits16,internal_test,sex,auprc,sex_erased,5,-0.000783075276579237,-0.005024751620431034,0.0014911458896008645,3,gap_max_minus_min,patient,max_image_outcome,max_calibrated_image_probability
vits16,internal_test,sex,auroc,age_erased,5,-1.2042661506739272e-05,-0.00013128261928119223,0.0001129053172538308,3,gap_max_minus_min,patient,max_image_outcome,max_calibrated_image_probability
vits16,internal_test,sex,auroc,joint_erased,5,5.114292236265694e-05,-0.0004042023763765057,0.0009845648643422855,3,gap_max_minus_min,patient,max_image_outcome,max_calibrated_image_probability
vits16,internal_test,sex,auroc,sex_erased,5,-2.141246812601416e-05,-0.0007645924362480461,0.0007083863125421086,3,gap_max_minus_min,patient,max_image_outcome,max_calibrated_image_probability
vits16,internal_test,sex,brier,age_erased,5,-7.995568798081081e-06,-3.474863575726739e-05,2.5953062743677008e-05,3,gap_max_minus_min,patient,max_image_outcome,max_calibrated_image_probability
vits16,internal_test,sex,brier,joint_erased,5,6.993081379991355e-05,-1.3388172343233029e-05,0.0001299006128752736,1,gap_max_minus_min,patient,max_image_outcome,max_calibrated_image_probability
vits16,internal_test,sex,brier,sex_erased,5,7.346966952392341e-05,7.653758476864475e-06,0.00017100123101774709,0,gap_max_minus_min,patient,max_image_outcome,max_calibrated_image_probability
vits16,internal_test,sex,ece,age_erased,5,-1.443875559417572e-05,-4.898190015096421e-05,2.6788525607944133e-05,3,gap_max_minus_min,patient,max_image_outcome,max_calibrated_image_probability
vits16,internal_test,sex,ece,joint_erased,5,1.0717244013330045e-05,-0.0005918710481871894,0.00037135662949604013,2,gap_max_minus_min,patient,max_image_outcome,max_calibrated_image_probability
vits16,internal_test,sex,ece,sex_erased,5,-0.00027918777876809463,-0.002035512333421521,0.0003320170889893181,1,gap_max_minus_min,patient,max_image_outcome,max_calibrated_image_probability
vits16,internal_test,sex,fnr,age_erased,5,0.0,0.0,0.0,0,gap_max_minus_min,patient,max_image_outcome,max_calibrated_image_probability
vits16,internal_test,sex,fnr,joint_erased,5,0.00012987012987013545,0.0,0.0006493506493506773,0,gap_max_minus_min,patient,max_image_outcome,max_calibrated_image_probability
vits16,internal_test,sex,fnr,sex_erased,5,0.00012987012987013545,0.0,0.0006493506493506773,0,gap_max_minus_min,patient,max_image_outcome,max_calibrated_image_probability
vits16,internal_test,sex,fpr,age_erased,5,-0.0003716405096826136,-0.003527336860670194,0.0034071550255535543,3,gap_max_minus_min,patient,max_image_outcome,max_calibrated_image_probability
vits16,internal_test,sex,fpr,joint_erased,5,-2.7832945213335235e-05,-0.003116714592169001,0.009351063114503955,4,gap_max_minus_min,patient,max_image_outcome,max_calibrated_image_probability
vits16,internal_test,sex,fpr,sex_erased,5,0.0010564039811235438,-0.0020387359836900876,0.007204663118641541,3,gap_max_minus_min,patient,max_image_outcome,max_calibrated_image_probability
vits16,internal_test,sex,ppv,age_erased,5,-0.0009036512224956467,-0.002078050154973199,0.000596460078788219,4,gap_max_minus_min,patient,max_image_outcome,max_calibrated_image_probability
vits16,internal_test,sex,ppv,joint_erased,5,-0.0005951444577790537,-0.003434317166918957,0.0020218652988740204,2,gap_max_minus_min,patient,max_image_outcome,max_calibrated_image_probability
vits16,internal_test,sex,ppv,sex_erased,5,-0.0009101784420866898,-0.003561976502914274,0.00045853050144896434,3,gap_max_minus_min,patient,max_image_outcome,max_calibrated_image_probability
vits16,internal_test,sex,sensitivity,age_erased,5,0.0,0.0,0.0,0,gap_max_minus_min,patient,max_image_outcome,max_calibrated_image_probability
vits16,internal_test,sex,sensitivity,joint_erased,5,0.00012987012987013545,0.0,0.0006493506493506773,0,gap_max_minus_min,patient,max_image_outcome,max_calibrated_image_probability
vits16,internal_test,sex,sensitivity,sex_erased,5,0.00012987012987013545,0.0,0.0006493506493506773,0,gap_max_minus_min,patient,max_image_outcome,max_calibrated_image_probability
vits16,internal_test,sex_age,auprc,age_erased,5,-9.743623083445785e-05,-0.0018155410312272746,0.0006741707763806559,1,gap_max_minus_min,patient,max_image_outcome,max_calibrated_image_probability
vits16,internal_test,sex_age,auprc,joint_erased,5,-0.00039440681058956485,-0.0016346325503643344,0.00032049968694636277,2,gap_max_minus_min,patient,max_image_outcome,max_calibrated_image_probability
vits16,internal_test,sex_age,auprc,sex_erased,5,-0.0003953228735976588,-0.002881690272105719,0.001322751322751281,3,gap_max_minus_min,patient,max_image_outcome,max_calibrated_image_probability
vits16,internal_test,sex_age,auroc,age_erased,5,-0.0002582334483381299,-0.0008430722037910954,0.00037327360955585753,3,gap_max_minus_min,patient,max_image_outcome,max_calibrated_image_probability
vits16,internal_test,sex_age,auroc,joint_erased,5,6.018381436678766e-05,-0.00060606060606061,0.0004954787563483665,2,gap_max_minus_min,patient,max_image_outcome,max_calibrated_image_probability
vits16,internal_test,sex_age,auroc,sex_erased,5,0.00018498462681357797,-0.0010101010101010166,0.0012621909541036258,2,gap_max_minus_min,patient,max_image_outcome,max_calibrated_image_probability
vits16,internal_test,sex_age,brier,age_erased,5,-1.5145570066955882e-05,-6.711188926133288e-05,8.00134095008953e-05,4,gap_max_minus_min,patient,max_image_outcome,max_calibrated_image_probability
vits16,internal_test,sex_age,brier,joint_erased,5,-3.631398172674258e-05,-0.0001890650126770005,0.00012891110880132103,2,gap_max_minus_min,patient,max_image_outcome,max_calibrated_image_probability
vits16,internal_test,sex_age,brier,sex_erased,5,-4.437717630087074e-05,-0.00017223737521096516,0.000145052714045725,4,gap_max_minus_min,patient,max_image_outcome,max_calibrated_image_probability
vits16,internal_test,sex_age,ece,age_erased,5,-0.00011448905290163889,-0.00046954694300650746,4.9495094104370224e-05,4,gap_max_minus_min,patient,max_image_outcome,max_calibrated_image_probability
vits16,internal_test,sex_age,ece,joint_erased,5,6.932388813293833e-05,-0.00011938105069950189,0.00016728250665358144,1,gap_max_minus_min,patient,max_image_outcome,max_calibrated_image_probability
vits16,internal_test,sex_age,ece,sex_erased,5,0.00010914250955285781,-6.512351900772595e-06,0.0001940122687755265,1,gap_max_minus_min,patient,max_image_outcome,max_calibrated_image_probability
vits16,internal_test,sex_age,fnr,age_erased,5,0.0,0.0,0.0,0,gap_max_minus_min,patient,max_image_outcome,max_calibrated_image_probability
vits16,internal_test,sex_age,fnr,joint_erased,5,-0.0005291005291005347,-0.002645502645502673,0.0,1,gap_max_minus_min,patient,max_image_outcome,max_calibrated_image_probability
vits16,internal_test,sex_age,fnr,sex_erased,5,-0.0005291005291005347,-0.002645502645502673,0.0,1,gap_max_minus_min,patient,max_image_outcome,max_calibrated_image_probability
vits16,internal_test,sex_age,fpr,age_erased,5,0.0004955994189524082,-0.0035460992907802025,0.006024096385542244,1,gap_max_minus_min,patient,max_image_outcome,max_calibrated_image_probability
vits16,internal_test,sex_age,fpr,joint_erased,5,0.0013624453029692286,-0.008400468222819035,0.0064102564102563875,2,gap_max_minus_min,patient,max_image_outcome,max_calibrated_image_probability
vits16,internal_test,sex_age,fpr,sex_erased,5,0.0020830409488985734,-0.004854368932038833,0.009615384615384581,2,gap_max_minus_min,patient,max_image_outcome,max_calibrated_image_probability
vits16,internal_test,sex_age,ppv,age_erased,5,0.00013750331020169758,-0.0005120036409147766,0.0011995201919232645,1,gap_max_minus_min,patient,max_image_outcome,max_calibrated_image_probability
vits16,internal_test,sex_age,ppv,joint_erased,5,0.005352801674003959,-0.0006343658458660417,0.018319787474683658,2,gap_max_minus_min,patient,max_image_outcome,max_calibrated_image_probability
vits16,internal_test,sex_age,ppv,sex_erased,5,0.005236756194159914,-0.0006343658458660417,0.019540229885057436,1,gap_max_minus_min,patient,max_image_outcome,max_calibrated_image_probability
vits16,internal_test,sex_age,sensitivity,age_erased,5,0.0,0.0,0.0,0,gap_max_minus_min,patient,max_image_outcome,max_calibrated_image_probability
vits16,internal_test,sex_age,sensitivity,joint_erased,5,-0.0005291005291005347,-0.002645502645502673,0.0,1,gap_max_minus_min,patient,max_image_outcome,max_calibrated_image_probability
vits16,internal_test,sex_age,sensitivity,sex_erased,5,-0.0005291005291005347,-0.002645502645502673,0.0,1,gap_max_minus_min,patient,max_image_outcome,max_calibrated_image_probability
