method,mean_l2_distance,covariance_frobenius_distance,covariance_relative_distance,backbone,direction,source,target,split_index,source_reference_n,target_n,source_shrinkage,target_shrinkage,subspace_components,subspace_source_variance,ot_regularisation,ot_regularisation_scale,ot_iterations,ot_variance_kept,ot_support_patients,coordinate_space
unaligned,22.68309225312276,79.17793732706252,1.1173923443668585,vits16,brset_to_mbrset,brset,mbrset,0,5114,1287,0.0045444862636725555,0.014339893040101463,102.0,0.9503128805846958,10.70333464007987,0.01,214.0,0.44700763859411186,3000.0,source-training-image-standardised-patient-mean-coordinates
mean_variance,1.2441682083031708e-08,74.42602084482402,1.0503313008795694,vits16,brset_to_mbrset,brset,mbrset,0,5114,1287,0.0045444862636725555,0.014339893040101463,102.0,0.9503128805846958,10.70333464007987,0.01,214.0,0.44700763859411186,3000.0,source-training-image-standardised-patient-mean-coordinates
coral,1.1658525461738942e-08,3.679583109738219,0.051927824038904155,vits16,brset_to_mbrset,brset,mbrset,0,5114,1287,0.0045444862636725555,0.014339893040101463,102.0,0.9503128805846958,10.70333464007987,0.01,214.0,0.44700763859411186,3000.0,source-training-image-standardised-patient-mean-coordinates
subspace,1.209327865871693e-08,8.427915313890002,0.11893828468671319,vits16,brset_to_mbrset,brset,mbrset,0,5114,1287,0.0045444862636725555,0.014339893040101463,102.0,0.9503128805846958,10.70333464007987,0.01,214.0,0.44700763859411186,3000.0,source-training-image-standardised-patient-mean-coordinates
ot_gaussian,1.2501457507958392e-08,0.9724458555045539,0.013723564807752001,vits16,brset_to_mbrset,brset,mbrset,0,5114,1287,0.0045444862636725555,0.014339893040101463,102.0,0.9503128805846958,10.70333464007987,0.01,214.0,0.44700763859411186,3000.0,source-training-image-standardised-patient-mean-coordinates
ot_entropic,0.19354439187958278,29.480609163828838,0.4160427525519111,vits16,brset_to_mbrset,brset,mbrset,0,5114,1287,0.0045444862636725555,0.014339893040101463,102.0,0.9503128805846958,10.70333464007987,0.01,214.0,0.44700763859411186,3000.0,source-training-image-standardised-patient-mean-coordinates
unaligned,20.378637885792575,64.94270898872396,1.1761081729356113,vits16,mbrset_to_brset,mbrset,brset,0,772,8524,0.026067064911641027,0.002355219189111233,84.0,0.9505074604883575,8.721435634090637,0.01,205.0,0.5988225893266806,772.0,source-training-image-standardised-patient-mean-coordinates
mean_variance,4.115833585575461e-09,55.551297964586404,1.0060303392129128,vits16,mbrset_to_brset,mbrset,brset,0,772,8524,0.026067064911641027,0.002355219189111233,84.0,0.9505074604883575,8.721435634090637,0.01,205.0,0.5988225893266806,772.0,source-training-image-standardised-patient-mean-coordinates
coral,4.152184731910947e-09,1.5442158485609758,0.02796564708418008,vits16,mbrset_to_brset,mbrset,brset,0,772,8524,0.026067064911641027,0.002355219189111233,84.0,0.9505074604883575,8.721435634090637,0.01,205.0,0.5988225893266806,772.0,source-training-image-standardised-patient-mean-coordinates
subspace,4.21335893277435e-09,9.811574783204755,0.17768697166451225,vits16,mbrset_to_brset,mbrset,brset,0,772,8524,0.026067064911641027,0.002355219189111233,84.0,0.9505074604883575,8.721435634090637,0.01,205.0,0.5988225893266806,772.0,source-training-image-standardised-patient-mean-coordinates
ot_gaussian,4.158735784922264e-09,1.3668051411038293,0.024752750882962672,vits16,mbrset_to_brset,mbrset,brset,0,772,8524,0.026067064911641027,0.002355219189111233,84.0,0.9505074604883575,8.721435634090637,0.01,205.0,0.5988225893266806,772.0,source-training-image-standardised-patient-mean-coordinates
ot_entropic,4.6687796683242264e-09,16.785856541107606,0.30399075392973146,vits16,mbrset_to_brset,mbrset,brset,0,772,8524,0.026067064911641027,0.002355219189111233,84.0,0.9505074604883575,8.721435634090637,0.01,205.0,0.5988225893266806,772.0,source-training-image-standardised-patient-mean-coordinates
unaligned,22.562776669701183,78.92655135416247,1.1129405686107785,vits16,brset_to_mbrset,brset,mbrset,1,5114,1287,0.004511177109231983,0.01434817666463632,102.0,0.950577998553668,10.671559263263957,0.01,299.0,0.4502241851586249,3000.0,source-training-image-standardised-patient-mean-coordinates
mean_variance,1.2428109232122718e-08,74.33472538392274,1.0481913895500008,vits16,brset_to_mbrset,brset,mbrset,1,5114,1287,0.004511177109231983,0.01434817666463632,102.0,0.950577998553668,10.671559263263957,0.01,299.0,0.4502241851586249,3000.0,source-training-image-standardised-patient-mean-coordinates
coral,1.1587939749912727e-08,3.633117384006183,0.0512304624718954,vits16,brset_to_mbrset,brset,mbrset,1,5114,1287,0.004511177109231983,0.01434817666463632,102.0,0.950577998553668,10.671559263263957,0.01,299.0,0.4502241851586249,3000.0,source-training-image-standardised-patient-mean-coordinates
subspace,1.1848133925534927e-08,8.400526086804328,0.11845552756670168,vits16,brset_to_mbrset,brset,mbrset,1,5114,1287,0.004511177109231983,0.01434817666463632,102.0,0.950577998553668,10.671559263263957,0.01,299.0,0.4502241851586249,3000.0,source-training-image-standardised-patient-mean-coordinates
ot_gaussian,1.0858709754816348e-08,0.9645949047694271,0.013601719362802607,vits16,brset_to_mbrset,brset,mbrset,1,5114,1287,0.004511177109231983,0.01434817666463632,102.0,0.950577998553668,10.671559263263957,0.01,299.0,0.4502241851586249,3000.0,source-training-image-standardised-patient-mean-coordinates
ot_entropic,0.1688602205954016,29.287904063660065,0.41298772140395457,vits16,brset_to_mbrset,brset,mbrset,1,5114,1287,0.004511177109231983,0.01434817666463632,102.0,0.950577998553668,10.671559263263957,0.01,299.0,0.4502241851586249,3000.0,source-training-image-standardised-patient-mean-coordinates
unaligned,20.427410470697772,64.66952755900391,1.1623784797651577,vits16,mbrset_to_brset,mbrset,brset,1,772,8524,0.027394487087463403,0.0023535297728601774,84.0,0.9504216108946761,8.765693183931235,0.01,198.0,0.6010299306707277,772.0,source-training-image-standardised-patient-mean-coordinates
mean_variance,4.188527137912797e-09,56.090809208452846,1.0081834829708962,vits16,mbrset_to_brset,mbrset,brset,1,772,8524,0.027394487087463403,0.0023535297728601774,84.0,0.9504216108946761,8.765693183931235,0.01,198.0,0.6010299306707277,772.0,source-training-image-standardised-patient-mean-coordinates
coral,4.088961837765468e-09,1.6231217405720333,0.029174200778852216,vits16,mbrset_to_brset,mbrset,brset,1,772,8524,0.027394487087463403,0.0023535297728601774,84.0,0.9504216108946761,8.765693183931235,0.01,198.0,0.6010299306707277,772.0,source-training-image-standardised-patient-mean-coordinates
subspace,4.3842637324833416e-09,8.968078286813679,0.16119340281139927,vits16,mbrset_to_brset,mbrset,brset,1,772,8524,0.027394487087463403,0.0023535297728601774,84.0,0.9504216108946761,8.765693183931235,0.01,198.0,0.6010299306707277,772.0,source-training-image-standardised-patient-mean-coordinates
ot_gaussian,4.172264126422014e-09,1.4483247321226207,0.026032376667588286,vits16,mbrset_to_brset,mbrset,brset,1,772,8524,0.027394487087463403,0.0023535297728601774,84.0,0.9504216108946761,8.765693183931235,0.01,198.0,0.6010299306707277,772.0,source-training-image-standardised-patient-mean-coordinates
ot_entropic,8.975262821671275e-09,16.932433407314207,0.3043457551898932,vits16,mbrset_to_brset,mbrset,brset,1,772,8524,0.027394487087463403,0.0023535297728601774,84.0,0.9504216108946761,8.765693183931235,0.01,198.0,0.6010299306707277,772.0,source-training-image-standardised-patient-mean-coordinates
unaligned,22.680967570089567,79.05172641034753,1.121049850554334,vits16,brset_to_mbrset,brset,mbrset,2,5114,1287,0.004496362924867938,0.014354110590929057,102.0,0.950604212310348,10.762826931982948,0.01,234.0,0.4516059114265642,3000.0,source-training-image-standardised-patient-mean-coordinates
mean_variance,1.2113047504450987e-08,74.12329876865573,1.0511587384677137,vits16,brset_to_mbrset,brset,mbrset,2,5114,1287,0.004496362924867938,0.014354110590929057,102.0,0.950604212310348,10.762826931982948,0.01,234.0,0.4516059114265642,3000.0,source-training-image-standardised-patient-mean-coordinates
coral,1.1708179108136736e-08,3.669216490091732,0.052033962882946115,vits16,brset_to_mbrset,brset,mbrset,2,5114,1287,0.004496362924867938,0.014354110590929057,102.0,0.950604212310348,10.762826931982948,0.01,234.0,0.4516059114265642,3000.0,source-training-image-standardised-patient-mean-coordinates
subspace,1.1488367853147309e-08,8.99085663037084,0.12750130755542047,vits16,brset_to_mbrset,brset,mbrset,2,5114,1287,0.004496362924867938,0.014354110590929057,102.0,0.950604212310348,10.762826931982948,0.01,234.0,0.4516059114265642,3000.0,source-training-image-standardised-patient-mean-coordinates
ot_gaussian,1.1914920232471318e-08,0.9764630021306643,0.01384743575273937,vits16,brset_to_mbrset,brset,mbrset,2,5114,1287,0.004496362924867938,0.014354110590929057,102.0,0.950604212310348,10.762826931982948,0.01,234.0,0.4516059114265642,3000.0,source-training-image-standardised-patient-mean-coordinates
ot_entropic,0.18107667567422808,29.28240498637744,0.4152602001814472,vits16,brset_to_mbrset,brset,mbrset,2,5114,1287,0.004496362924867938,0.014354110590929057,102.0,0.950604212310348,10.762826931982948,0.01,234.0,0.4516059114265642,3000.0,source-training-image-standardised-patient-mean-coordinates
unaligned,20.517781361369178,65.00220439448387,1.1741169393472906,vits16,mbrset_to_brset,mbrset,brset,2,772,8524,0.027216409074271777,0.0023525311718999966,84.0,0.950204825177196,8.780250687416949,0.01,297.0,0.600071601956683,772.0,source-training-image-standardised-patient-mean-coordinates
mean_variance,4.290953862303521e-09,56.0132141937401,1.0117512817417509,vits16,mbrset_to_brset,mbrset,brset,2,772,8524,0.027216409074271777,0.0023525311718999966,84.0,0.950204825177196,8.780250687416949,0.01,297.0,0.600071601956683,772.0,source-training-image-standardised-patient-mean-coordinates
coral,4.1620181585226126e-09,1.6075077640136273,0.02903597060195781,vits16,mbrset_to_brset,mbrset,brset,2,772,8524,0.027216409074271777,0.0023525311718999966,84.0,0.950204825177196,8.780250687416949,0.01,297.0,0.600071601956683,772.0,source-training-image-standardised-patient-mean-coordinates
subspace,4.2659661268907516e-09,9.809014055823424,0.1771775229551336,vits16,mbrset_to_brset,mbrset,brset,2,772,8524,0.027216409074271777,0.0023525311718999966,84.0,0.950204825177196,8.780250687416949,0.01,297.0,0.600071601956683,772.0,source-training-image-standardised-patient-mean-coordinates
ot_gaussian,4.171172711453649e-09,1.431833618240656,0.025862816825423515,vits16,mbrset_to_brset,mbrset,brset,2,772,8524,0.027216409074271777,0.0023525311718999966,84.0,0.950204825177196,8.780250687416949,0.01,297.0,0.600071601956683,772.0,source-training-image-standardised-patient-mean-coordinates
ot_entropic,5.030734177370713e-09,16.906151968435296,0.30537117302753947,vits16,mbrset_to_brset,mbrset,brset,2,772,8524,0.027216409074271777,0.0023525311718999966,84.0,0.950204825177196,8.780250687416949,0.01,297.0,0.600071601956683,772.0,source-training-image-standardised-patient-mean-coordinates
unaligned,22.576166735305637,78.99371318852386,1.1200830970420566,vits16,brset_to_mbrset,brset,mbrset,3,5114,1287,0.00446799179091276,0.014330675750293871,102.0,0.9506151816721002,10.707480909914882,0.01,249.0,0.45933417566590495,3000.0,source-training-image-standardised-patient-mean-coordinates
mean_variance,1.213829263699631e-08,74.14270594655932,1.0512987470471957,vits16,brset_to_mbrset,brset,mbrset,3,5114,1287,0.00446799179091276,0.014330675750293871,102.0,0.9506151816721002,10.707480909914882,0.01,249.0,0.45933417566590495,3000.0,source-training-image-standardised-patient-mean-coordinates
coral,1.1545563650674541e-08,3.617523767665425,0.05129430003676038,vits16,brset_to_mbrset,brset,mbrset,3,5114,1287,0.00446799179091276,0.014330675750293871,102.0,0.9506151816721002,10.707480909914882,0.01,249.0,0.45933417566590495,3000.0,source-training-image-standardised-patient-mean-coordinates
subspace,1.2262470253623259e-08,8.641080122946553,0.12252529214318095,vits16,brset_to_mbrset,brset,mbrset,3,5114,1287,0.00446799179091276,0.014330675750293871,102.0,0.9506151816721002,10.707480909914882,0.01,249.0,0.45933417566590495,3000.0,source-training-image-standardised-patient-mean-coordinates
ot_gaussian,1.1661239112041782e-08,0.9655490302433617,0.013690901522249973,vits16,brset_to_mbrset,brset,mbrset,3,5114,1287,0.00446799179091276,0.014330675750293871,102.0,0.9506151816721002,10.707480909914882,0.01,249.0,0.45933417566590495,3000.0,source-training-image-standardised-patient-mean-coordinates
ot_entropic,0.2659516457495175,28.95470988517263,0.41056028148389484,vits16,brset_to_mbrset,brset,mbrset,3,5114,1287,0.00446799179091276,0.014330675750293871,102.0,0.9506151816721002,10.707480909914882,0.01,249.0,0.45933417566590495,3000.0,source-training-image-standardised-patient-mean-coordinates
unaligned,20.688577770176497,65.6593063978125,1.1721981081697552,vits16,mbrset_to_brset,mbrset,brset,3,772,8524,0.026678769393906596,0.0023551198689572696,84.0,0.9505288117340771,8.866646753804476,0.01,231.0,0.5937526437375811,772.0,source-training-image-standardised-patient-mean-coordinates
mean_variance,4.158793407197757e-09,56.49148792349216,1.0085274868791216,vits16,mbrset_to_brset,mbrset,brset,3,772,8524,0.026678769393906596,0.0023551198689572696,84.0,0.9505288117340771,8.866646753804476,0.01,231.0,0.5937526437375811,772.0,source-training-image-standardised-patient-mean-coordinates
coral,4.312667182797681e-09,1.6019630904751219,0.028599420356887496,vits16,mbrset_to_brset,mbrset,brset,3,772,8524,0.026678769393906596,0.0023551198689572696,84.0,0.9505288117340771,8.866646753804476,0.01,231.0,0.5937526437375811,772.0,source-training-image-standardised-patient-mean-coordinates
subspace,4.292669148418874e-09,8.907348283861614,0.15902051635896594,vits16,mbrset_to_brset,mbrset,brset,3,772,8524,0.026678769393906596,0.0023551198689572696,84.0,0.9505288117340771,8.866646753804476,0.01,231.0,0.5937526437375811,772.0,source-training-image-standardised-patient-mean-coordinates
ot_gaussian,4.505497634732357e-09,1.4204882421787657,0.025359598227720607,vits16,mbrset_to_brset,mbrset,brset,3,772,8524,0.026678769393906596,0.0023551198689572696,84.0,0.9505288117340771,8.866646753804476,0.01,231.0,0.5937526437375811,772.0,source-training-image-standardised-patient-mean-coordinates
ot_entropic,9.138812894842305e-09,17.303612601230412,0.3089167867959748,vits16,mbrset_to_brset,mbrset,brset,3,772,8524,0.026678769393906596,0.0023551198689572696,84.0,0.9505288117340771,8.866646753804476,0.01,231.0,0.5937526437375811,772.0,source-training-image-standardised-patient-mean-coordinates
unaligned,22.607407063433534,78.68758380889558,1.115182252285339,vits16,brset_to_mbrset,brset,mbrset,4,5114,1287,0.004529404763106219,0.014355849418782082,102.0,0.9504853195467141,10.723853003830346,0.01,194.0,0.4508948961915267,3000.0,source-training-image-standardised-patient-mean-coordinates
mean_variance,1.2120798133839426e-08,74.0122869262184,1.0489226487322667,vits16,brset_to_mbrset,brset,mbrset,4,5114,1287,0.004529404763106219,0.014355849418782082,102.0,0.9504853195467141,10.723853003830346,0.01,194.0,0.4508948961915267,3000.0,source-training-image-standardised-patient-mean-coordinates
coral,1.288679347563707e-08,3.6442581013454673,0.0516474361093306,vits16,brset_to_mbrset,brset,mbrset,4,5114,1287,0.004529404763106219,0.014355849418782082,102.0,0.9504853195467141,10.723853003830346,0.01,194.0,0.4508948961915267,3000.0,source-training-image-standardised-patient-mean-coordinates
subspace,1.2462035396873389e-08,9.10668725904427,0.12906249648055787,vits16,brset_to_mbrset,brset,mbrset,4,5114,1287,0.004529404763106219,0.014355849418782082,102.0,0.9504853195467141,10.723853003830346,0.01,194.0,0.4508948961915267,3000.0,source-training-image-standardised-patient-mean-coordinates
ot_gaussian,1.2240275376093991e-08,0.9777506170002611,0.013856952805767373,vits16,brset_to_mbrset,brset,mbrset,4,5114,1287,0.004529404763106219,0.014355849418782082,102.0,0.9504853195467141,10.723853003830346,0.01,194.0,0.4508948961915267,3000.0,source-training-image-standardised-patient-mean-coordinates
ot_entropic,0.21772246847175292,29.153529922932186,0.41317190829600914,vits16,brset_to_mbrset,brset,mbrset,4,5114,1287,0.004529404763106219,0.014355849418782082,102.0,0.9504853195467141,10.723853003830346,0.01,194.0,0.4508948961915267,3000.0,source-training-image-standardised-patient-mean-coordinates
unaligned,20.434905738024977,65.18012825462021,1.1656117569229094,vits16,mbrset_to_brset,mbrset,brset,4,772,8524,0.02689586760810161,0.0023516632195356136,84.0,0.9503355794142931,8.760081759159624,0.01,226.0,0.6005296699163573,772.0,source-training-image-standardised-patient-mean-coordinates
mean_variance,3.831404924273514e-09,56.369808498860905,1.00805741383468,vits16,mbrset_to_brset,mbrset,brset,4,772,8524,0.02689586760810161,0.0023516632195356136,84.0,0.9503355794142931,8.760081759159624,0.01,226.0,0.6005296699163573,772.0,source-training-image-standardised-patient-mean-coordinates
coral,4.46106167457047e-09,1.606286322203746,0.028725107978173254,vits16,mbrset_to_brset,mbrset,brset,4,772,8524,0.02689586760810161,0.0023516632195356136,84.0,0.9503355794142931,8.760081759159624,0.01,226.0,0.6005296699163573,772.0,source-training-image-standardised-patient-mean-coordinates
subspace,4.381823369103331e-09,8.9353171872656,0.15978966357087312,vits16,mbrset_to_brset,mbrset,brset,4,772,8524,0.02689586760810161,0.0023516632195356136,84.0,0.9503355794142931,8.760081759159624,0.01,226.0,0.6005296699163573,772.0,source-training-image-standardised-patient-mean-coordinates
ot_gaussian,4.249106877381465e-09,1.429211966257059,0.025558499432471595,vits16,mbrset_to_brset,mbrset,brset,4,772,8524,0.02689586760810161,0.0023516632195356136,84.0,0.9503355794142931,8.760081759159624,0.01,226.0,0.6005296699163573,772.0,source-training-image-standardised-patient-mean-coordinates
ot_entropic,6.072488274802165e-09,17.03102244168199,0.30456460461222384,vits16,mbrset_to_brset,mbrset,brset,4,772,8524,0.02689586760810161,0.0023516632195356136,84.0,0.9503355794142931,8.760081759159624,0.01,226.0,0.6005296699163573,772.0,source-training-image-standardised-patient-mean-coordinates
unaligned,26.96197105142775,153.92910004379343,0.7833306299115675,convnext_tiny,brset_to_mbrset,brset,mbrset,0,5114,1287,0.0034020928616196413,0.012315806410320844,55.0,0.9505214457890796,75.89584056016939,0.05,288.0,0.35460407562751156,3000.0,source-training-image-standardised-patient-mean-coordinates
mean_variance,1.7331789894934425e-08,149.44909867596223,0.7605323267156839,convnext_tiny,brset_to_mbrset,brset,mbrset,0,5114,1287,0.0034020928616196413,0.012315806410320844,55.0,0.9505214457890796,75.89584056016939,0.05,288.0,0.35460407562751156,3000.0,source-training-image-standardised-patient-mean-coordinates
coral,1.7486207379763253e-08,2.5914672840998416,0.013187731880921878,convnext_tiny,brset_to_mbrset,brset,mbrset,0,5114,1287,0.0034020928616196413,0.012315806410320844,55.0,0.9505214457890796,75.89584056016939,0.05,288.0,0.35460407562751156,3000.0,source-training-image-standardised-patient-mean-coordinates
subspace,1.4101094632128762e-08,50.94962485656436,0.25927782155093454,convnext_tiny,brset_to_mbrset,brset,mbrset,0,5114,1287,0.0034020928616196413,0.012315806410320844,55.0,0.9505214457890796,75.89584056016939,0.05,288.0,0.35460407562751156,3000.0,source-training-image-standardised-patient-mean-coordinates
ot_gaussian,1.814486880783325e-08,1.861993439772168,0.009475508488342839,convnext_tiny,brset_to_mbrset,brset,mbrset,0,5114,1287,0.0034020928616196413,0.012315806410320844,55.0,0.9505214457890796,75.89584056016939,0.05,288.0,0.35460407562751156,3000.0,source-training-image-standardised-patient-mean-coordinates
ot_entropic,0.21848671476938053,95.4241407029144,0.4856044258318778,convnext_tiny,brset_to_mbrset,brset,mbrset,0,5114,1287,0.0034020928616196413,0.012315806410320844,55.0,0.9505214457890796,75.89584056016939,0.05,288.0,0.35460407562751156,3000.0,source-training-image-standardised-patient-mean-coordinates
unaligned,28.20273905587039,175.0143344910911,1.2987450574107264,convnext_tiny,mbrset_to_brset,mbrset,brset,0,772,8524,0.021302394903222544,0.0016847556648014622,53.0,0.9500904186173119,79.6283880029534,0.05,178.0,0.37129414403398303,772.0,source-training-image-standardised-patient-mean-coordinates
mean_variance,5.634279512940304e-09,102.83274800846428,0.7631004831935871,convnext_tiny,mbrset_to_brset,mbrset,brset,0,772,8524,0.021302394903222544,0.0016847556648014622,53.0,0.9500904186173119,79.6283880029534,0.05,178.0,0.37129414403398303,772.0,source-training-image-standardised-patient-mean-coordinates
coral,5.524712854711381e-09,3.0053241662945362,0.02230188697538216,convnext_tiny,mbrset_to_brset,mbrset,brset,0,772,8524,0.021302394903222544,0.0016847556648014622,53.0,0.9500904186173119,79.6283880029534,0.05,178.0,0.37129414403398303,772.0,source-training-image-standardised-patient-mean-coordinates
subspace,6.767728254206133e-09,90.54984188064492,0.6719515857588039,convnext_tiny,mbrset_to_brset,mbrset,brset,0,772,8524,0.021302394903222544,0.0016847556648014622,53.0,0.9500904186173119,79.6283880029534,0.05,178.0,0.37129414403398303,772.0,source-training-image-standardised-patient-mean-coordinates
ot_gaussian,5.8435507525660904e-09,2.7895948380477056,0.02070100439845604,convnext_tiny,mbrset_to_brset,mbrset,brset,0,772,8524,0.021302394903222544,0.0016847556648014622,53.0,0.9500904186173119,79.6283880029534,0.05,178.0,0.37129414403398303,772.0,source-training-image-standardised-patient-mean-coordinates
ot_entropic,1.7470751172721292e-08,60.457235824850216,0.4486406010145176,convnext_tiny,mbrset_to_brset,mbrset,brset,0,772,8524,0.021302394903222544,0.0016847556648014622,53.0,0.9500904186173119,79.6283880029534,0.05,178.0,0.37129414403398303,772.0,source-training-image-standardised-patient-mean-coordinates
unaligned,26.795848165149366,153.44773662065649,0.7869851344942834,convnext_tiny,brset_to_mbrset,brset,mbrset,1,5114,1287,0.003323048098751191,0.012312744482565498,55.0,0.9504911330186052,75.26187984346971,0.05,215.0,0.35439815504741223,3000.0,source-training-image-standardised-patient-mean-coordinates
mean_variance,1.7569940607159303e-08,149.25135079599568,0.7654631926570128,convnext_tiny,brset_to_mbrset,brset,mbrset,1,5114,1287,0.003323048098751191,0.012312744482565498,55.0,0.9504911330186052,75.26187984346971,0.05,215.0,0.35439815504741223,3000.0,source-training-image-standardised-patient-mean-coordinates
coral,1.6895427421668543e-08,2.574875841913704,0.013205727600688204,convnext_tiny,brset_to_mbrset,brset,mbrset,1,5114,1287,0.003323048098751191,0.012312744482565498,55.0,0.9504911330186052,75.26187984346971,0.05,215.0,0.35439815504741223,3000.0,source-training-image-standardised-patient-mean-coordinates
subspace,1.4993423383936457e-08,49.898402964578814,0.2559132003700258,convnext_tiny,brset_to_mbrset,brset,mbrset,1,5114,1287,0.003323048098751191,0.012312744482565498,55.0,0.9504911330186052,75.26187984346971,0.05,215.0,0.35439815504741223,3000.0,source-training-image-standardised-patient-mean-coordinates
ot_gaussian,1.7154082651182183e-08,1.8605710049445683,0.009542282961020587,convnext_tiny,brset_to_mbrset,brset,mbrset,1,5114,1287,0.003323048098751191,0.012312744482565498,55.0,0.9504911330186052,75.26187984346971,0.05,215.0,0.35439815504741223,3000.0,source-training-image-standardised-patient-mean-coordinates
ot_entropic,0.263313044280842,94.73827892649966,0.4858828082100993,convnext_tiny,brset_to_mbrset,brset,mbrset,1,5114,1287,0.003323048098751191,0.012312744482565498,55.0,0.9504911330186052,75.26187984346971,0.05,215.0,0.35439815504741223,3000.0,source-training-image-standardised-patient-mean-coordinates
unaligned,28.269723208585564,177.01899733571517,1.2939464015068953,convnext_tiny,mbrset_to_brset,mbrset,brset,1,772,8524,0.024016542598690245,0.0016767742843483231,52.0,0.9503369912582231,79.92002607548743,0.05,210.0,0.3776782513897826,772.0,source-training-image-standardised-patient-mean-coordinates
mean_variance,5.711410356017223e-09,105.55574746566234,0.7715752639392418,convnext_tiny,mbrset_to_brset,mbrset,brset,1,772,8524,0.024016542598690245,0.0016767742843483231,52.0,0.9503369912582231,79.92002607548743,0.05,210.0,0.3776782513897826,772.0,source-training-image-standardised-patient-mean-coordinates
coral,5.445226305154079e-09,3.415831100642617,0.024968519917947234,convnext_tiny,mbrset_to_brset,mbrset,brset,1,772,8524,0.024016542598690245,0.0016767742843483231,52.0,0.9503369912582231,79.92002607548743,0.05,210.0,0.3776782513897826,772.0,source-training-image-standardised-patient-mean-coordinates
subspace,6.945452859644348e-09,90.37230858299486,0.6605896838578683,convnext_tiny,mbrset_to_brset,mbrset,brset,1,772,8524,0.024016542598690245,0.0016767742843483231,52.0,0.9503369912582231,79.92002607548743,0.05,210.0,0.3776782513897826,772.0,source-training-image-standardised-patient-mean-coordinates
ot_gaussian,5.779257217725244e-09,3.201089638228301,0.023398835608763366,convnext_tiny,mbrset_to_brset,mbrset,brset,1,772,8524,0.024016542598690245,0.0016767742843483231,52.0,0.9503369912582231,79.92002607548743,0.05,210.0,0.3776782513897826,772.0,source-training-image-standardised-patient-mean-coordinates
ot_entropic,1.712308296388544e-08,61.61778466949986,0.45040426136138684,convnext_tiny,mbrset_to_brset,mbrset,brset,1,772,8524,0.024016542598690245,0.0016767742843483231,52.0,0.9503369912582231,79.92002607548743,0.05,210.0,0.3776782513897826,772.0,source-training-image-standardised-patient-mean-coordinates
unaligned,26.925715865485223,154.475595657599,0.7906921265398501,convnext_tiny,brset_to_mbrset,brset,mbrset,2,5114,1287,0.0031371080899755027,0.012326705067519348,55.0,0.9508917803033681,75.76069120315344,0.05,188.0,0.35508850967432454,3000.0,source-training-image-standardised-patient-mean-coordinates
mean_variance,1.7236796069815197e-08,149.4486551243359,0.7649614453709916,convnext_tiny,brset_to_mbrset,brset,mbrset,2,5114,1287,0.0031371080899755027,0.012326705067519348,55.0,0.9508917803033681,75.76069120315344,0.05,188.0,0.35508850967432454,3000.0,source-training-image-standardised-patient-mean-coordinates
coral,1.8021642512430987e-08,2.560745471705939,0.013107321411716194,convnext_tiny,brset_to_mbrset,brset,mbrset,2,5114,1287,0.0031371080899755027,0.012326705067519348,55.0,0.9508917803033681,75.76069120315344,0.05,188.0,0.35508850967432454,3000.0,source-training-image-standardised-patient-mean-coordinates
subspace,1.4214498509771727e-08,49.10409753838809,0.2513421174339285,convnext_tiny,brset_to_mbrset,brset,mbrset,2,5114,1287,0.0031371080899755027,0.012326705067519348,55.0,0.9508917803033681,75.76069120315344,0.05,188.0,0.35508850967432454,3000.0,source-training-image-standardised-patient-mean-coordinates
ot_gaussian,1.755426137474564e-08,1.9014551594378601,0.009732706432597805,convnext_tiny,brset_to_mbrset,brset,mbrset,2,5114,1287,0.0031371080899755027,0.012326705067519348,55.0,0.9508917803033681,75.76069120315344,0.05,188.0,0.35508850967432454,3000.0,source-training-image-standardised-patient-mean-coordinates
ot_entropic,0.213808179503602,95.40007938879769,0.48831073492797566,convnext_tiny,brset_to_mbrset,brset,mbrset,2,5114,1287,0.0031371080899755027,0.012326705067519348,55.0,0.9508917803033681,75.76069120315344,0.05,188.0,0.35508850967432454,3000.0,source-training-image-standardised-patient-mean-coordinates
unaligned,28.607992455201448,183.6777131802987,1.3223483491116865,convnext_tiny,mbrset_to_brset,mbrset,brset,2,772,8524,0.02355023655394706,0.0016696554391444278,53.0,0.9507772688105187,81.13968167406463,0.05,200.0,0.3734696409079645,772.0,source-training-image-standardised-patient-mean-coordinates
mean_variance,5.938431732703209e-09,109.05155104572175,0.7850932810331087,convnext_tiny,mbrset_to_brset,mbrset,brset,2,772,8524,0.02355023655394706,0.0016696554391444278,53.0,0.9507772688105187,81.13968167406463,0.05,200.0,0.3734696409079645,772.0,source-training-image-standardised-patient-mean-coordinates
coral,5.780966032195205e-09,3.412056874454172,0.024564372546280185,convnext_tiny,mbrset_to_brset,mbrset,brset,2,772,8524,0.02355023655394706,0.0016696554391444278,53.0,0.9507772688105187,81.13968167406463,0.05,200.0,0.3734696409079645,772.0,source-training-image-standardised-patient-mean-coordinates
subspace,6.774561652365449e-09,91.63803817742556,0.6597284254122013,convnext_tiny,mbrset_to_brset,mbrset,brset,2,772,8524,0.02355023655394706,0.0016696554391444278,53.0,0.9507772688105187,81.13968167406463,0.05,200.0,0.3734696409079645,772.0,source-training-image-standardised-patient-mean-coordinates
ot_gaussian,5.395552068909651e-09,3.1878513596609026,0.022950252971209083,convnext_tiny,mbrset_to_brset,mbrset,brset,2,772,8524,0.02355023655394706,0.0016696554391444278,53.0,0.9507772688105187,81.13968167406463,0.05,200.0,0.3734696409079645,772.0,source-training-image-standardised-patient-mean-coordinates
ot_entropic,1.8340410952252742e-08,61.62209912123667,0.4436351021083173,convnext_tiny,mbrset_to_brset,mbrset,brset,2,772,8524,0.02355023655394706,0.0016696554391444278,53.0,0.9507772688105187,81.13968167406463,0.05,200.0,0.3734696409079645,772.0,source-training-image-standardised-patient-mean-coordinates
unaligned,26.84293845421776,153.22758729721775,0.7886147496655173,convnext_tiny,brset_to_mbrset,brset,mbrset,3,5114,1287,0.0031340892954870364,0.01231502515447313,55.0,0.9507256529798076,75.83362858969373,0.05,142.0,0.3652820061337048,3000.0,source-training-image-standardised-patient-mean-coordinates
mean_variance,1.7297134804199787e-08,148.53793870967945,0.7644785865103338,convnext_tiny,brset_to_mbrset,brset,mbrset,3,5114,1287,0.0031340892954870364,0.01231502515447313,55.0,0.9507256529798076,75.83362858969373,0.05,142.0,0.3652820061337048,3000.0,source-training-image-standardised-patient-mean-coordinates
coral,1.713885894169219e-08,2.5692844633690783,0.013223308280441085,convnext_tiny,brset_to_mbrset,brset,mbrset,3,5114,1287,0.0031340892954870364,0.01231502515447313,55.0,0.9507256529798076,75.83362858969373,0.05,142.0,0.3652820061337048,3000.0,source-training-image-standardised-patient-mean-coordinates
subspace,1.4257453842763586e-08,49.67647851356375,0.25566938929377675,convnext_tiny,brset_to_mbrset,brset,mbrset,3,5114,1287,0.0031340892954870364,0.01231502515447313,55.0,0.9507256529798076,75.83362858969373,0.05,142.0,0.3652820061337048,3000.0,source-training-image-standardised-patient-mean-coordinates
ot_gaussian,1.7121880933615263e-08,1.8901030549357636,0.009727772745118867,convnext_tiny,brset_to_mbrset,brset,mbrset,3,5114,1287,0.0031340892954870364,0.01231502515447313,55.0,0.9507256529798076,75.83362858969373,0.05,142.0,0.3652820061337048,3000.0,source-training-image-standardised-patient-mean-coordinates
ot_entropic,0.40000750043572064,94.04895665139371,0.48404073779531903,convnext_tiny,brset_to_mbrset,brset,mbrset,3,5114,1287,0.0031340892954870364,0.01231502515447313,55.0,0.9507256529798076,75.83362858969373,0.05,142.0,0.3652820061337048,3000.0,source-training-image-standardised-patient-mean-coordinates
unaligned,28.65144140741431,182.3982021748752,1.3435670711159493,convnext_tiny,mbrset_to_brset,mbrset,brset,3,772,8524,0.02429992821148472,0.0016684786714096852,53.0,0.9508494990583322,81.11029882416409,0.05,203.0,0.3723685745847648,772.0,source-training-image-standardised-patient-mean-coordinates
mean_variance,5.580657159066766e-09,106.48757308542058,0.784400257100407,convnext_tiny,mbrset_to_brset,mbrset,brset,3,772,8524,0.02429992821148472,0.0016684786714096852,53.0,0.9508494990583322,81.11029882416409,0.05,203.0,0.3723685745847648,772.0,source-training-image-standardised-patient-mean-coordinates
coral,5.799656791937147e-09,3.440753671690488,0.0253450049286803,convnext_tiny,mbrset_to_brset,mbrset,brset,3,772,8524,0.02429992821148472,0.0016684786714096852,53.0,0.9508494990583322,81.11029882416409,0.05,203.0,0.3723685745847648,772.0,source-training-image-standardised-patient-mean-coordinates
subspace,6.79468094878074e-09,95.53757010357819,0.7037412195682299,convnext_tiny,mbrset_to_brset,mbrset,brset,3,772,8524,0.02429992821148472,0.0016684786714096852,53.0,0.9508494990583322,81.11029882416409,0.05,203.0,0.3723685745847648,772.0,source-training-image-standardised-patient-mean-coordinates
ot_gaussian,5.566227042892328e-09,3.2161357596560296,0.023690442402329433,convnext_tiny,mbrset_to_brset,mbrset,brset,3,772,8524,0.02429992821148472,0.0016684786714096852,53.0,0.9508494990583322,81.11029882416409,0.05,203.0,0.3723685745847648,772.0,source-training-image-standardised-patient-mean-coordinates
ot_entropic,1.884371772795597e-08,61.65253283736542,0.45413996400995843,convnext_tiny,mbrset_to_brset,mbrset,brset,3,772,8524,0.02429992821148472,0.0016684786714096852,53.0,0.9508494990583322,81.11029882416409,0.05,203.0,0.3723685745847648,772.0,source-training-image-standardised-patient-mean-coordinates
unaligned,26.871416815356596,154.9616529309849,0.7934863356937737,convnext_tiny,brset_to_mbrset,brset,mbrset,4,5114,1287,0.003156943960227395,0.012293383156003526,55.0,0.9507982416021318,75.74552855617496,0.05,145.0,0.34415800349038606,3000.0,source-training-image-standardised-patient-mean-coordinates
mean_variance,1.7225334054304478e-08,150.1733050043748,0.7689674397059715,convnext_tiny,brset_to_mbrset,brset,mbrset,4,5114,1287,0.003156943960227395,0.012293383156003526,55.0,0.9507982416021318,75.74552855617496,0.05,145.0,0.34415800349038606,3000.0,source-training-image-standardised-patient-mean-coordinates
coral,1.7065800522766733e-08,2.5623399750409797,0.013120547691256612,convnext_tiny,brset_to_mbrset,brset,mbrset,4,5114,1287,0.003156943960227395,0.012293383156003526,55.0,0.9507982416021318,75.74552855617496,0.05,145.0,0.34415800349038606,3000.0,source-training-image-standardised-patient-mean-coordinates
subspace,1.3599571470866002e-08,49.35792325931781,0.2527388997453026,convnext_tiny,brset_to_mbrset,brset,mbrset,4,5114,1287,0.003156943960227395,0.012293383156003526,55.0,0.9507982416021318,75.74552855617496,0.05,145.0,0.34415800349038606,3000.0,source-training-image-standardised-patient-mean-coordinates
ot_gaussian,1.7066326374791482e-08,1.8904353982176165,0.009680037794031308,convnext_tiny,brset_to_mbrset,brset,mbrset,4,5114,1287,0.003156943960227395,0.012293383156003526,55.0,0.9507982416021318,75.74552855617496,0.05,145.0,0.34415800349038606,3000.0,source-training-image-standardised-patient-mean-coordinates
ot_entropic,0.28909843898646126,96.04471265811465,0.4918001690637001,convnext_tiny,brset_to_mbrset,brset,mbrset,4,5114,1287,0.003156943960227395,0.012293383156003526,55.0,0.9507982416021318,75.74552855617496,0.05,145.0,0.34415800349038606,3000.0,source-training-image-standardised-patient-mean-coordinates
unaligned,28.50847545352098,179.90158019142407,1.3034149622607905,convnext_tiny,mbrset_to_brset,mbrset,brset,4,772,8524,0.023044402152733574,0.0016694312749165863,53.0,0.9509583592537636,80.70256978196367,0.05,168.0,0.37348901312535093,772.0,source-training-image-standardised-patient-mean-coordinates
mean_variance,5.580065920578457e-09,106.81582922519029,0.7738973158004719,convnext_tiny,mbrset_to_brset,mbrset,brset,4,772,8524,0.023044402152733574,0.0016694312749165863,53.0,0.9509583592537636,80.70256978196367,0.05,168.0,0.37348901312535093,772.0,source-training-image-standardised-patient-mean-coordinates
coral,5.692517901351245e-09,3.31768005250089,0.024037108600283245,convnext_tiny,mbrset_to_brset,mbrset,brset,4,772,8524,0.023044402152733574,0.0016694312749165863,53.0,0.9509583592537636,80.70256978196367,0.05,168.0,0.37348901312535093,772.0,source-training-image-standardised-patient-mean-coordinates
subspace,6.900190717230876e-09,91.21020737903811,0.6608321554610507,convnext_tiny,mbrset_to_brset,mbrset,brset,4,772,8524,0.023044402152733574,0.0016694312749165863,53.0,0.9509583592537636,80.70256978196367,0.05,168.0,0.37348901312535093,772.0,source-training-image-standardised-patient-mean-coordinates
ot_gaussian,5.586196509809132e-09,3.0979675757818512,0.022445257493437756,convnext_tiny,mbrset_to_brset,mbrset,brset,4,772,8524,0.023044402152733574,0.0016694312749165863,53.0,0.9509583592537636,80.70256978196367,0.05,168.0,0.37348901312535093,772.0,source-training-image-standardised-patient-mean-coordinates
ot_entropic,1.9862198504873455e-08,61.614802449536626,0.446408838232635,convnext_tiny,mbrset_to_brset,mbrset,brset,4,772,8524,0.023044402152733574,0.0016694312749165863,53.0,0.9509583592537636,80.70256978196367,0.05,168.0,0.37348901312535093,772.0,source-training-image-standardised-patient-mean-coordinates
