backbone,attribute,target,direction,n_splits,statistic,method,estimate,ci_low,ci_high,p_value_above_zero,valid_replicates,coordinate_space
vits16,sex,mbrset,brset_to_mbrset,5,target_local_auroc,target_local,0.7386576374972758,0.7106788407739321,0.7652420320614282,0.0004997501249375312,2000,source-training-image-standardised-patient-mean-coordinates
vits16,sex,mbrset,brset_to_mbrset,5,external_auroc,unaligned,0.6362045595887972,0.607780393410612,0.6645629347736874,0.0004997501249375312,2000,source-training-image-standardised-patient-mean-coordinates
vits16,sex,mbrset,brset_to_mbrset,5,transport_penalty,unaligned,0.10245307790847863,0.0705769019963801,0.13500914664169478,0.0004997501249375312,2000,source-training-image-standardised-patient-mean-coordinates
vits16,sex,mbrset,brset_to_mbrset,5,external_auroc,mean_variance,0.6306663973507822,0.6016104620536856,0.659418651415392,0.0004997501249375312,2000,source-training-image-standardised-patient-mean-coordinates
vits16,sex,mbrset,brset_to_mbrset,5,transport_penalty,mean_variance,0.10799124014649358,0.07568388371158265,0.1397107715306885,0.0004997501249375312,2000,source-training-image-standardised-patient-mean-coordinates
vits16,sex,mbrset,brset_to_mbrset,5,external_auroc,coral,0.6216572494697844,0.5910042193578362,0.6526173335836625,0.0004997501249375312,2000,source-training-image-standardised-patient-mean-coordinates
vits16,sex,mbrset,brset_to_mbrset,5,transport_penalty,coral,0.11700038802749145,0.0821382904374642,0.15246085005646878,0.0004997501249375312,2000,source-training-image-standardised-patient-mean-coordinates
vits16,sex,mbrset,brset_to_mbrset,5,external_auroc,subspace,0.493589041678405,0.47983379279028027,0.5072006169895622,0.0004997501249375312,2000,source-training-image-standardised-patient-mean-coordinates
vits16,sex,mbrset,brset_to_mbrset,5,transport_penalty,subspace,0.24506859581887083,0.21454480728456826,0.276513921033541,0.0004997501249375312,2000,source-training-image-standardised-patient-mean-coordinates
vits16,sex,mbrset,brset_to_mbrset,5,external_auroc,ot_gaussian,0.6202555665998692,0.5897524464756326,0.6518574449249331,0.0004997501249375312,2000,source-training-image-standardised-patient-mean-coordinates
vits16,sex,mbrset,brset_to_mbrset,5,transport_penalty,ot_gaussian,0.11840207089740647,0.08341163920975737,0.15233113996287323,0.0004997501249375312,2000,source-training-image-standardised-patient-mean-coordinates
vits16,sex,mbrset,brset_to_mbrset,5,external_auroc,ot_entropic,0.5940971982288936,0.5670351235411442,0.6212916562348123,0.0004997501249375312,2000,source-training-image-standardised-patient-mean-coordinates
vits16,sex,mbrset,brset_to_mbrset,5,transport_penalty,ot_entropic,0.1445604392683821,0.1111357424068983,0.17771117121863733,0.0004997501249375312,2000,source-training-image-standardised-patient-mean-coordinates
vits16,sex,mbrset,brset_to_mbrset,5,aligned_minus_unaligned_external_auroc,mean_variance,-0.005538162238014913,-0.01328921581518559,0.002677123712921298,0.9105447276361819,2000,source-training-image-standardised-patient-mean-coordinates
vits16,sex,mbrset,brset_to_mbrset,5,aligned_minus_unaligned_external_auroc,coral,-0.01454731011901276,-0.038227636705713115,0.007977552011332953,0.8925537231384307,2000,source-training-image-standardised-patient-mean-coordinates
vits16,sex,mbrset,brset_to_mbrset,5,aligned_minus_unaligned_external_auroc,subspace,-0.14261551791039218,-0.17242274498098453,-0.11197380104779908,1.0,2000,source-training-image-standardised-patient-mean-coordinates
vits16,sex,mbrset,brset_to_mbrset,5,aligned_minus_unaligned_external_auroc,ot_gaussian,-0.015948992988927886,-0.04037276778796804,0.00839028355596358,0.8970514742628686,2000,source-training-image-standardised-patient-mean-coordinates
vits16,sex,mbrset,brset_to_mbrset,5,aligned_minus_unaligned_external_auroc,ot_entropic,-0.04210736135990348,-0.07592382465080907,-0.008155863425642118,0.9930034982508745,2000,source-training-image-standardised-patient-mean-coordinates
vits16,sex,mbrset,brset_to_mbrset_sizematched,5,target_local_auroc,target_local,0.7377683635339205,0.7097844201190657,0.7643861121649674,0.0004997501249375312,2000,source-training-image-standardised-patient-mean-coordinates
vits16,sex,mbrset,brset_to_mbrset_sizematched,5,external_auroc,unaligned,0.588464952612807,0.5649175406955128,0.6111672940805827,0.0004997501249375312,2000,source-training-image-standardised-patient-mean-coordinates
vits16,sex,mbrset,brset_to_mbrset_sizematched,5,transport_penalty,unaligned,0.14930341092111346,0.11931859596068578,0.1797304762388603,0.0004997501249375312,2000,source-training-image-standardised-patient-mean-coordinates
vits16,sex,mbrset,brset_to_mbrset_sizematched,5,external_auroc,mean_variance,0.5863626940801888,0.5630108907340533,0.6099756583042075,0.0004997501249375312,2000,source-training-image-standardised-patient-mean-coordinates
vits16,sex,mbrset,brset_to_mbrset_sizematched,5,transport_penalty,mean_variance,0.15140566945373163,0.12109048930184411,0.18220277783882724,0.0004997501249375312,2000,source-training-image-standardised-patient-mean-coordinates
vits16,sex,mbrset,brset_to_mbrset_sizematched,5,external_auroc,coral,0.5923755255646332,0.5660031870816317,0.6186241657895881,0.0004997501249375312,2000,source-training-image-standardised-patient-mean-coordinates
vits16,sex,mbrset,brset_to_mbrset_sizematched,5,transport_penalty,coral,0.14539283796928734,0.11216076255082934,0.17840759109691395,0.0004997501249375312,2000,source-training-image-standardised-patient-mean-coordinates
vits16,sex,mbrset,brset_to_mbrset_sizematched,5,external_auroc,subspace,0.4908382988449538,0.47624778886904084,0.505401262917727,0.0004997501249375312,2000,source-training-image-standardised-patient-mean-coordinates
vits16,sex,mbrset,brset_to_mbrset_sizematched,5,transport_penalty,subspace,0.24693006468896667,0.21600444073212882,0.2785923485150478,0.0004997501249375312,2000,source-training-image-standardised-patient-mean-coordinates
vits16,sex,mbrset,brset_to_mbrset_sizematched,5,external_auroc,ot_gaussian,0.5935380134055526,0.5681621020310688,0.6195093054280234,0.0004997501249375312,2000,source-training-image-standardised-patient-mean-coordinates
vits16,sex,mbrset,brset_to_mbrset_sizematched,5,transport_penalty,ot_gaussian,0.144230350128368,0.11235437828664402,0.17599370614368892,0.0004997501249375312,2000,source-training-image-standardised-patient-mean-coordinates
vits16,sex,mbrset,brset_to_mbrset_sizematched,5,external_auroc,ot_entropic,0.5786739027592476,0.5542475832786947,0.6030777643555907,0.0004997501249375312,2000,source-training-image-standardised-patient-mean-coordinates
vits16,sex,mbrset,brset_to_mbrset_sizematched,5,transport_penalty,ot_entropic,0.15909446077467293,0.1284578339546113,0.1911483779713049,0.0004997501249375312,2000,source-training-image-standardised-patient-mean-coordinates
vits16,sex,mbrset,brset_to_mbrset_sizematched,5,aligned_minus_unaligned_external_auroc,mean_variance,-0.0021022585326181814,-0.006300972308332423,0.0019906347829119005,0.8435782108945528,2000,source-training-image-standardised-patient-mean-coordinates
vits16,sex,mbrset,brset_to_mbrset_sizematched,5,aligned_minus_unaligned_external_auroc,coral,0.003910572951826144,-0.014974102377046177,0.021926968443107625,0.33233383308345826,2000,source-training-image-standardised-patient-mean-coordinates
vits16,sex,mbrset,brset_to_mbrset_sizematched,5,aligned_minus_unaligned_external_auroc,subspace,-0.0976266537678532,-0.1234313474771815,-0.07260412622229662,1.0,2000,source-training-image-standardised-patient-mean-coordinates
vits16,sex,mbrset,brset_to_mbrset_sizematched,5,aligned_minus_unaligned_external_auroc,ot_gaussian,0.005073060792745512,-0.01350963357467244,0.02391774807331799,0.2898550724637681,2000,source-training-image-standardised-patient-mean-coordinates
vits16,sex,mbrset,brset_to_mbrset_sizematched,5,aligned_minus_unaligned_external_auroc,ot_entropic,-0.009791049853559455,-0.03290596993926501,0.013918413807106933,0.7866066966516742,2000,source-training-image-standardised-patient-mean-coordinates
vits16,sex,mbrset,brset_to_mbrset_sizematched,5,sizematched_minus_full_external_auroc,unaligned,-0.047739606975990126,-0.06554371736062779,-0.02941591093862624,1.0,2000,source-training-image-standardised-patient-mean-coordinates
vits16,sex,mbrset,brset_to_mbrset_sizematched,5,sizematched_minus_full_transport_penalty,unaligned,0.04685033301263486,0.027953223308369246,0.06474526302054612,0.0004997501249375312,2000,source-training-image-standardised-patient-mean-coordinates
vits16,sex,brset,mbrset_to_brset,5,target_local_auroc,target_local,0.7613658714404201,0.7511350767889976,0.7720856379048784,0.0004997501249375312,2000,source-training-image-standardised-patient-mean-coordinates
vits16,sex,brset,mbrset_to_brset,5,external_auroc,unaligned,0.5963028117244724,0.5864134975717564,0.6060313256990391,0.0004997501249375312,2000,source-training-image-standardised-patient-mean-coordinates
vits16,sex,brset,mbrset_to_brset,5,transport_penalty,unaligned,0.1650630597159477,0.15409204821635997,0.1767422845168231,0.0004997501249375312,2000,source-training-image-standardised-patient-mean-coordinates
vits16,sex,brset,mbrset_to_brset,5,external_auroc,mean_variance,0.6003117279729735,0.5903159274345324,0.6105234904258505,0.0004997501249375312,2000,source-training-image-standardised-patient-mean-coordinates
vits16,sex,brset,mbrset_to_brset,5,transport_penalty,mean_variance,0.1610541434674466,0.14951047817717636,0.17287691736155406,0.0004997501249375312,2000,source-training-image-standardised-patient-mean-coordinates
vits16,sex,brset,mbrset_to_brset,5,external_auroc,coral,0.5890013409612074,0.5781063839627757,0.6001759919919881,0.0004997501249375312,2000,source-training-image-standardised-patient-mean-coordinates
vits16,sex,brset,mbrset_to_brset,5,transport_penalty,coral,0.1723645304792128,0.15971572991150534,0.18537829124348004,0.0004997501249375312,2000,source-training-image-standardised-patient-mean-coordinates
vits16,sex,brset,mbrset_to_brset,5,external_auroc,subspace,0.4865390925431262,0.4795722278908895,0.4931108036801246,0.0004997501249375312,2000,source-training-image-standardised-patient-mean-coordinates
vits16,sex,brset,mbrset_to_brset,5,transport_penalty,subspace,0.27482677889729396,0.2619936998756492,0.2880519974684553,0.0004997501249375312,2000,source-training-image-standardised-patient-mean-coordinates
vits16,sex,brset,mbrset_to_brset,5,external_auroc,ot_gaussian,0.5945104371402847,0.583832820584643,0.6055092604923096,0.0004997501249375312,2000,source-training-image-standardised-patient-mean-coordinates
vits16,sex,brset,mbrset_to_brset,5,transport_penalty,ot_gaussian,0.1668554343001354,0.15509022390571175,0.17963732734063487,0.0004997501249375312,2000,source-training-image-standardised-patient-mean-coordinates
vits16,sex,brset,mbrset_to_brset,5,external_auroc,ot_entropic,0.5624274501713659,0.5522550898570461,0.5726865777089507,0.0004997501249375312,2000,source-training-image-standardised-patient-mean-coordinates
vits16,sex,brset,mbrset_to_brset,5,transport_penalty,ot_entropic,0.1989384212690543,0.1863745997324369,0.21265903475818332,0.0004997501249375312,2000,source-training-image-standardised-patient-mean-coordinates
vits16,sex,brset,mbrset_to_brset,5,aligned_minus_unaligned_external_auroc,mean_variance,0.004008916248501138,0.0020434600138957513,0.006067235732579706,0.0004997501249375312,2000,source-training-image-standardised-patient-mean-coordinates
vits16,sex,brset,mbrset_to_brset,5,aligned_minus_unaligned_external_auroc,coral,-0.007301470763265045,-0.013693197541107942,-0.00039569404392332687,0.9825087456271864,2000,source-training-image-standardised-patient-mean-coordinates
vits16,sex,brset,mbrset_to_brset,5,aligned_minus_unaligned_external_auroc,subspace,-0.10976371918134624,-0.12186596345145034,-0.0976765193942495,1.0,2000,source-training-image-standardised-patient-mean-coordinates
vits16,sex,brset,mbrset_to_brset,5,aligned_minus_unaligned_external_auroc,ot_gaussian,-0.0017923745841876976,-0.007879103788509575,0.004788099933526882,0.7031484257871065,2000,source-training-image-standardised-patient-mean-coordinates
vits16,sex,brset,mbrset_to_brset,5,aligned_minus_unaligned_external_auroc,ot_entropic,-0.033875361553106595,-0.04543502803666744,-0.022404399248871706,1.0,2000,source-training-image-standardised-patient-mean-coordinates
vits16,age65,mbrset,brset_to_mbrset,5,target_local_auroc,target_local,0.8697115003173597,0.8492839182140851,0.8877717276830407,0.0004997501249375312,2000,source-training-image-standardised-patient-mean-coordinates
vits16,age65,mbrset,brset_to_mbrset,5,external_auroc,unaligned,0.6327376229768327,0.6037974442811405,0.6614466578682932,0.0004997501249375312,2000,source-training-image-standardised-patient-mean-coordinates
vits16,age65,mbrset,brset_to_mbrset,5,transport_penalty,unaligned,0.23697387734052697,0.20487030818454455,0.26908417695968373,0.0004997501249375312,2000,source-training-image-standardised-patient-mean-coordinates
vits16,age65,mbrset,brset_to_mbrset,5,external_auroc,mean_variance,0.59333197794351,0.5620609349905055,0.6228643392265449,0.0004997501249375312,2000,source-training-image-standardised-patient-mean-coordinates
vits16,age65,mbrset,brset_to_mbrset,5,transport_penalty,mean_variance,0.2763795223738497,0.24361386240189703,0.30957839232513507,0.0004997501249375312,2000,source-training-image-standardised-patient-mean-coordinates
vits16,age65,mbrset,brset_to_mbrset,5,external_auroc,coral,0.602458544906379,0.571513906837271,0.6336420187246562,0.0004997501249375312,2000,source-training-image-standardised-patient-mean-coordinates
vits16,age65,mbrset,brset_to_mbrset,5,transport_penalty,coral,0.26725295541098076,0.23167931046811333,0.30267128634302853,0.0004997501249375312,2000,source-training-image-standardised-patient-mean-coordinates
vits16,age65,mbrset,brset_to_mbrset,5,external_auroc,subspace,0.5059088384639797,0.49641645087342895,0.515789198370438,0.0004997501249375312,2000,source-training-image-standardised-patient-mean-coordinates
vits16,age65,mbrset,brset_to_mbrset,5,transport_penalty,subspace,0.36380266185337995,0.3415208943446319,0.3837984866344037,0.0004997501249375312,2000,source-training-image-standardised-patient-mean-coordinates
vits16,age65,mbrset,brset_to_mbrset,5,external_auroc,ot_gaussian,0.6038440177721358,0.5730670247480669,0.6334784799993595,0.0004997501249375312,2000,source-training-image-standardised-patient-mean-coordinates
vits16,age65,mbrset,brset_to_mbrset,5,transport_penalty,ot_gaussian,0.26586748254522385,0.23216138701357567,0.30131559968806315,0.0004997501249375312,2000,source-training-image-standardised-patient-mean-coordinates
vits16,age65,mbrset,brset_to_mbrset,5,external_auroc,ot_entropic,0.6207493652808633,0.5909189697230249,0.6496323109767189,0.0004997501249375312,2000,source-training-image-standardised-patient-mean-coordinates
vits16,age65,mbrset,brset_to_mbrset,5,transport_penalty,ot_entropic,0.24896213503649642,0.2165760042937912,0.28253759131042666,0.0004997501249375312,2000,source-training-image-standardised-patient-mean-coordinates
vits16,age65,mbrset,brset_to_mbrset,5,aligned_minus_unaligned_external_auroc,mean_variance,-0.039405645033322736,-0.04732580221971771,-0.032401585809794194,1.0,2000,source-training-image-standardised-patient-mean-coordinates
vits16,age65,mbrset,brset_to_mbrset,5,aligned_minus_unaligned_external_auroc,coral,-0.030279078070453797,-0.05969042064153741,-0.000357275621823658,0.9760119940029985,2000,source-training-image-standardised-patient-mean-coordinates
vits16,age65,mbrset,brset_to_mbrset,5,aligned_minus_unaligned_external_auroc,subspace,-0.12682878451285298,-0.15718852401672093,-0.09570528397444152,1.0,2000,source-training-image-standardised-patient-mean-coordinates
vits16,age65,mbrset,brset_to_mbrset,5,aligned_minus_unaligned_external_auroc,ot_gaussian,-0.0288936052046969,-0.059716795544735024,0.0015794461758406799,0.9685157421289355,2000,source-training-image-standardised-patient-mean-coordinates
vits16,age65,mbrset,brset_to_mbrset,5,aligned_minus_unaligned_external_auroc,ot_entropic,-0.011988257695969465,-0.0476318700997366,0.023667502841647526,0.7436281859070465,2000,source-training-image-standardised-patient-mean-coordinates
vits16,age65,mbrset,brset_to_mbrset_sizematched,5,target_local_auroc,target_local,0.8687633886067916,0.8488986807656239,0.8871032712749,0.0004997501249375312,2000,source-training-image-standardised-patient-mean-coordinates
vits16,age65,mbrset,brset_to_mbrset_sizematched,5,external_auroc,unaligned,0.6325179506505871,0.605182615531392,0.6593496902010141,0.0004997501249375312,2000,source-training-image-standardised-patient-mean-coordinates
vits16,age65,mbrset,brset_to_mbrset_sizematched,5,transport_penalty,unaligned,0.23624543795620445,0.2074755383329426,0.2646511390867427,0.0004997501249375312,2000,source-training-image-standardised-patient-mean-coordinates
vits16,age65,mbrset,brset_to_mbrset_sizematched,5,external_auroc,mean_variance,0.6322685258648049,0.60390504686126,0.6595366860210379,0.0004997501249375312,2000,source-training-image-standardised-patient-mean-coordinates
vits16,age65,mbrset,brset_to_mbrset_sizematched,5,transport_penalty,mean_variance,0.2364948627419867,0.2073369818722389,0.26568964451831406,0.0004997501249375312,2000,source-training-image-standardised-patient-mean-coordinates
vits16,age65,mbrset,brset_to_mbrset_sizematched,5,external_auroc,coral,0.6025641661377341,0.571381547634436,0.6319726288269993,0.0004997501249375312,2000,source-training-image-standardised-patient-mean-coordinates
vits16,age65,mbrset,brset_to_mbrset_sizematched,5,transport_penalty,coral,0.2661992224690575,0.23205589707832952,0.30063918199080236,0.0004997501249375312,2000,source-training-image-standardised-patient-mean-coordinates
vits16,age65,mbrset,brset_to_mbrset_sizematched,5,external_auroc,subspace,0.5037235203110123,0.495099922698411,0.5126124926768203,0.0004997501249375312,2000,source-training-image-standardised-patient-mean-coordinates
vits16,age65,mbrset,brset_to_mbrset_sizematched,5,transport_penalty,subspace,0.3650398682957792,0.34347762543133004,0.3857841913158838,0.0004997501249375312,2000,source-training-image-standardised-patient-mean-coordinates
vits16,age65,mbrset,brset_to_mbrset_sizematched,5,external_auroc,ot_gaussian,0.6036927761028246,0.5733379289424905,0.6328543267981467,0.0004997501249375312,2000,source-training-image-standardised-patient-mean-coordinates
vits16,age65,mbrset,brset_to_mbrset_sizematched,5,transport_penalty,ot_gaussian,0.2650706125039671,0.23214008087623453,0.2991462898313546,0.0004997501249375312,2000,source-training-image-standardised-patient-mean-coordinates
vits16,age65,mbrset,brset_to_mbrset_sizematched,5,external_auroc,ot_entropic,0.6161367423040305,0.5861250068381157,0.644825406409897,0.0004997501249375312,2000,source-training-image-standardised-patient-mean-coordinates
vits16,age65,mbrset,brset_to_mbrset_sizematched,5,transport_penalty,ot_entropic,0.2526266463027611,0.22163925565157375,0.28564368664663575,0.0004997501249375312,2000,source-training-image-standardised-patient-mean-coordinates
vits16,age65,mbrset,brset_to_mbrset_sizematched,5,aligned_minus_unaligned_external_auroc,mean_variance,-0.0002494247857822707,-0.0030779270403736036,0.002281358723782389,0.5742128935532234,2000,source-training-image-standardised-patient-mean-coordinates
vits16,age65,mbrset,brset_to_mbrset_sizematched,5,aligned_minus_unaligned_external_auroc,coral,-0.029953784512853,-0.05445835587098718,-0.005404899408785666,0.993503248375812,2000,source-training-image-standardised-patient-mean-coordinates
vits16,age65,mbrset,brset_to_mbrset_sizematched,5,aligned_minus_unaligned_external_auroc,subspace,-0.12879443033957474,-0.15847267228410233,-0.09736881159896284,1.0,2000,source-training-image-standardised-patient-mean-coordinates
vits16,age65,mbrset,brset_to_mbrset_sizematched,5,aligned_minus_unaligned_external_auroc,ot_gaussian,-0.028825174547762608,-0.0529328164935864,-0.004374868157993761,0.9885057471264368,2000,source-training-image-standardised-patient-mean-coordinates
vits16,age65,mbrset,brset_to_mbrset_sizematched,5,aligned_minus_unaligned_external_auroc,ot_entropic,-0.016381208346556625,-0.0449159959183272,0.011785872528871633,0.8685657171414293,2000,source-training-image-standardised-patient-mean-coordinates
vits16,age65,mbrset,brset_to_mbrset_sizematched,5,sizematched_minus_full_external_auroc,unaligned,-0.00021967232624560407,-0.02023590005199186,0.019606199228532392,0.5287356321839081,2000,source-training-image-standardised-patient-mean-coordinates
vits16,age65,mbrset,brset_to_mbrset_sizematched,5,sizematched_minus_full_transport_penalty,unaligned,-0.0007284393843224879,-0.021396664510471404,0.01869443961410519,0.52023988005997,2000,source-training-image-standardised-patient-mean-coordinates
vits16,age65,brset,mbrset_to_brset,5,target_local_auroc,target_local,0.9144174929398096,0.9070145198343001,0.921536563687654,0.0004997501249375312,2000,source-training-image-standardised-patient-mean-coordinates
vits16,age65,brset,mbrset_to_brset,5,external_auroc,unaligned,0.6684597362403815,0.6560389792735924,0.6806374504566436,0.0004997501249375312,2000,source-training-image-standardised-patient-mean-coordinates
vits16,age65,brset,mbrset_to_brset,5,transport_penalty,unaligned,0.2459577566994282,0.23358698115507076,0.25849620824928793,0.0004997501249375312,2000,source-training-image-standardised-patient-mean-coordinates
vits16,age65,brset,mbrset_to_brset,5,external_auroc,mean_variance,0.6762750983051409,0.6634627715061816,0.6888819803699346,0.0004997501249375312,2000,source-training-image-standardised-patient-mean-coordinates
vits16,age65,brset,mbrset_to_brset,5,transport_penalty,mean_variance,0.2381423946346687,0.22581716677473757,0.25033748035102715,0.0004997501249375312,2000,source-training-image-standardised-patient-mean-coordinates
vits16,age65,brset,mbrset_to_brset,5,external_auroc,coral,0.627782547167861,0.6131725517777514,0.6418929497254977,0.0004997501249375312,2000,source-training-image-standardised-patient-mean-coordinates
vits16,age65,brset,mbrset_to_brset,5,transport_penalty,coral,0.28663494577194865,0.27242149186469994,0.3018170391874401,0.0004997501249375312,2000,source-training-image-standardised-patient-mean-coordinates
vits16,age65,brset,mbrset_to_brset,5,external_auroc,subspace,0.6295316240712181,0.621343302636852,0.6367897772801515,0.0004997501249375312,2000,source-training-image-standardised-patient-mean-coordinates
vits16,age65,brset,mbrset_to_brset,5,transport_penalty,subspace,0.28488586886859146,0.27708354736672014,0.2931704779170374,0.0004997501249375312,2000,source-training-image-standardised-patient-mean-coordinates
vits16,age65,brset,mbrset_to_brset,5,external_auroc,ot_gaussian,0.6479205258239645,0.6333206824569322,0.6618375444440711,0.0004997501249375312,2000,source-training-image-standardised-patient-mean-coordinates
vits16,age65,brset,mbrset_to_brset,5,transport_penalty,ot_gaussian,0.266496967115845,0.25265187091187763,0.281356691709778,0.0004997501249375312,2000,source-training-image-standardised-patient-mean-coordinates
vits16,age65,brset,mbrset_to_brset,5,external_auroc,ot_entropic,0.6746409562371563,0.6612986316573706,0.6868420794168922,0.0004997501249375312,2000,source-training-image-standardised-patient-mean-coordinates
vits16,age65,brset,mbrset_to_brset,5,transport_penalty,ot_entropic,0.2397765367026533,0.22764620436986807,0.25281491566125314,0.0004997501249375312,2000,source-training-image-standardised-patient-mean-coordinates
vits16,age65,brset,mbrset_to_brset,5,aligned_minus_unaligned_external_auroc,mean_variance,0.007815362064759496,0.005746086677912545,0.009788094333611039,0.0004997501249375312,2000,source-training-image-standardised-patient-mean-coordinates
vits16,age65,brset,mbrset_to_brset,5,aligned_minus_unaligned_external_auroc,coral,-0.04067718907252045,-0.049407538816822326,-0.03205889107695107,1.0,2000,source-training-image-standardised-patient-mean-coordinates
vits16,age65,brset,mbrset_to_brset,5,aligned_minus_unaligned_external_auroc,subspace,-0.03892811216916334,-0.0528061626478479,-0.025517486520418915,1.0,2000,source-training-image-standardised-patient-mean-coordinates
vits16,age65,brset,mbrset_to_brset,5,aligned_minus_unaligned_external_auroc,ot_gaussian,-0.020539210416416792,-0.028798397662054765,-0.012638031922984835,1.0,2000,source-training-image-standardised-patient-mean-coordinates
vits16,age65,brset,mbrset_to_brset,5,aligned_minus_unaligned_external_auroc,ot_entropic,0.006181219996774845,-0.006807069033479614,0.018037351576035792,0.17341329335332334,2000,source-training-image-standardised-patient-mean-coordinates
convnext_tiny,sex,mbrset,brset_to_mbrset,5,target_local_auroc,target_local,0.7217353865125897,0.6930657329310914,0.7493397664083132,0.0004997501249375312,2000,source-training-image-standardised-patient-mean-coordinates
convnext_tiny,sex,mbrset,brset_to_mbrset,5,external_auroc,unaligned,0.5617718504658987,0.5314903265507425,0.5903583033850481,0.0004997501249375312,2000,source-training-image-standardised-patient-mean-coordinates
convnext_tiny,sex,mbrset,brset_to_mbrset,5,transport_penalty,unaligned,0.1599635360466909,0.122718476533919,0.19766344368805777,0.0004997501249375312,2000,source-training-image-standardised-patient-mean-coordinates
convnext_tiny,sex,mbrset,brset_to_mbrset,5,external_auroc,mean_variance,0.5737278811041243,0.5451234452228451,0.6034735726461623,0.0004997501249375312,2000,source-training-image-standardised-patient-mean-coordinates
convnext_tiny,sex,mbrset,brset_to_mbrset,5,transport_penalty,mean_variance,0.1480075054084653,0.11263392026590215,0.18311434434335022,0.0004997501249375312,2000,source-training-image-standardised-patient-mean-coordinates
convnext_tiny,sex,mbrset,brset_to_mbrset,5,external_auroc,coral,0.5979115616246127,0.5680174372404468,0.6282401722305315,0.0004997501249375312,2000,source-training-image-standardised-patient-mean-coordinates
convnext_tiny,sex,mbrset,brset_to_mbrset,5,transport_penalty,coral,0.12382382488797695,0.08703461802620457,0.15759829703108877,0.0004997501249375312,2000,source-training-image-standardised-patient-mean-coordinates
convnext_tiny,sex,mbrset,brset_to_mbrset,5,external_auroc,subspace,0.48738166490371077,0.47324056288853866,0.5008287531133611,0.0004997501249375312,2000,source-training-image-standardised-patient-mean-coordinates
convnext_tiny,sex,mbrset,brset_to_mbrset,5,transport_penalty,subspace,0.2343537216088789,0.20093622485181,0.2669872933868369,0.0004997501249375312,2000,source-training-image-standardised-patient-mean-coordinates
convnext_tiny,sex,mbrset,brset_to_mbrset,5,external_auroc,ot_gaussian,0.5977994057332391,0.5674527869379109,0.6279779268578202,0.0004997501249375312,2000,source-training-image-standardised-patient-mean-coordinates
convnext_tiny,sex,mbrset,brset_to_mbrset,5,transport_penalty,ot_gaussian,0.12393598077935057,0.08778158359132185,0.15758899276796343,0.0004997501249375312,2000,source-training-image-standardised-patient-mean-coordinates
convnext_tiny,sex,mbrset,brset_to_mbrset,5,external_auroc,ot_entropic,0.5604988013671326,0.5309752796930056,0.5910029224646407,0.0004997501249375312,2000,source-training-image-standardised-patient-mean-coordinates
convnext_tiny,sex,mbrset,brset_to_mbrset,5,transport_penalty,ot_entropic,0.16123658514545708,0.12338439332710864,0.19850595936335053,0.0004997501249375312,2000,source-training-image-standardised-patient-mean-coordinates
convnext_tiny,sex,mbrset,brset_to_mbrset,5,aligned_minus_unaligned_external_auroc,mean_variance,0.011956030638225576,-0.0005630437775017306,0.024771596626700976,0.031984007996002,2000,source-training-image-standardised-patient-mean-coordinates
convnext_tiny,sex,mbrset,brset_to_mbrset,5,aligned_minus_unaligned_external_auroc,coral,0.03613971115871394,0.012938832709564752,0.060156379890969,0.001999000499750125,2000,source-training-image-standardised-patient-mean-coordinates
convnext_tiny,sex,mbrset,brset_to_mbrset,5,aligned_minus_unaligned_external_auroc,subspace,-0.07439018556218804,-0.10643707449426232,-0.04011720422939791,1.0,2000,source-training-image-standardised-patient-mean-coordinates
convnext_tiny,sex,mbrset,brset_to_mbrset,5,aligned_minus_unaligned_external_auroc,ot_gaussian,0.03602755526734035,0.011011169746095444,0.06102668187736605,0.0029985007496251873,2000,source-training-image-standardised-patient-mean-coordinates
convnext_tiny,sex,mbrset,brset_to_mbrset,5,aligned_minus_unaligned_external_auroc,ot_entropic,-0.0012730490987662157,-0.038021586915733305,0.036382412995426466,0.5182408795602199,2000,source-training-image-standardised-patient-mean-coordinates
convnext_tiny,sex,mbrset,brset_to_mbrset_sizematched,5,target_local_auroc,target_local,0.7106510888689265,0.6833695097922043,0.7371046791960919,0.0004997501249375312,2000,source-training-image-standardised-patient-mean-coordinates
convnext_tiny,sex,mbrset,brset_to_mbrset_sizematched,5,external_auroc,unaligned,0.5622332310996061,0.5399751690959742,0.5862151398107737,0.0004997501249375312,2000,source-training-image-standardised-patient-mean-coordinates
convnext_tiny,sex,mbrset,brset_to_mbrset_sizematched,5,transport_penalty,unaligned,0.1484178577693203,0.11650515616928943,0.17864448317426718,0.0004997501249375312,2000,source-training-image-standardised-patient-mean-coordinates
convnext_tiny,sex,mbrset,brset_to_mbrset_sizematched,5,external_auroc,mean_variance,0.5597774954685831,0.53728548132842,0.5838504718039571,0.0004997501249375312,2000,source-training-image-standardised-patient-mean-coordinates
convnext_tiny,sex,mbrset,brset_to_mbrset_sizematched,5,transport_penalty,mean_variance,0.15087359340034337,0.11903633122946328,0.18146249840003964,0.0004997501249375312,2000,source-training-image-standardised-patient-mean-coordinates
convnext_tiny,sex,mbrset,brset_to_mbrset_sizematched,5,external_auroc,coral,0.5852214680196246,0.5610104218190717,0.6111634190338422,0.0004997501249375312,2000,source-training-image-standardised-patient-mean-coordinates
convnext_tiny,sex,mbrset,brset_to_mbrset_sizematched,5,transport_penalty,coral,0.12542962084930181,0.09315352459682272,0.1552505388157841,0.0004997501249375312,2000,source-training-image-standardised-patient-mean-coordinates
convnext_tiny,sex,mbrset,brset_to_mbrset_sizematched,5,external_auroc,subspace,0.4996614061478438,0.4835064300316615,0.515972534904011,0.0004997501249375312,2000,source-training-image-standardised-patient-mean-coordinates
convnext_tiny,sex,mbrset,brset_to_mbrset_sizematched,5,transport_penalty,subspace,0.2109896827210826,0.17870232653732082,0.24231944003926692,0.0004997501249375312,2000,source-training-image-standardised-patient-mean-coordinates
convnext_tiny,sex,mbrset,brset_to_mbrset_sizematched,5,external_auroc,ot_gaussian,0.5840844943151315,0.5591359027374868,0.6094660002201295,0.0004997501249375312,2000,source-training-image-standardised-patient-mean-coordinates
convnext_tiny,sex,mbrset,brset_to_mbrset_sizematched,5,transport_penalty,ot_gaussian,0.12656659455379488,0.0947939054376948,0.15705946438150167,0.0004997501249375312,2000,source-training-image-standardised-patient-mean-coordinates
convnext_tiny,sex,mbrset,brset_to_mbrset_sizematched,5,external_auroc,ot_entropic,0.5517931654007049,0.5250621198256654,0.5784482876446754,0.0004997501249375312,2000,source-training-image-standardised-patient-mean-coordinates
convnext_tiny,sex,mbrset,brset_to_mbrset_sizematched,5,transport_penalty,ot_entropic,0.1588579234682216,0.1256921138232091,0.19284385159721618,0.0004997501249375312,2000,source-training-image-standardised-patient-mean-coordinates
convnext_tiny,sex,mbrset,brset_to_mbrset_sizematched,5,aligned_minus_unaligned_external_auroc,mean_variance,-0.002455735631023026,-0.006339496777920877,0.0014769007746176892,0.8765617191404298,2000,source-training-image-standardised-patient-mean-coordinates
convnext_tiny,sex,mbrset,brset_to_mbrset_sizematched,5,aligned_minus_unaligned_external_auroc,coral,0.022988236920018494,0.0070321663321080054,0.03925446507294884,0.0024987506246876563,2000,source-training-image-standardised-patient-mean-coordinates
convnext_tiny,sex,mbrset,brset_to_mbrset_sizematched,5,aligned_minus_unaligned_external_auroc,subspace,-0.0625718249517623,-0.0929874297257564,-0.034387185299660616,1.0,2000,source-training-image-standardised-patient-mean-coordinates
convnext_tiny,sex,mbrset,brset_to_mbrset_sizematched,5,aligned_minus_unaligned_external_auroc,ot_gaussian,0.021851263215525385,0.0064178642247791785,0.03750648681563903,0.0029985007496251873,2000,source-training-image-standardised-patient-mean-coordinates
convnext_tiny,sex,mbrset,brset_to_mbrset_sizematched,5,aligned_minus_unaligned_external_auroc,ot_entropic,-0.010440065698901269,-0.03720285337059957,0.0166997748642456,0.7791104447776112,2000,source-training-image-standardised-patient-mean-coordinates
convnext_tiny,sex,mbrset,brset_to_mbrset_sizematched,5,sizematched_minus_full_external_auroc,unaligned,0.0004613806337074172,-0.021363789296000437,0.022578587229757353,0.4702648675662169,2000,source-training-image-standardised-patient-mean-coordinates
convnext_tiny,sex,mbrset,brset_to_mbrset_sizematched,5,sizematched_minus_full_transport_penalty,unaligned,-0.011545678277370575,-0.03432789097122495,0.010639371411473494,0.8580709645177411,2000,source-training-image-standardised-patient-mean-coordinates
convnext_tiny,sex,brset,mbrset_to_brset,5,target_local_auroc,target_local,0.7357276779900798,0.7246149736577189,0.7457527835193396,0.0004997501249375312,2000,source-training-image-standardised-patient-mean-coordinates
convnext_tiny,sex,brset,mbrset_to_brset,5,external_auroc,unaligned,0.5528033463819952,0.5412121703145287,0.563735552317742,0.0004997501249375312,2000,source-training-image-standardised-patient-mean-coordinates
convnext_tiny,sex,brset,mbrset_to_brset,5,transport_penalty,unaligned,0.18292433160808458,0.16931618958646058,0.19710708745202668,0.0004997501249375312,2000,source-training-image-standardised-patient-mean-coordinates
convnext_tiny,sex,brset,mbrset_to_brset,5,external_auroc,mean_variance,0.5607312194252211,0.5500875729912714,0.5704976788655963,0.0004997501249375312,2000,source-training-image-standardised-patient-mean-coordinates
convnext_tiny,sex,brset,mbrset_to_brset,5,transport_penalty,mean_variance,0.17499645856485874,0.16208243448842938,0.18844560521149567,0.0004997501249375312,2000,source-training-image-standardised-patient-mean-coordinates
convnext_tiny,sex,brset,mbrset_to_brset,5,external_auroc,coral,0.561470725925359,0.5504324872962997,0.5726641286373484,0.0004997501249375312,2000,source-training-image-standardised-patient-mean-coordinates
convnext_tiny,sex,brset,mbrset_to_brset,5,transport_penalty,coral,0.17425695206472086,0.16094222597613383,0.18762096625284788,0.0004997501249375312,2000,source-training-image-standardised-patient-mean-coordinates
convnext_tiny,sex,brset,mbrset_to_brset,5,external_auroc,subspace,0.4951228778810479,0.48957856695119906,0.5005928534064386,0.0004997501249375312,2000,source-training-image-standardised-patient-mean-coordinates
convnext_tiny,sex,brset,mbrset_to_brset,5,transport_penalty,subspace,0.24060480010903185,0.22789657590050508,0.25244958252141725,0.0004997501249375312,2000,source-training-image-standardised-patient-mean-coordinates
convnext_tiny,sex,brset,mbrset_to_brset,5,external_auroc,ot_gaussian,0.5654537377718387,0.5544614858998327,0.5767235571418938,0.0004997501249375312,2000,source-training-image-standardised-patient-mean-coordinates
convnext_tiny,sex,brset,mbrset_to_brset,5,transport_penalty,ot_gaussian,0.170273940218241,0.15699016933429333,0.18305461667189413,0.0004997501249375312,2000,source-training-image-standardised-patient-mean-coordinates
convnext_tiny,sex,brset,mbrset_to_brset,5,external_auroc,ot_entropic,0.5427708048521046,0.5320394422552146,0.5541886548221991,0.0004997501249375312,2000,source-training-image-standardised-patient-mean-coordinates
convnext_tiny,sex,brset,mbrset_to_brset,5,transport_penalty,ot_entropic,0.19295687313797527,0.17821363742731308,0.20719046075182207,0.0004997501249375312,2000,source-training-image-standardised-patient-mean-coordinates
convnext_tiny,sex,brset,mbrset_to_brset,5,aligned_minus_unaligned_external_auroc,mean_variance,0.007927873043225814,0.004310810764783613,0.011720279567284213,0.0004997501249375312,2000,source-training-image-standardised-patient-mean-coordinates
convnext_tiny,sex,brset,mbrset_to_brset,5,aligned_minus_unaligned_external_auroc,coral,0.008667379543363713,0.0007100451295962649,0.016814617741835864,0.01649175412293853,2000,source-training-image-standardised-patient-mean-coordinates
convnext_tiny,sex,brset,mbrset_to_brset,5,aligned_minus_unaligned_external_auroc,subspace,-0.05768046850094728,-0.07077846450158468,-0.044478158126084515,1.0,2000,source-training-image-standardised-patient-mean-coordinates
convnext_tiny,sex,brset,mbrset_to_brset,5,aligned_minus_unaligned_external_auroc,ot_gaussian,0.01265039138984353,0.0038027208769397312,0.021451948058292213,0.0014992503748125937,2000,source-training-image-standardised-patient-mean-coordinates
convnext_tiny,sex,brset,mbrset_to_brset,5,aligned_minus_unaligned_external_auroc,ot_entropic,-0.010032541529890679,-0.021929785783203325,0.0023837078855664484,0.9385307346326837,2000,source-training-image-standardised-patient-mean-coordinates
convnext_tiny,age65,mbrset,brset_to_mbrset,5,target_local_auroc,target_local,0.8555805696604253,0.8352771849716704,0.8751682051539651,0.0004997501249375312,2000,source-training-image-standardised-patient-mean-coordinates
convnext_tiny,age65,mbrset,brset_to_mbrset,5,external_auroc,unaligned,0.5611403125991749,0.5309002967554998,0.5919759879181111,0.0004997501249375312,2000,source-training-image-standardised-patient-mean-coordinates
convnext_tiny,age65,mbrset,brset_to_mbrset,5,transport_penalty,unaligned,0.2944402570612504,0.25981731212748427,0.3292839097343202,0.0004997501249375312,2000,source-training-image-standardised-patient-mean-coordinates
convnext_tiny,age65,mbrset,brset_to_mbrset,5,external_auroc,mean_variance,0.547862781656617,0.5182816440486484,0.5788897733657988,0.0004997501249375312,2000,source-training-image-standardised-patient-mean-coordinates
convnext_tiny,age65,mbrset,brset_to_mbrset,5,transport_penalty,mean_variance,0.30771778800380833,0.2718932421031661,0.34330392955470207,0.0004997501249375312,2000,source-training-image-standardised-patient-mean-coordinates
convnext_tiny,age65,mbrset,brset_to_mbrset,5,external_auroc,coral,0.5338949936528086,0.5024044332372396,0.5659174898109217,0.0004997501249375312,2000,source-training-image-standardised-patient-mean-coordinates
convnext_tiny,age65,mbrset,brset_to_mbrset,5,transport_penalty,coral,0.3216855760076166,0.28520510762899254,0.359216261148706,0.0004997501249375312,2000,source-training-image-standardised-patient-mean-coordinates
convnext_tiny,age65,mbrset,brset_to_mbrset,5,external_auroc,subspace,0.6309014003490956,0.6088915180646175,0.6528783940905218,0.0004997501249375312,2000,source-training-image-standardised-patient-mean-coordinates
convnext_tiny,age65,mbrset,brset_to_mbrset,5,transport_penalty,subspace,0.22467916931132975,0.20167745159932654,0.24821833128680573,0.0004997501249375312,2000,source-training-image-standardised-patient-mean-coordinates
convnext_tiny,age65,mbrset,brset_to_mbrset,5,external_auroc,ot_gaussian,0.5311780982227865,0.4989828614150241,0.5625907371326111,0.0004997501249375312,2000,source-training-image-standardised-patient-mean-coordinates
convnext_tiny,age65,mbrset,brset_to_mbrset,5,transport_penalty,ot_gaussian,0.3244024714376388,0.288169781692461,0.3618698020881863,0.0004997501249375312,2000,source-training-image-standardised-patient-mean-coordinates
convnext_tiny,age65,mbrset,brset_to_mbrset,5,external_auroc,ot_entropic,0.5201201007616629,0.4883660173724722,0.5501645834289682,0.0004997501249375312,2000,source-training-image-standardised-patient-mean-coordinates
convnext_tiny,age65,mbrset,brset_to_mbrset,5,transport_penalty,ot_entropic,0.33546046889876224,0.29882247108052545,0.3733433832758561,0.0004997501249375312,2000,source-training-image-standardised-patient-mean-coordinates
convnext_tiny,age65,mbrset,brset_to_mbrset,5,aligned_minus_unaligned_external_auroc,mean_variance,-0.013277530942557916,-0.019456451159522537,-0.0069518042450101855,1.0,2000,source-training-image-standardised-patient-mean-coordinates
convnext_tiny,age65,mbrset,brset_to_mbrset,5,aligned_minus_unaligned_external_auroc,coral,-0.027245318946366233,-0.054772644333520464,0.0003155703063028997,0.9730134932533733,2000,source-training-image-standardised-patient-mean-coordinates
convnext_tiny,age65,mbrset,brset_to_mbrset,5,aligned_minus_unaligned_external_auroc,subspace,0.06976108774992065,0.035931131677475935,0.1019142298059118,0.0004997501249375312,2000,source-training-image-standardised-patient-mean-coordinates
convnext_tiny,age65,mbrset,brset_to_mbrset,5,aligned_minus_unaligned_external_auroc,ot_gaussian,-0.029962214376388394,-0.05821250484860542,-0.001782976918772711,0.9830084957521239,2000,source-training-image-standardised-patient-mean-coordinates
convnext_tiny,age65,mbrset,brset_to_mbrset,5,aligned_minus_unaligned_external_auroc,ot_entropic,-0.041020211837511866,-0.07939824508009848,-0.003476977746649399,0.9820089955022488,2000,source-training-image-standardised-patient-mean-coordinates
convnext_tiny,age65,mbrset,brset_to_mbrset_sizematched,5,target_local_auroc,target_local,0.8521134163757538,0.8322883475947738,0.8722665016309514,0.0004997501249375312,2000,source-training-image-standardised-patient-mean-coordinates
convnext_tiny,age65,mbrset,brset_to_mbrset_sizematched,5,external_auroc,unaligned,0.5684762773722628,0.5419126099055371,0.5956457895427917,0.0004997501249375312,2000,source-training-image-standardised-patient-mean-coordinates
convnext_tiny,age65,mbrset,brset_to_mbrset_sizematched,5,transport_penalty,unaligned,0.28363713900349097,0.25243274574010177,0.3148682910227076,0.0004997501249375312,2000,source-training-image-standardised-patient-mean-coordinates
convnext_tiny,age65,mbrset,brset_to_mbrset_sizematched,5,external_auroc,mean_variance,0.5695116629641385,0.5428979557004561,0.5967232871001422,0.0004997501249375312,2000,source-training-image-standardised-patient-mean-coordinates
convnext_tiny,age65,mbrset,brset_to_mbrset_sizematched,5,transport_penalty,mean_variance,0.2826017534116153,0.25086736497688417,0.31416935613050007,0.0004997501249375312,2000,source-training-image-standardised-patient-mean-coordinates
convnext_tiny,age65,mbrset,brset_to_mbrset_sizematched,5,external_auroc,coral,0.5303777570612505,0.5002017595858066,0.5597153808383594,0.0004997501249375312,2000,source-training-image-standardised-patient-mean-coordinates
convnext_tiny,age65,mbrset,brset_to_mbrset_sizematched,5,transport_penalty,coral,0.3217356593145033,0.28734211035943924,0.35762613086527656,0.0004997501249375312,2000,source-training-image-standardised-patient-mean-coordinates
convnext_tiny,age65,mbrset,brset_to_mbrset_sizematched,5,external_auroc,subspace,0.631645211837512,0.6097509667619411,0.6536754278147018,0.0004997501249375312,2000,source-training-image-standardised-patient-mean-coordinates
convnext_tiny,age65,mbrset,brset_to_mbrset_sizematched,5,transport_penalty,subspace,0.2204682045382418,0.19832452635147985,0.2440580900750506,0.0004997501249375312,2000,source-training-image-standardised-patient-mean-coordinates
convnext_tiny,age65,mbrset,brset_to_mbrset_sizematched,5,external_auroc,ot_gaussian,0.5272274674706443,0.496754469098469,0.5567124564984341,0.0004997501249375312,2000,source-training-image-standardised-patient-mean-coordinates
convnext_tiny,age65,mbrset,brset_to_mbrset_sizematched,5,transport_penalty,ot_gaussian,0.3248859489051094,0.28845506707519736,0.3612679857649539,0.0004997501249375312,2000,source-training-image-standardised-patient-mean-coordinates
convnext_tiny,age65,mbrset,brset_to_mbrset_sizematched,5,external_auroc,ot_entropic,0.530129819898445,0.49945448921035906,0.5598748900010233,0.0004997501249375312,2000,source-training-image-standardised-patient-mean-coordinates
convnext_tiny,age65,mbrset,brset_to_mbrset_sizematched,5,transport_penalty,ot_entropic,0.3219835964773088,0.2868043978054041,0.3582878452152424,0.0004997501249375312,2000,source-training-image-standardised-patient-mean-coordinates
convnext_tiny,age65,mbrset,brset_to_mbrset_sizematched,5,aligned_minus_unaligned_external_auroc,mean_variance,0.0010353855918756316,-0.0024912014077747126,0.004548039619553434,0.2653673163418291,2000,source-training-image-standardised-patient-mean-coordinates
convnext_tiny,age65,mbrset,brset_to_mbrset_sizematched,5,aligned_minus_unaligned_external_auroc,coral,-0.03809852031101237,-0.06288171190311652,-0.013374725711788576,0.999000499750125,2000,source-training-image-standardised-patient-mean-coordinates
convnext_tiny,age65,mbrset,brset_to_mbrset_sizematched,5,aligned_minus_unaligned_external_auroc,subspace,0.06316893446524915,0.033601752795378546,0.09288815635841462,0.0004997501249375312,2000,source-training-image-standardised-patient-mean-coordinates
convnext_tiny,age65,mbrset,brset_to_mbrset_sizematched,5,aligned_minus_unaligned_external_auroc,ot_gaussian,-0.041248809901618555,-0.06715305603632907,-0.016311704926130648,0.9995002498750625,2000,source-training-image-standardised-patient-mean-coordinates
convnext_tiny,age65,mbrset,brset_to_mbrset_sizematched,5,aligned_minus_unaligned_external_auroc,ot_entropic,-0.03834645747381783,-0.07234215267858829,-0.003800881207953138,0.9830084957521239,2000,source-training-image-standardised-patient-mean-coordinates
convnext_tiny,age65,mbrset,brset_to_mbrset_sizematched,5,sizematched_minus_full_external_auroc,unaligned,0.007335964773087927,-0.008129421293404984,0.022370279958912557,0.1724137931034483,2000,source-training-image-standardised-patient-mean-coordinates
convnext_tiny,age65,mbrset,brset_to_mbrset_sizematched,5,sizematched_minus_full_transport_penalty,unaligned,-0.010803118057759409,-0.02580874959090446,0.004549123373790161,0.9230384807596201,2000,source-training-image-standardised-patient-mean-coordinates
convnext_tiny,age65,brset,mbrset_to_brset,5,target_local_auroc,target_local,0.9014234088212066,0.893346261116769,0.908789025672242,0.0004997501249375312,2000,source-training-image-standardised-patient-mean-coordinates
convnext_tiny,age65,brset,mbrset_to_brset,5,external_auroc,unaligned,0.5513952662611795,0.5389874729760574,0.5637608962455856,0.0004997501249375312,2000,source-training-image-standardised-patient-mean-coordinates
convnext_tiny,age65,brset,mbrset_to_brset,5,transport_penalty,unaligned,0.3500281425600272,0.3358528911506341,0.363917413218776,0.0004997501249375312,2000,source-training-image-standardised-patient-mean-coordinates
convnext_tiny,age65,brset,mbrset_to_brset,5,external_auroc,mean_variance,0.5465851884853772,0.5342830956018905,0.5588276978632196,0.0004997501249375312,2000,source-training-image-standardised-patient-mean-coordinates
convnext_tiny,age65,brset,mbrset_to_brset,5,transport_penalty,mean_variance,0.3548382203358294,0.34047024921003244,0.3687384133795245,0.0004997501249375312,2000,source-training-image-standardised-patient-mean-coordinates
convnext_tiny,age65,brset,mbrset_to_brset,5,external_auroc,coral,0.5566544879242834,0.5419786288524165,0.5707275227054345,0.0004997501249375312,2000,source-training-image-standardised-patient-mean-coordinates
convnext_tiny,age65,brset,mbrset_to_brset,5,transport_penalty,coral,0.34476892089692335,0.3287794638977814,0.3605898308660325,0.0004997501249375312,2000,source-training-image-standardised-patient-mean-coordinates
convnext_tiny,age65,brset,mbrset_to_brset,5,external_auroc,subspace,0.5589777092317934,0.55245475313273,0.5654939704548412,0.0004997501249375312,2000,source-training-image-standardised-patient-mean-coordinates
convnext_tiny,age65,brset,mbrset_to_brset,5,transport_penalty,subspace,0.3424456995894133,0.3335198946225321,0.3513146819450991,0.0004997501249375312,2000,source-training-image-standardised-patient-mean-coordinates
convnext_tiny,age65,brset,mbrset_to_brset,5,external_auroc,ot_gaussian,0.5609363952300817,0.5465157024487631,0.5751785398743597,0.0004997501249375312,2000,source-training-image-standardised-patient-mean-coordinates
convnext_tiny,age65,brset,mbrset_to_brset,5,transport_penalty,ot_gaussian,0.3404870135911251,0.3242192780654495,0.35612180599789106,0.0004997501249375312,2000,source-training-image-standardised-patient-mean-coordinates
convnext_tiny,age65,brset,mbrset_to_brset,5,external_auroc,ot_entropic,0.5971128679465286,0.5815627811637754,0.6116495928989447,0.0004997501249375312,2000,source-training-image-standardised-patient-mean-coordinates
convnext_tiny,age65,brset,mbrset_to_brset,5,transport_penalty,ot_entropic,0.30431054087467796,0.2895119600314726,0.32040617070372335,0.0004997501249375312,2000,source-training-image-standardised-patient-mean-coordinates
convnext_tiny,age65,brset,mbrset_to_brset,5,aligned_minus_unaligned_external_auroc,mean_variance,-0.004810077775802238,-0.00733041008080755,-0.0023282935686330447,1.0,2000,source-training-image-standardised-patient-mean-coordinates
convnext_tiny,age65,brset,mbrset_to_brset,5,aligned_minus_unaligned_external_auroc,coral,0.005259221663103833,-0.005452862915276562,0.01601035215106962,0.18140929535232383,2000,source-training-image-standardised-patient-mean-coordinates
convnext_tiny,age65,brset,mbrset_to_brset,5,aligned_minus_unaligned_external_auroc,subspace,0.00758244297061389,-0.005648572105006458,0.020569306764379573,0.14192903548225888,2000,source-training-image-standardised-patient-mean-coordinates
convnext_tiny,age65,brset,mbrset_to_brset,5,aligned_minus_unaligned_external_auroc,ot_gaussian,0.00954112896890208,-0.0017472260091693104,0.02075578718567973,0.05247376311844078,2000,source-training-image-standardised-patient-mean-coordinates
convnext_tiny,age65,brset,mbrset_to_brset,5,aligned_minus_unaligned_external_auroc,ot_entropic,0.04571760168534916,0.02829820459113256,0.06229815062752626,0.0004997501249375312,2000,source-training-image-standardised-patient-mean-coordinates
