backbone,direction,source,target,split_index,attribute,outcome,method,status,auroc,target_local_auroc,transport_penalty,best_C,source_train_n,n,n_negative,n_positive,coordinate_space
vits16,brset_to_mbrset,brset,mbrset,0,sex,0,unaligned,complete,0.6135349324125771,0.7331169188950926,0.1195819864825155,0.01,4772,988,656,332,source-training-image-standardised-patient-mean-coordinates
vits16,brset_to_mbrset,brset,mbrset,0,sex,0,mean_variance,complete,0.6054308698207465,0.7331169188950926,0.1276860490743461,0.01,4772,988,656,332,source-training-image-standardised-patient-mean-coordinates
vits16,brset_to_mbrset,brset,mbrset,0,sex,0,coral,complete,0.6117947399353512,0.7331169188950926,0.1213221789597414,0.01,4772,988,656,332,source-training-image-standardised-patient-mean-coordinates
vits16,brset_to_mbrset,brset,mbrset,0,sex,0,subspace,complete,0.49711192330296794,0.7331169188950926,0.23600499559212462,0.01,4772,988,656,332,source-training-image-standardised-patient-mean-coordinates
vits16,brset_to_mbrset,brset,mbrset,0,sex,0,ot_gaussian,complete,0.6109361225389363,0.7331169188950926,0.12218079635615631,0.01,4772,988,656,332,source-training-image-standardised-patient-mean-coordinates
vits16,brset_to_mbrset,brset,mbrset,0,sex,0,ot_entropic,complete,0.5729962533059065,0.7331169188950926,0.16012066558918603,0.01,4772,988,656,332,source-training-image-standardised-patient-mean-coordinates
vits16,brset_to_mbrset,brset,mbrset,0,sex,1,unaligned,complete,0.5781910397295013,0.6617826617826619,0.08359162205316062,0.1,332,299,182,117,source-training-image-standardised-patient-mean-coordinates
vits16,brset_to_mbrset,brset,mbrset,0,sex,1,mean_variance,complete,0.5703954165492626,0.6617826617826619,0.09138724523339925,0.1,332,299,182,117,source-training-image-standardised-patient-mean-coordinates
vits16,brset_to_mbrset,brset,mbrset,0,sex,1,coral,complete,0.5819479665633512,0.6617826617826619,0.07983469521931064,0.1,332,299,182,117,source-training-image-standardised-patient-mean-coordinates
vits16,brset_to_mbrset,brset,mbrset,0,sex,1,subspace,complete,0.5656522964215271,0.6617826617826619,0.09613036536113473,0.1,332,299,182,117,source-training-image-standardised-patient-mean-coordinates
vits16,brset_to_mbrset,brset,mbrset,0,sex,1,ot_gaussian,complete,0.5893209354747816,0.6617826617826619,0.07246172630788028,0.1,332,299,182,117,source-training-image-standardised-patient-mean-coordinates
vits16,brset_to_mbrset,brset,mbrset,0,sex,1,ot_entropic,complete,0.5819479665633511,0.6617826617826619,0.07983469521931075,0.1,332,299,182,117,source-training-image-standardised-patient-mean-coordinates
vits16,mbrset_to_brset,mbrset,brset,0,sex,0,unaligned,complete,0.5827343945265793,0.7583783954486049,0.1756440009220256,0.01,593,7951,4968,2983,source-training-image-standardised-patient-mean-coordinates
vits16,mbrset_to_brset,mbrset,brset,0,sex,0,mean_variance,complete,0.5865495591497282,0.7583783954486049,0.17182883629887669,0.01,593,7951,4968,2983,source-training-image-standardised-patient-mean-coordinates
vits16,mbrset_to_brset,mbrset,brset,0,sex,0,coral,complete,0.5792806445326523,0.7583783954486049,0.1790977509159526,0.01,593,7951,4968,2983,source-training-image-standardised-patient-mean-coordinates
vits16,mbrset_to_brset,mbrset,brset,0,sex,0,subspace,complete,0.4834240513743203,0.7583783954486049,0.27495434407428454,0.01,593,7951,4968,2983,source-training-image-standardised-patient-mean-coordinates
vits16,mbrset_to_brset,mbrset,brset,0,sex,0,ot_gaussian,complete,0.5901532462807223,0.7583783954486049,0.16822514916788256,0.01,593,7951,4968,2983,source-training-image-standardised-patient-mean-coordinates
vits16,mbrset_to_brset,mbrset,brset,0,sex,0,ot_entropic,complete,0.5613447350336827,0.7583783954486049,0.1970336604149222,0.01,593,7951,4968,2983,source-training-image-standardised-patient-mean-coordinates
vits16,mbrset_to_brset,mbrset,brset,0,sex,1,unaligned,complete,0.5647939387583893,0.6818372483221475,0.11704330956375819,1.0,179,554,256,298,source-training-image-standardised-patient-mean-coordinates
vits16,mbrset_to_brset,mbrset,brset,0,sex,1,mean_variance,complete,0.5848757340604026,0.6818372483221475,0.09696151426174493,1.0,179,554,256,298,source-training-image-standardised-patient-mean-coordinates
vits16,mbrset_to_brset,mbrset,brset,0,sex,1,coral,complete,0.5811005662751678,0.6818372483221475,0.10073668204697972,1.0,179,554,256,298,source-training-image-standardised-patient-mean-coordinates
vits16,mbrset_to_brset,mbrset,brset,0,sex,1,subspace,complete,0.5022021812080537,0.6818372483221475,0.17963506711409383,1.0,179,554,256,298,source-training-image-standardised-patient-mean-coordinates
vits16,mbrset_to_brset,mbrset,brset,0,sex,1,ot_gaussian,complete,0.5983903104026846,0.6818372483221475,0.0834469379194629,1.0,179,554,256,298,source-training-image-standardised-patient-mean-coordinates
vits16,mbrset_to_brset,mbrset,brset,0,sex,1,ot_entropic,complete,0.5290216023489933,0.6818372483221475,0.15281564597315422,1.0,179,554,256,298,source-training-image-standardised-patient-mean-coordinates
vits16,brset_to_mbrset,brset,mbrset,0,age65,0,unaligned,complete,0.5698125039192324,0.8815534792332936,0.3117409753140612,0.1,3155,986,555,431,source-training-image-standardised-patient-mean-coordinates
vits16,brset_to_mbrset,brset,mbrset,0,age65,0,mean_variance,complete,0.5390146527037478,0.8815534792332936,0.3425388265295458,0.1,3155,986,555,431,source-training-image-standardised-patient-mean-coordinates
vits16,brset_to_mbrset,brset,mbrset,0,age65,0,coral,complete,0.5961706486068434,0.8815534792332936,0.2853828306264502,0.1,3155,986,555,431,source-training-image-standardised-patient-mean-coordinates
vits16,brset_to_mbrset,brset,mbrset,0,age65,0,subspace,complete,0.34451202943082293,0.8815534792332936,0.5370414498024707,0.1,3155,986,555,431,source-training-image-standardised-patient-mean-coordinates
vits16,brset_to_mbrset,brset,mbrset,0,age65,0,ot_gaussian,complete,0.604431345498631,0.8815534792332936,0.27712213373466266,0.1,3155,986,555,431,source-training-image-standardised-patient-mean-coordinates
vits16,brset_to_mbrset,brset,mbrset,0,age65,0,ot_entropic,complete,0.6234443259965302,0.8815534792332936,0.2581091532367634,0.1,3155,986,555,431,source-training-image-standardised-patient-mean-coordinates
vits16,brset_to_mbrset,brset,mbrset,0,age65,1,unaligned,complete,0.5892241582849318,0.7883080700760259,0.19908391179109408,10.0,235,298,181,117,source-training-image-standardised-patient-mean-coordinates
vits16,brset_to_mbrset,brset,mbrset,0,age65,1,mean_variance,complete,0.5948434622467771,0.7883080700760259,0.1934646078292488,10.0,235,298,181,117,source-training-image-standardised-patient-mean-coordinates
vits16,brset_to_mbrset,brset,mbrset,0,age65,1,coral,complete,0.6198233933040562,0.7883080700760259,0.16848467677196965,10.0,235,298,181,117,source-training-image-standardised-patient-mean-coordinates
vits16,brset_to_mbrset,brset,mbrset,0,age65,1,subspace,complete,0.3736128819001747,0.7883080700760259,0.41469518817585116,10.0,235,298,181,117,source-training-image-standardised-patient-mean-coordinates
vits16,brset_to_mbrset,brset,mbrset,0,age65,1,ot_gaussian,complete,0.6073098172545686,0.7883080700760259,0.18099825282145732,10.0,235,298,181,117,source-training-image-standardised-patient-mean-coordinates
vits16,brset_to_mbrset,brset,mbrset,0,age65,1,ot_entropic,complete,0.6419700618595646,0.7883080700760259,0.14633800821646126,10.0,235,298,181,117,source-training-image-standardised-patient-mean-coordinates
vits16,mbrset_to_brset,mbrset,brset,0,age65,0,unaligned,complete,0.7766723965047987,0.9179849770806474,0.14131258057584872,0.01,592,5268,3120,2148,source-training-image-standardised-patient-mean-coordinates
vits16,mbrset_to_brset,mbrset,brset,0,age65,0,mean_variance,complete,0.7697258630568686,0.9179849770806474,0.14825911402377878,0.01,592,5268,3120,2148,source-training-image-standardised-patient-mean-coordinates
vits16,mbrset_to_brset,mbrset,brset,0,age65,0,coral,complete,0.6425868727020962,0.9179849770806474,0.27539810437855117,0.01,592,5268,3120,2148,source-training-image-standardised-patient-mean-coordinates
vits16,mbrset_to_brset,mbrset,brset,0,age65,0,subspace,complete,0.615612465979086,0.9179849770806474,0.3023725111015614,0.01,592,5268,3120,2148,source-training-image-standardised-patient-mean-coordinates
vits16,mbrset_to_brset,mbrset,brset,0,age65,0,ot_gaussian,complete,0.6725604915723631,0.9179849770806474,0.24542448550828433,0.01,592,5268,3120,2148,source-training-image-standardised-patient-mean-coordinates
vits16,mbrset_to_brset,mbrset,brset,0,age65,0,ot_entropic,complete,0.6851060020054434,0.9179849770806474,0.23287897507520405,0.01,592,5268,3120,2148,source-training-image-standardised-patient-mean-coordinates
vits16,mbrset_to_brset,mbrset,brset,0,age65,1,unaligned,complete,0.6524087752177269,0.7917539411310771,0.13934516591335022,0.0001,178,381,193,188,source-training-image-standardised-patient-mean-coordinates
vits16,mbrset_to_brset,mbrset,brset,0,age65,1,mean_variance,complete,0.6563774666519678,0.7917539411310771,0.13537647447910928,0.0001,178,381,193,188,source-training-image-standardised-patient-mean-coordinates
vits16,mbrset_to_brset,mbrset,brset,0,age65,1,coral,complete,0.6450777202072538,0.7917539411310771,0.14667622092382326,0.0001,178,381,193,188,source-training-image-standardised-patient-mean-coordinates
vits16,mbrset_to_brset,mbrset,brset,0,age65,1,subspace,complete,0.44661558813802227,0.7917539411310771,0.34513835299305484,0.0001,178,381,193,188,source-training-image-standardised-patient-mean-coordinates
vits16,mbrset_to_brset,mbrset,brset,0,age65,1,ot_gaussian,complete,0.6321519126887885,0.7917539411310771,0.15960202844228866,0.0001,178,381,193,188,source-training-image-standardised-patient-mean-coordinates
vits16,mbrset_to_brset,mbrset,brset,0,age65,1,ot_entropic,complete,0.6361206041230294,0.7917539411310771,0.1556333370080477,0.0001,178,381,193,188,source-training-image-standardised-patient-mean-coordinates
vits16,brset_to_mbrset,brset,mbrset,1,sex,0,unaligned,complete,0.6227914707610931,0.732919482809286,0.11012801204819289,0.1,4772,988,656,332,source-training-image-standardised-patient-mean-coordinates
vits16,brset_to_mbrset,brset,mbrset,1,sex,0,mean_variance,complete,0.6157342785777256,0.732919482809286,0.11718520423156042,0.1,4772,988,656,332,source-training-image-standardised-patient-mean-coordinates
vits16,brset_to_mbrset,brset,mbrset,1,sex,0,coral,complete,0.6185442991478107,0.732919482809286,0.11437518366147525,0.1,4772,988,656,332,source-training-image-standardised-patient-mean-coordinates
vits16,brset_to_mbrset,brset,mbrset,1,sex,0,subspace,complete,0.47736372318542464,0.732919482809286,0.25555575962386134,0.1,4772,988,656,332,source-training-image-standardised-patient-mean-coordinates
vits16,brset_to_mbrset,brset,mbrset,1,sex,0,ot_gaussian,complete,0.6160189538642373,0.732919482809286,0.11690052894504865,0.1,4772,988,656,332,source-training-image-standardised-patient-mean-coordinates
vits16,brset_to_mbrset,brset,mbrset,1,sex,0,ot_entropic,complete,0.5928684249191889,0.732919482809286,0.14005105789009709,0.1,4772,988,656,332,source-training-image-standardised-patient-mean-coordinates
vits16,brset_to_mbrset,brset,mbrset,1,sex,1,unaligned,complete,0.5601577909270217,0.6568986568986569,0.09674086597163523,10.0,332,299,182,117,source-training-image-standardised-patient-mean-coordinates
vits16,brset_to_mbrset,brset,mbrset,1,sex,1,mean_variance,complete,0.5521743214050906,0.6568986568986569,0.1047243354935663,10.0,332,299,182,117,source-training-image-standardised-patient-mean-coordinates
vits16,brset_to_mbrset,brset,mbrset,1,sex,1,coral,complete,0.5463980463980463,0.6568986568986569,0.11050061050061055,10.0,332,299,182,117,source-training-image-standardised-patient-mean-coordinates
vits16,brset_to_mbrset,brset,mbrset,1,sex,1,subspace,complete,0.5539588616511693,0.6568986568986569,0.10293979524748764,10.0,332,299,182,117,source-training-image-standardised-patient-mean-coordinates
vits16,brset_to_mbrset,brset,mbrset,1,sex,1,ot_gaussian,complete,0.5517047055508595,0.6568986568986569,0.10519395134779741,10.0,332,299,182,117,source-training-image-standardised-patient-mean-coordinates
vits16,brset_to_mbrset,brset,mbrset,1,sex,1,ot_entropic,complete,0.5851413543721236,0.6568986568986569,0.07175730252653334,10.0,332,299,182,117,source-training-image-standardised-patient-mean-coordinates
vits16,mbrset_to_brset,mbrset,brset,1,sex,0,unaligned,complete,0.5713795917067355,0.7581973507416963,0.18681775903496078,0.01,593,7951,4968,2983,source-training-image-standardised-patient-mean-coordinates
vits16,mbrset_to_brset,mbrset,brset,1,sex,0,mean_variance,complete,0.5748745035609732,0.7581973507416963,0.183322847180723,0.01,593,7951,4968,2983,source-training-image-standardised-patient-mean-coordinates
vits16,mbrset_to_brset,mbrset,brset,1,sex,0,coral,complete,0.5832062713940456,0.7581973507416963,0.17499107934765068,0.01,593,7951,4968,2983,source-training-image-standardised-patient-mean-coordinates
vits16,mbrset_to_brset,mbrset,brset,1,sex,0,subspace,complete,0.47552886917438214,0.7581973507416963,0.2826684815673141,0.01,593,7951,4968,2983,source-training-image-standardised-patient-mean-coordinates
vits16,mbrset_to_brset,mbrset,brset,1,sex,0,ot_gaussian,complete,0.5933473391623926,0.7581973507416963,0.16485001157930368,0.01,593,7951,4968,2983,source-training-image-standardised-patient-mean-coordinates
vits16,mbrset_to_brset,mbrset,brset,1,sex,0,ot_entropic,complete,0.567621581338805,0.7581973507416963,0.19057576940289123,0.01,593,7951,4968,2983,source-training-image-standardised-patient-mean-coordinates
vits16,mbrset_to_brset,mbrset,brset,1,sex,1,unaligned,complete,0.5174863674496644,0.6853240352348993,0.1678376677852349,0.1,179,554,256,298,source-training-image-standardised-patient-mean-coordinates
vits16,mbrset_to_brset,mbrset,brset,1,sex,1,mean_variance,complete,0.5415923867449665,0.6853240352348993,0.1437316484899328,0.1,179,554,256,298,source-training-image-standardised-patient-mean-coordinates
vits16,mbrset_to_brset,mbrset,brset,1,sex,1,coral,complete,0.5524591023489933,0.6853240352348993,0.13286493288590595,0.1,179,554,256,298,source-training-image-standardised-patient-mean-coordinates
vits16,mbrset_to_brset,mbrset,brset,1,sex,1,subspace,complete,0.475356543624161,0.6853240352348993,0.20996749161073824,0.1,179,554,256,298,source-training-image-standardised-patient-mean-coordinates
vits16,mbrset_to_brset,mbrset,brset,1,sex,1,ot_gaussian,complete,0.5633782508389262,0.6853240352348993,0.12194578439597303,0.1,179,554,256,298,source-training-image-standardised-patient-mean-coordinates
vits16,mbrset_to_brset,mbrset,brset,1,sex,1,ot_entropic,complete,0.5398621015100671,0.6853240352348993,0.14546193372483218,0.1,179,554,256,298,source-training-image-standardised-patient-mean-coordinates
vits16,brset_to_mbrset,brset,mbrset,1,age65,0,unaligned,complete,0.6285361928053343,0.8808929579231204,0.25235676511778604,0.1,3150,986,555,431,source-training-image-standardised-patient-mean-coordinates
vits16,brset_to_mbrset,brset,mbrset,1,age65,0,mean_variance,complete,0.5922493258920174,0.8808929579231204,0.288643632031103,0.1,3150,986,555,431,source-training-image-standardised-patient-mean-coordinates
vits16,brset_to_mbrset,brset,mbrset,1,age65,0,coral,complete,0.6104387450095106,0.8808929579231204,0.2704542129136098,0.1,3150,986,555,431,source-training-image-standardised-patient-mean-coordinates
vits16,brset_to_mbrset,brset,mbrset,1,age65,0,subspace,complete,0.5127359377939424,0.8808929579231204,0.36815702012917795,0.1,3150,986,555,431,source-training-image-standardised-patient-mean-coordinates
vits16,brset_to_mbrset,brset,mbrset,1,age65,0,ot_gaussian,complete,0.6189586338078217,0.8808929579231204,0.2619343241152987,0.1,3150,986,555,431,source-training-image-standardised-patient-mean-coordinates
vits16,brset_to_mbrset,brset,mbrset,1,age65,0,ot_entropic,complete,0.6388453418615833,0.8808929579231204,0.24204761606153713,0.1,3150,986,555,431,source-training-image-standardised-patient-mean-coordinates
vits16,brset_to_mbrset,brset,mbrset,1,age65,1,unaligned,complete,0.6440477876941966,0.8069603815460169,0.16291259385182033,0.01,238,298,181,117,source-training-image-standardised-patient-mean-coordinates
vits16,brset_to_mbrset,brset,mbrset,1,age65,1,mean_variance,complete,0.6461727345705246,0.8069603815460169,0.1607876469754923,0.01,238,298,181,117,source-training-image-standardised-patient-mean-coordinates
vits16,brset_to_mbrset,brset,mbrset,1,age65,1,coral,complete,0.622137224347169,0.8069603815460169,0.1848231571988479,0.01,238,298,181,117,source-training-image-standardised-patient-mean-coordinates
vits16,brset_to_mbrset,brset,mbrset,1,age65,1,subspace,complete,0.5201869953251168,0.8069603815460169,0.2867733862209001,0.01,238,298,181,117,source-training-image-standardised-patient-mean-coordinates
vits16,brset_to_mbrset,brset,mbrset,1,age65,1,ot_gaussian,complete,0.6321953062284554,0.8069603815460169,0.17476507531756147,0.01,238,298,181,117,source-training-image-standardised-patient-mean-coordinates
vits16,brset_to_mbrset,brset,mbrset,1,age65,1,ot_entropic,complete,0.632336969353544,0.8069603815460169,0.1746234121924729,0.01,238,298,181,117,source-training-image-standardised-patient-mean-coordinates
vits16,mbrset_to_brset,mbrset,brset,1,age65,0,unaligned,complete,0.7370072936064556,0.9179531943847588,0.1809459007783032,0.01,591,5268,3120,2148,source-training-image-standardised-patient-mean-coordinates
vits16,mbrset_to_brset,mbrset,brset,1,age65,0,mean_variance,complete,0.7354057740056343,0.9179531943847588,0.18254742037912441,0.01,591,5268,3120,2148,source-training-image-standardised-patient-mean-coordinates
vits16,mbrset_to_brset,mbrset,brset,1,age65,0,coral,complete,0.653306146445113,0.9179531943847588,0.2646470479396458,0.01,591,5268,3120,2148,source-training-image-standardised-patient-mean-coordinates
vits16,mbrset_to_brset,mbrset,brset,1,age65,0,subspace,complete,0.6688668349806618,0.9179531943847588,0.24908635940409696,0.01,591,5268,3120,2148,source-training-image-standardised-patient-mean-coordinates
vits16,mbrset_to_brset,mbrset,brset,1,age65,0,ot_gaussian,complete,0.6890428782886883,0.9179531943847588,0.2289103160960705,0.01,591,5268,3120,2148,source-training-image-standardised-patient-mean-coordinates
vits16,mbrset_to_brset,mbrset,brset,1,age65,0,ot_entropic,complete,0.7041445829155326,0.9179531943847588,0.21380861146922614,0.01,591,5268,3120,2148,source-training-image-standardised-patient-mean-coordinates
vits16,mbrset_to_brset,mbrset,brset,1,age65,1,unaligned,complete,0.4506118399294455,0.805230955793187,0.35461911586374156,0.1,179,381,193,188,source-training-image-standardised-patient-mean-coordinates
vits16,mbrset_to_brset,mbrset,brset,1,age65,1,mean_variance,complete,0.4699867710285526,0.805230955793187,0.33524418476463447,0.1,179,381,193,188,source-training-image-standardised-patient-mean-coordinates
vits16,mbrset_to_brset,mbrset,brset,1,age65,1,coral,complete,0.6043159519347371,0.805230955793187,0.20091500385844996,0.1,179,381,193,188,source-training-image-standardised-patient-mean-coordinates
vits16,mbrset_to_brset,mbrset,brset,1,age65,1,subspace,complete,0.5199812589571161,0.805230955793187,0.28524969683607093,0.1,179,381,193,188,source-training-image-standardised-patient-mean-coordinates
vits16,mbrset_to_brset,mbrset,brset,1,age65,1,ot_gaussian,complete,0.6146786462352553,0.805230955793187,0.1905523095579318,0.1,179,381,193,188,source-training-image-standardised-patient-mean-coordinates
vits16,mbrset_to_brset,mbrset,brset,1,age65,1,ot_entropic,complete,0.6058868922941241,0.805230955793187,0.19934406349906297,0.1,179,381,193,188,source-training-image-standardised-patient-mean-coordinates
vits16,brset_to_mbrset,brset,mbrset,2,sex,0,unaligned,complete,0.6262672641786657,0.7330939612106964,0.10682669703203063,0.1,4771,988,656,332,source-training-image-standardised-patient-mean-coordinates
vits16,brset_to_mbrset,brset,mbrset,2,sex,0,mean_variance,complete,0.6159041654422568,0.7330939612106964,0.11718979576843958,0.1,4771,988,656,332,source-training-image-standardised-patient-mean-coordinates
vits16,brset_to_mbrset,brset,mbrset,2,sex,0,coral,complete,0.6226904569497502,0.7330939612106964,0.11040350426094614,0.1,4771,988,656,332,source-training-image-standardised-patient-mean-coordinates
vits16,brset_to_mbrset,brset,mbrset,2,sex,0,subspace,complete,0.5181916691154863,0.7330939612106964,0.21490229209521006,0.1,4771,988,656,332,source-training-image-standardised-patient-mean-coordinates
vits16,brset_to_mbrset,brset,mbrset,2,sex,0,ot_gaussian,complete,0.62280983690861,0.7330939612106964,0.11028412430208634,0.1,4771,988,656,332,source-training-image-standardised-patient-mean-coordinates
vits16,brset_to_mbrset,brset,mbrset,2,sex,0,ot_entropic,complete,0.6057476858654129,0.7330939612106964,0.12734627534528342,0.1,4771,988,656,332,source-training-image-standardised-patient-mean-coordinates
vits16,brset_to_mbrset,brset,mbrset,2,sex,1,unaligned,complete,0.5497792805485113,0.6536583075044614,0.10387902695595008,10.0,333,299,182,117,source-training-image-standardised-patient-mean-coordinates
vits16,brset_to_mbrset,brset,mbrset,2,sex,1,mean_variance,complete,0.5440030055414671,0.6536583075044614,0.10965530196299433,10.0,333,299,182,117,source-training-image-standardised-patient-mean-coordinates
vits16,brset_to_mbrset,brset,mbrset,2,sex,1,coral,complete,0.5465858927397389,0.6536583075044614,0.10707241476472251,10.0,333,299,182,117,source-training-image-standardised-patient-mean-coordinates
vits16,brset_to_mbrset,brset,mbrset,2,sex,1,subspace,complete,0.5092514323283555,0.6536583075044614,0.14440687517610595,10.0,333,299,182,117,source-training-image-standardised-patient-mean-coordinates
vits16,brset_to_mbrset,brset,mbrset,2,sex,1,ot_gaussian,complete,0.5554146707992862,0.6536583075044614,0.09824363670517522,10.0,333,299,182,117,source-training-image-standardised-patient-mean-coordinates
vits16,brset_to_mbrset,brset,mbrset,2,sex,1,ot_entropic,complete,0.5761247299708838,0.6536583075044614,0.07753357753357759,10.0,333,299,182,117,source-training-image-standardised-patient-mean-coordinates
vits16,mbrset_to_brset,mbrset,brset,2,sex,0,unaligned,complete,0.589828472455023,0.7624527448347937,0.17262427237977074,0.1,593,7951,4968,2983,source-training-image-standardised-patient-mean-coordinates
vits16,mbrset_to_brset,mbrset,brset,2,sex,0,mean_variance,complete,0.5897841391071142,0.7624527448347937,0.1726686057276795,0.1,593,7951,4968,2983,source-training-image-standardised-patient-mean-coordinates
vits16,mbrset_to_brset,mbrset,brset,2,sex,0,coral,complete,0.5770441384701176,0.7624527448347937,0.18540860636467615,0.1,593,7951,4968,2983,source-training-image-standardised-patient-mean-coordinates
vits16,mbrset_to_brset,mbrset,brset,2,sex,0,subspace,complete,0.5501474944168323,0.7624527448347937,0.21230525041796144,0.1,593,7951,4968,2983,source-training-image-standardised-patient-mean-coordinates
vits16,mbrset_to_brset,mbrset,brset,2,sex,0,ot_gaussian,complete,0.5847897209252861,0.7624527448347937,0.1776630239095076,0.1,593,7951,4968,2983,source-training-image-standardised-patient-mean-coordinates
vits16,mbrset_to_brset,mbrset,brset,2,sex,0,ot_entropic,complete,0.5646834342541175,0.7624527448347937,0.19776931058067626,0.1,593,7951,4968,2983,source-training-image-standardised-patient-mean-coordinates
vits16,mbrset_to_brset,mbrset,brset,2,sex,1,unaligned,complete,0.626284605704698,0.7036886535234899,0.07740404781879184,1.0,179,554,256,298,source-training-image-standardised-patient-mean-coordinates
vits16,mbrset_to_brset,mbrset,brset,2,sex,1,mean_variance,complete,0.6249606753355705,0.7036886535234899,0.07872797818791932,1.0,179,554,256,298,source-training-image-standardised-patient-mean-coordinates
vits16,mbrset_to_brset,mbrset,brset,2,sex,1,coral,complete,0.5925309354026845,0.7036886535234899,0.11115771812080533,1.0,179,554,256,298,source-training-image-standardised-patient-mean-coordinates
vits16,mbrset_to_brset,mbrset,brset,2,sex,1,subspace,complete,0.5338716442953021,0.7036886535234899,0.16981700922818777,1.0,179,554,256,298,source-training-image-standardised-patient-mean-coordinates
vits16,mbrset_to_brset,mbrset,brset,2,sex,1,ot_gaussian,complete,0.6044332005033557,0.7036886535234899,0.09925545302013417,1.0,179,554,256,298,source-training-image-standardised-patient-mean-coordinates
vits16,mbrset_to_brset,mbrset,brset,2,sex,1,ot_entropic,complete,0.5288118708053691,0.7036886535234899,0.1748767827181208,1.0,179,554,256,298,source-training-image-standardised-patient-mean-coordinates
vits16,brset_to_mbrset,brset,mbrset,2,age65,0,unaligned,complete,0.5931857611671997,0.88333855897661,0.2901527978094103,0.1,3178,986,555,431,source-training-image-standardised-patient-mean-coordinates
vits16,brset_to_mbrset,brset,mbrset,2,age65,0,mean_variance,complete,0.5597834493426141,0.88333855897661,0.3235551096339958,0.1,3178,986,555,431,source-training-image-standardised-patient-mean-coordinates
vits16,brset_to_mbrset,brset,mbrset,2,age65,0,coral,complete,0.5970694592504338,0.88333855897661,0.2862690997261762,0.1,3178,986,555,431,source-training-image-standardised-patient-mean-coordinates
vits16,brset_to_mbrset,brset,mbrset,2,age65,0,subspace,complete,0.6555088731422838,0.88333855897661,0.22782968583432617,0.1,3178,986,555,431,source-training-image-standardised-patient-mean-coordinates
vits16,brset_to_mbrset,brset,mbrset,2,age65,0,ot_gaussian,complete,0.6046654543174265,0.88333855897661,0.2786731046591835,0.1,3178,986,555,431,source-training-image-standardised-patient-mean-coordinates
vits16,brset_to_mbrset,brset,mbrset,2,age65,0,ot_entropic,complete,0.6324700570640246,0.88333855897661,0.25086850191258536,0.1,3178,986,555,431,source-training-image-standardised-patient-mean-coordinates
vits16,brset_to_mbrset,brset,mbrset,2,age65,1,unaligned,complete,0.5946073570382961,0.8149407375926713,0.22033338055437512,0.1,228,298,181,117,source-training-image-standardised-patient-mean-coordinates
vits16,brset_to_mbrset,brset,mbrset,2,age65,1,mean_variance,complete,0.602162723709685,0.8149407375926713,0.21277801388298623,0.1,228,298,181,117,source-training-image-standardised-patient-mean-coordinates
vits16,brset_to_mbrset,brset,mbrset,2,age65,1,coral,complete,0.575624498276432,0.8149407375926713,0.23931623931623924,0.1,228,298,181,117,source-training-image-standardised-patient-mean-coordinates
vits16,brset_to_mbrset,brset,mbrset,2,age65,1,subspace,complete,0.5848798224488831,0.8149407375926713,0.23006091514378813,0.1,228,298,181,117,source-training-image-standardised-patient-mean-coordinates
vits16,brset_to_mbrset,brset,mbrset,2,age65,1,ot_gaussian,complete,0.5573499551400104,0.8149407375926713,0.25759078245266087,0.1,228,298,181,117,source-training-image-standardised-patient-mean-coordinates
vits16,brset_to_mbrset,brset,mbrset,2,age65,1,ot_entropic,complete,0.576427255985267,0.8149407375926713,0.23851348160740427,0.1,228,298,181,117,source-training-image-standardised-patient-mean-coordinates
vits16,mbrset_to_brset,mbrset,brset,2,age65,0,unaligned,complete,0.7527968772382181,0.9208337809769374,0.16803690373871927,0.1,591,5268,3120,2148,source-training-image-standardised-patient-mean-coordinates
vits16,mbrset_to_brset,mbrset,brset,2,age65,0,mean_variance,complete,0.7436932984768181,0.9208337809769374,0.17714048250011927,0.1,591,5268,3120,2148,source-training-image-standardised-patient-mean-coordinates
vits16,mbrset_to_brset,mbrset,brset,2,age65,0,coral,complete,0.6231891324070095,0.9208337809769374,0.2976446485699279,0.1,591,5268,3120,2148,source-training-image-standardised-patient-mean-coordinates
vits16,mbrset_to_brset,mbrset,brset,2,age65,0,subspace,complete,0.6329182184978274,0.9208337809769374,0.28791556247911,0.1,591,5268,3120,2148,source-training-image-standardised-patient-mean-coordinates
vits16,mbrset_to_brset,mbrset,brset,2,age65,0,ot_gaussian,complete,0.6396403332855847,0.9208337809769374,0.2811934476913527,0.1,591,5268,3120,2148,source-training-image-standardised-patient-mean-coordinates
vits16,mbrset_to_brset,mbrset,brset,2,age65,0,ot_entropic,complete,0.6654571336484745,0.9208337809769374,0.2553766473284629,0.1,591,5268,3120,2148,source-training-image-standardised-patient-mean-coordinates
vits16,mbrset_to_brset,mbrset,brset,2,age65,1,unaligned,complete,0.5238948296769926,0.7863521111233602,0.2624572814463676,0.1,179,381,193,188,source-training-image-standardised-patient-mean-coordinates
vits16,mbrset_to_brset,mbrset,brset,2,age65,1,mean_variance,complete,0.5270091500385845,0.7863521111233602,0.2593429610847757,0.1,179,381,193,188,source-training-image-standardised-patient-mean-coordinates
vits16,mbrset_to_brset,mbrset,brset,2,age65,1,coral,complete,0.5925752397751075,0.7863521111233602,0.19377687134825272,0.1,179,381,193,188,source-training-image-standardised-patient-mean-coordinates
vits16,mbrset_to_brset,mbrset,brset,2,age65,1,subspace,complete,0.5150203946643149,0.7863521111233602,0.2713317164590453,0.1,179,381,193,188,source-training-image-standardised-patient-mean-coordinates
vits16,mbrset_to_brset,mbrset,brset,2,age65,1,ot_gaussian,complete,0.5931540072759344,0.7863521111233602,0.19319810384742586,0.1,179,381,193,188,source-training-image-standardised-patient-mean-coordinates
vits16,mbrset_to_brset,mbrset,brset,2,age65,1,ot_entropic,complete,0.6096626612280895,0.7863521111233602,0.1766894498952707,0.1,179,381,193,188,source-training-image-standardised-patient-mean-coordinates
vits16,brset_to_mbrset,brset,mbrset,3,sex,0,unaligned,complete,0.6415157581545694,0.733410777255363,0.09189501910079356,0.1,4772,988,656,332,source-training-image-standardised-patient-mean-coordinates
vits16,brset_to_mbrset,brset,mbrset,3,sex,0,mean_variance,complete,0.630303225095504,0.733410777255363,0.103107552159859,0.1,4772,988,656,332,source-training-image-standardised-patient-mean-coordinates
vits16,brset_to_mbrset,brset,mbrset,3,sex,0,coral,complete,0.6258586173964149,0.733410777255363,0.10755215985894806,0.1,4772,988,656,332,source-training-image-standardised-patient-mean-coordinates
vits16,brset_to_mbrset,brset,mbrset,3,sex,0,subspace,complete,0.5180447399353512,0.733410777255363,0.2153660373200118,0.1,4772,988,656,332,source-training-image-standardised-patient-mean-coordinates
vits16,brset_to_mbrset,brset,mbrset,3,sex,0,ot_gaussian,complete,0.626166250367323,0.733410777255363,0.10724452688803998,0.1,4772,988,656,332,source-training-image-standardised-patient-mean-coordinates
vits16,brset_to_mbrset,brset,mbrset,3,sex,0,ot_entropic,complete,0.5764766382603586,0.733410777255363,0.1569341389950044,0.1,4772,988,656,332,source-training-image-standardised-patient-mean-coordinates
vits16,brset_to_mbrset,brset,mbrset,3,sex,1,unaligned,complete,0.5933126702357471,0.6298018221095144,0.036489151873767334,0.01,333,299,182,117,source-training-image-standardised-patient-mean-coordinates
vits16,brset_to_mbrset,brset,mbrset,3,sex,1,mean_variance,complete,0.6002629848783694,0.6298018221095144,0.029538837231145032,0.01,333,299,182,117,source-training-image-standardised-patient-mean-coordinates
vits16,brset_to_mbrset,brset,mbrset,3,sex,1,coral,complete,0.5758899220437682,0.6298018221095144,0.0539119000657462,0.01,333,299,182,117,source-training-image-standardised-patient-mean-coordinates
vits16,brset_to_mbrset,brset,mbrset,3,sex,1,subspace,complete,0.49070160608622154,0.6298018221095144,0.13910021602329287,0.01,333,299,182,117,source-training-image-standardised-patient-mean-coordinates
vits16,brset_to_mbrset,brset,mbrset,3,sex,1,ot_gaussian,complete,0.5819010049779282,0.6298018221095144,0.047900817131586226,0.01,333,299,182,117,source-training-image-standardised-patient-mean-coordinates
vits16,brset_to_mbrset,brset,mbrset,3,sex,1,ot_entropic,complete,0.5671550671550671,0.6298018221095144,0.06264675495444727,0.01,333,299,182,117,source-training-image-standardised-patient-mean-coordinates
vits16,mbrset_to_brset,mbrset,brset,3,sex,0,unaligned,complete,0.5787721943401227,0.7551827505623655,0.17641055622224278,10.0,593,7951,4968,2983,source-training-image-standardised-patient-mean-coordinates
vits16,mbrset_to_brset,mbrset,brset,3,sex,0,mean_variance,complete,0.5709431410305202,0.7551827505623655,0.18423960953184526,10.0,593,7951,4968,2983,source-training-image-standardised-patient-mean-coordinates
vits16,mbrset_to_brset,mbrset,brset,3,sex,0,coral,complete,0.5770429913363057,0.7551827505623655,0.17813975922605985,10.0,593,7951,4968,2983,source-training-image-standardised-patient-mean-coordinates
vits16,mbrset_to_brset,mbrset,brset,3,sex,0,subspace,complete,0.4182828432507775,0.7551827505623655,0.336899907311588,10.0,593,7951,4968,2983,source-training-image-standardised-patient-mean-coordinates
vits16,mbrset_to_brset,mbrset,brset,3,sex,0,ot_gaussian,complete,0.579087588659948,0.7551827505623655,0.17609516190241747,10.0,593,7951,4968,2983,source-training-image-standardised-patient-mean-coordinates
vits16,mbrset_to_brset,mbrset,brset,3,sex,0,ot_entropic,complete,0.5581003706996652,0.7551827505623655,0.19708237986270027,10.0,593,7951,4968,2983,source-training-image-standardised-patient-mean-coordinates
vits16,mbrset_to_brset,mbrset,brset,3,sex,1,unaligned,complete,0.5910890310402684,0.676397336409396,0.08530830536912759,1.0,179,554,256,298,source-training-image-standardised-patient-mean-coordinates
vits16,mbrset_to_brset,mbrset,brset,3,sex,1,mean_variance,complete,0.6032534605704698,0.676397336409396,0.07314387583892623,1.0,179,554,256,298,source-training-image-standardised-patient-mean-coordinates
vits16,mbrset_to_brset,mbrset,brset,3,sex,1,coral,complete,0.5941956795302014,0.676397336409396,0.08220165687919467,1.0,179,554,256,298,source-training-image-standardised-patient-mean-coordinates
vits16,mbrset_to_brset,mbrset,brset,3,sex,1,subspace,complete,0.47122745385906045,0.676397336409396,0.20516988255033558,1.0,179,554,256,298,source-training-image-standardised-patient-mean-coordinates
vits16,mbrset_to_brset,mbrset,brset,3,sex,1,ot_gaussian,complete,0.5947462248322147,0.676397336409396,0.0816511115771813,1.0,179,554,256,298,source-training-image-standardised-patient-mean-coordinates
vits16,mbrset_to_brset,mbrset,brset,3,sex,1,ot_entropic,complete,0.5262426593959731,0.676397336409396,0.1501546770134229,1.0,179,554,256,298,source-training-image-standardised-patient-mean-coordinates
vits16,brset_to_mbrset,brset,mbrset,3,age65,0,unaligned,complete,0.5950210070859723,0.8796095399343659,0.2845885328483936,0.1,3125,986,555,431,source-training-image-standardised-patient-mean-coordinates
vits16,brset_to_mbrset,brset,mbrset,3,age65,0,mean_variance,complete,0.5725089358500031,0.8796095399343659,0.3071006040843628,0.1,3125,986,555,431,source-training-image-standardised-patient-mean-coordinates
vits16,brset_to_mbrset,brset,mbrset,3,age65,0,coral,complete,0.5970736397650551,0.8796095399343659,0.28253590016931074,0.1,3125,986,555,431,source-training-image-standardised-patient-mean-coordinates
vits16,brset_to_mbrset,brset,mbrset,3,age65,0,subspace,complete,0.6778453627641563,0.8796095399343659,0.20176417717020956,0.1,3125,986,555,431,source-training-image-standardised-patient-mean-coordinates
vits16,brset_to_mbrset,brset,mbrset,3,age65,0,ot_gaussian,complete,0.6003804268305428,0.8796095399343659,0.27922911310382303,0.1,3125,986,555,431,source-training-image-standardised-patient-mean-coordinates
vits16,brset_to_mbrset,brset,mbrset,3,age65,0,ot_entropic,complete,0.6191342154219185,0.8796095399343659,0.26047532451244737,0.1,3125,986,555,431,source-training-image-standardised-patient-mean-coordinates
vits16,brset_to_mbrset,brset,mbrset,3,age65,1,unaligned,complete,0.6521698068659395,0.7620059498512538,0.1098361429853143,0.001,229,298,181,117,source-training-image-standardised-patient-mean-coordinates
vits16,brset_to_mbrset,brset,mbrset,3,age65,1,mean_variance,complete,0.6567974689521652,0.7620059498512538,0.10520848089908863,0.001,229,298,181,117,source-training-image-standardised-patient-mean-coordinates
vits16,brset_to_mbrset,brset,mbrset,3,age65,1,coral,complete,0.595079567455258,0.7620059498512538,0.16692638239599578,0.001,229,298,181,117,source-training-image-standardised-patient-mean-coordinates
vits16,brset_to_mbrset,brset,mbrset,3,age65,1,subspace,complete,0.5184398167823582,0.7620059498512538,0.24356613306889563,0.001,229,298,181,117,source-training-image-standardised-patient-mean-coordinates
vits16,brset_to_mbrset,brset,mbrset,3,age65,1,ot_gaussian,complete,0.6083014591301885,0.7620059498512538,0.1537044907210653,0.001,229,298,181,117,source-training-image-standardised-patient-mean-coordinates
vits16,brset_to_mbrset,brset,mbrset,3,age65,1,ot_entropic,complete,0.6327619587288096,0.7620059498512538,0.12924399112244422,0.001,229,298,181,117,source-training-image-standardised-patient-mean-coordinates
vits16,mbrset_to_brset,mbrset,brset,3,age65,0,unaligned,complete,0.7676046292317242,0.9181943250728167,0.1505896958410925,0.01,592,5268,3120,2148,source-training-image-standardised-patient-mean-coordinates
vits16,mbrset_to_brset,mbrset,brset,3,age65,0,mean_variance,complete,0.7650761889414124,0.9181943250728167,0.15311813613140435,0.01,592,5268,3120,2148,source-training-image-standardised-patient-mean-coordinates
vits16,mbrset_to_brset,mbrset,brset,3,age65,0,coral,complete,0.6523252100940649,0.9181943250728167,0.2658691149787519,0.01,592,5268,3120,2148,source-training-image-standardised-patient-mean-coordinates
vits16,mbrset_to_brset,mbrset,brset,3,age65,0,subspace,complete,0.7045529830969774,0.9181943250728167,0.21364134197583928,0.01,592,5268,3120,2148,source-training-image-standardised-patient-mean-coordinates
vits16,mbrset_to_brset,mbrset,brset,3,age65,0,ot_gaussian,complete,0.675845001909946,0.9181943250728167,0.24234932316287072,0.01,592,5268,3120,2148,source-training-image-standardised-patient-mean-coordinates
vits16,mbrset_to_brset,mbrset,brset,3,age65,0,ot_entropic,complete,0.6931300136083656,0.9181943250728167,0.22506431146445116,0.01,592,5268,3120,2148,source-training-image-standardised-patient-mean-coordinates
vits16,mbrset_to_brset,mbrset,brset,3,age65,1,unaligned,complete,0.572180575460258,0.8148495204497851,0.24266894498952707,0.01,178,381,193,188,source-training-image-standardised-patient-mean-coordinates
vits16,mbrset_to_brset,mbrset,brset,3,age65,1,mean_variance,complete,0.5854646676220924,0.8148495204497851,0.22938485282769272,0.01,178,381,193,188,source-training-image-standardised-patient-mean-coordinates
vits16,mbrset_to_brset,mbrset,brset,3,age65,1,coral,complete,0.6099107044427297,0.8148495204497851,0.20493881600705544,0.01,178,381,193,188,source-training-image-standardised-patient-mean-coordinates
vits16,mbrset_to_brset,mbrset,brset,3,age65,1,subspace,complete,0.7257468856796384,0.8148495204497851,0.08910263477014668,0.01,178,381,193,188,source-training-image-standardised-patient-mean-coordinates
vits16,mbrset_to_brset,mbrset,brset,3,age65,1,ot_gaussian,complete,0.5956068790651528,0.8148495204497851,0.21924264138463234,0.01,178,381,193,188,source-training-image-standardised-patient-mean-coordinates
vits16,mbrset_to_brset,mbrset,brset,3,age65,1,ot_entropic,complete,0.5976463454966376,0.8148495204497851,0.21720317495314745,0.01,178,381,193,188,source-training-image-standardised-patient-mean-coordinates
vits16,brset_to_mbrset,brset,mbrset,4,sex,0,unaligned,complete,0.6395322142227446,0.7352014766382605,0.09566926241551588,0.1,4770,988,656,332,source-training-image-standardised-patient-mean-coordinates
vits16,brset_to_mbrset,brset,mbrset,4,sex,0,mean_variance,complete,0.6332004848662945,0.7352014766382605,0.10200099177196598,0.1,4770,988,656,332,source-training-image-standardised-patient-mean-coordinates
vits16,brset_to_mbrset,brset,mbrset,4,sex,0,coral,complete,0.6117442330296797,0.7352014766382605,0.12345724360858079,0.1,4770,988,656,332,source-training-image-standardised-patient-mean-coordinates
vits16,brset_to_mbrset,brset,mbrset,4,sex,0,subspace,complete,0.44014013370555394,0.7352014766382605,0.2950613429327066,0.1,4770,988,656,332,source-training-image-standardised-patient-mean-coordinates
vits16,brset_to_mbrset,brset,mbrset,4,sex,0,ot_gaussian,complete,0.6095862106964443,0.7352014766382605,0.12561526594181627,0.1,4770,988,656,332,source-training-image-standardised-patient-mean-coordinates
vits16,brset_to_mbrset,brset,mbrset,4,sex,0,ot_entropic,complete,0.5851316852776962,0.7352014766382605,0.1500697913605643,0.1,4770,988,656,332,source-training-image-standardised-patient-mean-coordinates
vits16,brset_to_mbrset,brset,mbrset,4,sex,1,unaligned,complete,0.6014370245139475,0.6346858269935194,0.03324880247957185,0.01,332,299,182,117,source-training-image-standardised-patient-mean-coordinates
vits16,brset_to_mbrset,brset,mbrset,4,sex,1,mean_variance,complete,0.5947215177984408,0.6346858269935194,0.03996430919507854,0.01,332,299,182,117,source-training-image-standardised-patient-mean-coordinates
vits16,brset_to_mbrset,brset,mbrset,4,sex,1,coral,complete,0.565605334836104,0.6346858269935194,0.06908049215741541,0.01,332,299,182,117,source-training-image-standardised-patient-mean-coordinates
vits16,brset_to_mbrset,brset,mbrset,4,sex,1,subspace,complete,0.47233962618578,0.6346858269935194,0.16234620080773937,0.01,332,299,182,117,source-training-image-standardised-patient-mean-coordinates
vits16,brset_to_mbrset,brset,mbrset,4,sex,1,ot_gaussian,complete,0.5758429604583452,0.6346858269935194,0.05884286653517423,0.01,332,299,182,117,source-training-image-standardised-patient-mean-coordinates
vits16,brset_to_mbrset,brset,mbrset,4,sex,1,ot_entropic,complete,0.5718981872828027,0.6346858269935194,0.06278763971071666,0.01,332,299,182,117,source-training-image-standardised-patient-mean-coordinates
vits16,mbrset_to_brset,mbrset,brset,4,sex,0,unaligned,complete,0.611253963009928,0.7635466381421722,0.1522926751322442,0.1,593,7951,4968,2983,source-training-image-standardised-patient-mean-coordinates
vits16,mbrset_to_brset,mbrset,brset,4,sex,0,mean_variance,complete,0.6144454242316768,0.7635466381421722,0.14910121391049536,0.1,593,7951,4968,2983,source-training-image-standardised-patient-mean-coordinates
vits16,mbrset_to_brset,mbrset,brset,4,sex,0,coral,complete,0.5967746376001852,0.7635466381421722,0.16677200054198693,0.1,593,7951,4968,2983,source-training-image-standardised-patient-mean-coordinates
vits16,mbrset_to_brset,mbrset,brset,4,sex,0,subspace,complete,0.48893103593470894,0.7635466381421722,0.2746156022074632,0.1,593,7951,4968,2983,source-training-image-standardised-patient-mean-coordinates
vits16,mbrset_to_brset,mbrset,brset,4,sex,0,ot_gaussian,complete,0.6020961913537961,0.7635466381421722,0.16145044678837606,0.1,593,7951,4968,2983,source-training-image-standardised-patient-mean-coordinates
vits16,mbrset_to_brset,mbrset,brset,4,sex,0,ot_entropic,complete,0.5596182311682465,0.7635466381421722,0.20392840697392567,0.1,593,7951,4968,2983,source-training-image-standardised-patient-mean-coordinates
vits16,mbrset_to_brset,mbrset,brset,4,sex,1,unaligned,complete,0.5184432676174496,0.6900823196308724,0.17163905201342278,0.1,179,554,256,298,source-training-image-standardised-patient-mean-coordinates
vits16,mbrset_to_brset,mbrset,brset,4,sex,1,mean_variance,complete,0.5339634018456376,0.6900823196308724,0.1561189177852348,0.1,179,554,256,298,source-training-image-standardised-patient-mean-coordinates
vits16,mbrset_to_brset,mbrset,brset,4,sex,1,coral,complete,0.5669567953020134,0.6900823196308724,0.12312552432885904,0.1,179,554,256,298,source-training-image-standardised-patient-mean-coordinates
vits16,mbrset_to_brset,mbrset,brset,4,sex,1,subspace,complete,0.47259070889261745,0.6900823196308724,0.21749161073825496,0.1,179,554,256,298,source-training-image-standardised-patient-mean-coordinates
vits16,mbrset_to_brset,mbrset,brset,4,sex,1,ot_gaussian,complete,0.5747299706375839,0.6900823196308724,0.1153523489932885,0.1,179,554,256,298,source-training-image-standardised-patient-mean-coordinates
vits16,mbrset_to_brset,mbrset,brset,4,sex,1,ot_entropic,complete,0.5617921560402684,0.6900823196308724,0.12829016359060397,0.1,179,554,256,298,source-training-image-standardised-patient-mean-coordinates
vits16,brset_to_mbrset,brset,mbrset,4,age65,0,unaligned,complete,0.6245981480320227,0.8823854016429422,0.2577872536109195,0.1,3173,986,555,431,source-training-image-standardised-patient-mean-coordinates
vits16,brset_to_mbrset,brset,mbrset,4,age65,0,mean_variance,complete,0.5953721703141657,0.8823854016429422,0.28701323132877654,0.1,3173,986,555,431,source-training-image-standardised-patient-mean-coordinates
vits16,brset_to_mbrset,brset,mbrset,4,age65,0,coral,complete,0.6050584226918333,0.8823854016429422,0.2773269789511089,0.1,3173,986,555,431,source-training-image-standardised-patient-mean-coordinates
vits16,brset_to_mbrset,brset,mbrset,4,age65,0,subspace,complete,0.34934470433310344,0.8823854016429422,0.5330406973098387,0.1,3173,986,555,431,source-training-image-standardised-patient-mean-coordinates
vits16,brset_to_mbrset,brset,mbrset,4,age65,0,ot_gaussian,complete,0.6137037269287848,0.8823854016429422,0.2686816747141574,0.1,3173,986,555,431,source-training-image-standardised-patient-mean-coordinates
vits16,brset_to_mbrset,brset,mbrset,4,age65,0,ot_entropic,complete,0.6341171798248363,0.8823854016429422,0.24826822181810593,0.1,3173,986,555,431,source-training-image-standardised-patient-mean-coordinates
vits16,brset_to_mbrset,brset,mbrset,4,age65,1,unaligned,complete,0.6520753647825471,0.7409453652547574,0.08887000047221028,0.0001,230,298,181,117,source-training-image-standardised-patient-mean-coordinates
vits16,brset_to_mbrset,brset,mbrset,4,age65,1,mean_variance,complete,0.6552863956178873,0.7409453652547574,0.08565896963687014,0.0001,230,298,181,117,source-training-image-standardised-patient-mean-coordinates
vits16,brset_to_mbrset,brset,mbrset,4,age65,1,coral,complete,0.5943240307881191,0.7409453652547574,0.14662133446663828,0.0001,230,298,181,117,source-training-image-standardised-patient-mean-coordinates
vits16,brset_to_mbrset,brset,mbrset,4,age65,1,subspace,complete,0.5035651886480617,0.7409453652547574,0.23738017660669575,0.0001,230,298,181,117,source-training-image-standardised-patient-mean-coordinates
vits16,brset_to_mbrset,brset,mbrset,4,age65,1,ot_gaussian,complete,0.6169429097605893,0.7409453652547574,0.1240024554941681,0.0001,230,298,181,117,source-training-image-standardised-patient-mean-coordinates
vits16,brset_to_mbrset,brset,mbrset,4,age65,1,ot_entropic,complete,0.6273315389337489,0.7409453652547574,0.11361382632100847,0.0001,230,298,181,117,source-training-image-standardised-patient-mean-coordinates
vits16,mbrset_to_brset,mbrset,brset,4,age65,0,unaligned,complete,0.8026158800076397,0.921527180919639,0.11891130091199931,0.1,592,5268,3120,2148,source-training-image-standardised-patient-mean-coordinates
vits16,mbrset_to_brset,mbrset,brset,4,age65,0,mean_variance,complete,0.7974469393114646,0.921527180919639,0.12408024160817444,0.1,592,5268,3120,2148,source-training-image-standardised-patient-mean-coordinates
vits16,mbrset_to_brset,mbrset,brset,4,age65,0,coral,complete,0.6562268717471231,0.921527180919639,0.2653003091725159,0.1,592,5268,3120,2148,source-training-image-standardised-patient-mean-coordinates
vits16,mbrset_to_brset,mbrset,brset,4,age65,0,subspace,complete,0.6717257854653106,0.921527180919639,0.24980139545432845,0.1,592,5268,3120,2148,source-training-image-standardised-patient-mean-coordinates
vits16,mbrset_to_brset,mbrset,brset,4,age65,0,ot_gaussian,complete,0.6842407069187796,0.921527180919639,0.23728647400085945,0.1,592,5268,3120,2148,source-training-image-standardised-patient-mean-coordinates
vits16,mbrset_to_brset,mbrset,brset,4,age65,0,ot_entropic,complete,0.717592244425345,0.921527180919639,0.20393493649429406,0.1,592,5268,3120,2148,source-training-image-standardised-patient-mean-coordinates
vits16,mbrset_to_brset,mbrset,brset,4,age65,1,unaligned,complete,0.6740160952485945,0.8157314518796164,0.14171535663102186,0.01,178,381,193,188,source-training-image-standardised-patient-mean-coordinates
vits16,mbrset_to_brset,mbrset,brset,4,age65,1,mean_variance,complete,0.6780123470400177,0.8157314518796164,0.1377191048395987,0.01,178,381,193,188,source-training-image-standardised-patient-mean-coordinates
vits16,mbrset_to_brset,mbrset,brset,4,age65,1,coral,complete,0.6592713041561018,0.8157314518796164,0.15646014772351458,0.01,178,381,193,188,source-training-image-standardised-patient-mean-coordinates
vits16,mbrset_to_brset,mbrset,brset,4,age65,1,subspace,complete,0.5638297872340425,0.8157314518796164,0.25190166464557384,0.01,178,381,193,188,source-training-image-standardised-patient-mean-coordinates
vits16,mbrset_to_brset,mbrset,brset,4,age65,1,ot_gaussian,complete,0.6675118509535884,0.8157314518796164,0.14821960092602793,0.01,178,381,193,188,source-training-image-standardised-patient-mean-coordinates
vits16,mbrset_to_brset,mbrset,brset,4,age65,1,ot_entropic,complete,0.6578106052254437,0.8157314518796164,0.15792084665417272,0.01,178,381,193,188,source-training-image-standardised-patient-mean-coordinates
convnext_tiny,brset_to_mbrset,brset,mbrset,0,sex,0,unaligned,complete,0.545442440493682,0.7117433147223039,0.16630087422862194,0.1,4772,988,656,332,source-training-image-standardised-patient-mean-coordinates
convnext_tiny,brset_to_mbrset,brset,mbrset,0,sex,0,mean_variance,complete,0.5564253967087864,0.7117433147223039,0.15531791801351746,0.1,4772,988,656,332,source-training-image-standardised-patient-mean-coordinates
convnext_tiny,brset_to_mbrset,brset,mbrset,0,sex,0,coral,complete,0.6047788715838965,0.7117433147223039,0.10696444313840736,0.1,4772,988,656,332,source-training-image-standardised-patient-mean-coordinates
convnext_tiny,brset_to_mbrset,brset,mbrset,0,sex,0,subspace,complete,0.47270790478989133,0.7117433147223039,0.23903540993241257,0.1,4772,988,656,332,source-training-image-standardised-patient-mean-coordinates
convnext_tiny,brset_to_mbrset,brset,mbrset,0,sex,0,ot_gaussian,complete,0.6043243094328534,0.7117433147223039,0.10741900528945048,0.1,4772,988,656,332,source-training-image-standardised-patient-mean-coordinates
convnext_tiny,brset_to_mbrset,brset,mbrset,0,sex,0,ot_entropic,complete,0.5766052012929768,0.7117433147223039,0.13513811342932713,0.1,4772,988,656,332,source-training-image-standardised-patient-mean-coordinates
convnext_tiny,brset_to_mbrset,brset,mbrset,0,sex,1,unaligned,complete,0.4657180426411196,0.6651638959331267,0.19944585329200715,1.0,332,299,182,117,source-training-image-standardised-patient-mean-coordinates
convnext_tiny,brset_to_mbrset,brset,mbrset,0,sex,1,mean_variance,complete,0.45346106884568427,0.6651638959331267,0.21170282708744248,1.0,332,299,182,117,source-training-image-standardised-patient-mean-coordinates
convnext_tiny,brset_to_mbrset,brset,mbrset,0,sex,1,coral,complete,0.4712125481356251,0.6651638959331267,0.19395134779750167,1.0,332,299,182,117,source-training-image-standardised-patient-mean-coordinates
convnext_tiny,brset_to_mbrset,brset,mbrset,0,sex,1,subspace,complete,0.4531323377477224,0.6651638959331267,0.21203155818540437,1.0,332,299,182,117,source-training-image-standardised-patient-mean-coordinates
convnext_tiny,brset_to_mbrset,brset,mbrset,0,sex,1,ot_gaussian,complete,0.48159105851413553,0.6651638959331267,0.18357283741899122,1.0,332,299,182,117,source-training-image-standardised-patient-mean-coordinates
convnext_tiny,brset_to_mbrset,brset,mbrset,0,sex,1,ot_entropic,complete,0.5169531323377478,0.6651638959331267,0.148210763595379,1.0,332,299,182,117,source-training-image-standardised-patient-mean-coordinates
convnext_tiny,mbrset_to_brset,mbrset,brset,0,sex,0,unaligned,complete,0.5648212252684698,0.7346093779943565,0.16978815272588677,1.0,593,7951,4968,2983,source-training-image-standardised-patient-mean-coordinates
convnext_tiny,mbrset_to_brset,mbrset,brset,0,sex,0,mean_variance,complete,0.5741092978299467,0.7346093779943565,0.16050008016440986,1.0,593,7951,4968,2983,source-training-image-standardised-patient-mean-coordinates
convnext_tiny,mbrset_to_brset,mbrset,brset,0,sex,0,coral,complete,0.5630073367979473,0.7346093779943565,0.1716020411964092,1.0,593,7951,4968,2983,source-training-image-standardised-patient-mean-coordinates
convnext_tiny,mbrset_to_brset,mbrset,brset,0,sex,0,subspace,complete,0.48261053106627305,0.7346093779943565,0.2519988469280835,1.0,593,7951,4968,2983,source-training-image-standardised-patient-mean-coordinates
convnext_tiny,mbrset_to_brset,mbrset,brset,0,sex,0,ot_gaussian,complete,0.5646543510380616,0.7346093779943565,0.16995502695629494,1.0,593,7951,4968,2983,source-training-image-standardised-patient-mean-coordinates
convnext_tiny,mbrset_to_brset,mbrset,brset,0,sex,0,ot_entropic,complete,0.5559019899667628,0.7346093779943565,0.17870738802759378,1.0,593,7951,4968,2983,source-training-image-standardised-patient-mean-coordinates
convnext_tiny,mbrset_to_brset,mbrset,brset,0,sex,1,unaligned,complete,0.5064099203020135,0.6352899538590603,0.1288800335570468,0.1,179,554,256,298,source-training-image-standardised-patient-mean-coordinates
convnext_tiny,mbrset_to_brset,mbrset,brset,0,sex,1,mean_variance,complete,0.5057676174496645,0.6352899538590603,0.1295223364093958,0.1,179,554,256,298,source-training-image-standardised-patient-mean-coordinates
convnext_tiny,mbrset_to_brset,mbrset,brset,0,sex,1,coral,complete,0.4918860109060403,0.6352899538590603,0.14340394295302,0.1,179,554,256,298,source-training-image-standardised-patient-mean-coordinates
convnext_tiny,mbrset_to_brset,mbrset,brset,0,sex,1,subspace,complete,0.5594588926174495,0.6352899538590603,0.07583106124161076,0.1,179,554,256,298,source-training-image-standardised-patient-mean-coordinates
convnext_tiny,mbrset_to_brset,mbrset,brset,0,sex,1,ot_gaussian,complete,0.48598731124161076,0.6352899538590603,0.14930264261744952,0.1,179,554,256,298,source-training-image-standardised-patient-mean-coordinates
convnext_tiny,mbrset_to_brset,mbrset,brset,0,sex,1,ot_entropic,complete,0.46028208892617445,0.6352899538590603,0.17500786493288584,0.1,179,554,256,298,source-training-image-standardised-patient-mean-coordinates
convnext_tiny,brset_to_mbrset,brset,mbrset,0,age65,0,unaligned,complete,0.5493739679354529,0.8620053928638615,0.31263142492840856,0.1,3155,986,555,431,source-training-image-standardised-patient-mean-coordinates
convnext_tiny,brset_to_mbrset,brset,mbrset,0,age65,0,mean_variance,complete,0.5461591521916348,0.8620053928638615,0.31584624067222666,0.1,3155,986,555,431,source-training-image-standardised-patient-mean-coordinates
convnext_tiny,brset_to_mbrset,brset,mbrset,0,age65,0,coral,complete,0.5401392111368909,0.8620053928638615,0.32186618172697057,0.1,3155,986,555,431,source-training-image-standardised-patient-mean-coordinates
convnext_tiny,brset_to_mbrset,brset,mbrset,0,age65,0,subspace,complete,0.5821951882276708,0.8620053928638615,0.27981020463619066,0.1,3155,986,555,431,source-training-image-standardised-patient-mean-coordinates
convnext_tiny,brset_to_mbrset,brset,mbrset,0,age65,0,ot_gaussian,complete,0.5371585042118685,0.8620053928638615,0.32484688865199296,0.1,3155,986,555,431,source-training-image-standardised-patient-mean-coordinates
convnext_tiny,brset_to_mbrset,brset,mbrset,0,age65,0,ot_entropic,complete,0.5269580485357748,0.8620053928638615,0.3350473443280867,0.1,3155,986,555,431,source-training-image-standardised-patient-mean-coordinates
convnext_tiny,brset_to_mbrset,brset,mbrset,0,age65,1,unaligned,complete,0.6073098172545686,0.774141757567172,0.1668319403126034,0.01,235,298,181,117,source-training-image-standardised-patient-mean-coordinates
convnext_tiny,brset_to_mbrset,brset,mbrset,0,age65,1,mean_variance,complete,0.6085375643386692,0.774141757567172,0.16560419322850273,0.01,235,298,181,117,source-training-image-standardised-patient-mean-coordinates
convnext_tiny,brset_to_mbrset,brset,mbrset,0,age65,1,coral,complete,0.5108372290692732,0.774141757567172,0.26330452849789876,0.01,235,298,181,117,source-training-image-standardised-patient-mean-coordinates
convnext_tiny,brset_to_mbrset,brset,mbrset,0,age65,1,subspace,complete,0.6115597110072248,0.774141757567172,0.16258204655994712,0.01,235,298,181,117,source-training-image-standardised-patient-mean-coordinates
convnext_tiny,brset_to_mbrset,brset,mbrset,0,age65,1,ot_gaussian,complete,0.5192425744911933,0.774141757567172,0.2548991830759787,0.01,235,298,181,117,source-training-image-standardised-patient-mean-coordinates
convnext_tiny,brset_to_mbrset,brset,mbrset,0,age65,1,ot_entropic,complete,0.45450252632573074,0.774141757567172,0.3196392312414412,0.01,235,298,181,117,source-training-image-standardised-patient-mean-coordinates
convnext_tiny,mbrset_to_brset,mbrset,brset,0,age65,0,unaligned,complete,0.6685860132263763,0.9095646516735901,0.2409786384472138,0.1,592,5268,3120,2148,source-training-image-standardised-patient-mean-coordinates
convnext_tiny,mbrset_to_brset,mbrset,brset,0,age65,0,mean_variance,complete,0.671719816883923,0.9095646516735901,0.23784483478966711,0.1,592,5268,3120,2148,source-training-image-standardised-patient-mean-coordinates
convnext_tiny,mbrset_to_brset,mbrset,brset,0,age65,0,coral,complete,0.5908174867497493,0.9095646516735901,0.3187471649238408,0.1,592,5268,3120,2148,source-training-image-standardised-patient-mean-coordinates
convnext_tiny,mbrset_to_brset,mbrset,brset,0,age65,0,subspace,complete,0.4402909086568304,0.9095646516735901,0.4692737430167597,0.1,592,5268,3120,2148,source-training-image-standardised-patient-mean-coordinates
convnext_tiny,mbrset_to_brset,mbrset,brset,0,age65,0,ot_gaussian,complete,0.5986885534546149,0.9095646516735901,0.3108760982189752,0.1,592,5268,3120,2148,source-training-image-standardised-patient-mean-coordinates
convnext_tiny,mbrset_to_brset,mbrset,brset,0,age65,0,ot_entropic,complete,0.6350551198491142,0.9095646516735901,0.2745095318244759,0.1,592,5268,3120,2148,source-training-image-standardised-patient-mean-coordinates
convnext_tiny,mbrset_to_brset,mbrset,brset,0,age65,1,unaligned,complete,0.6023316062176166,0.8161172968801675,0.21378569066255093,0.1,178,381,193,188,source-training-image-standardised-patient-mean-coordinates
convnext_tiny,mbrset_to_brset,mbrset,brset,0,age65,1,mean_variance,complete,0.5895987211994268,0.8161172968801675,0.22651857568074074,0.1,178,381,193,188,source-training-image-standardised-patient-mean-coordinates
convnext_tiny,mbrset_to_brset,mbrset,brset,0,age65,1,coral,complete,0.5680740822401059,0.8161172968801675,0.24804321464006163,0.1,178,381,193,188,source-training-image-standardised-patient-mean-coordinates
convnext_tiny,mbrset_to_brset,mbrset,brset,0,age65,1,subspace,complete,0.5215797596736854,0.8161172968801675,0.2945375372064821,0.1,178,381,193,188,source-training-image-standardised-patient-mean-coordinates
convnext_tiny,mbrset_to_brset,mbrset,brset,0,age65,1,ot_gaussian,complete,0.5576287068680409,0.8161172968801675,0.25848859001212665,0.1,178,381,193,188,source-training-image-standardised-patient-mean-coordinates
convnext_tiny,mbrset_to_brset,mbrset,brset,0,age65,1,ot_entropic,complete,0.5405137250578768,0.8161172968801675,0.2756035718222908,0.1,178,381,193,188,source-training-image-standardised-patient-mean-coordinates
convnext_tiny,brset_to_mbrset,brset,mbrset,1,sex,0,unaligned,complete,0.5696214736996768,0.7163118939171319,0.14669042021745515,0.1,4772,988,656,332,source-training-image-standardised-patient-mean-coordinates
convnext_tiny,brset_to_mbrset,brset,mbrset,1,sex,0,mean_variance,complete,0.5870693138407287,0.7163118939171319,0.1292425800764032,0.1,4772,988,656,332,source-training-image-standardised-patient-mean-coordinates
convnext_tiny,brset_to_mbrset,brset,mbrset,1,sex,0,coral,complete,0.6053252644725242,0.7163118939171319,0.11098662944460769,0.1,4772,988,656,332,source-training-image-standardised-patient-mean-coordinates
convnext_tiny,brset_to_mbrset,brset,mbrset,1,sex,0,subspace,complete,0.4674781442844549,0.7163118939171319,0.24883374963267701,0.1,4772,988,656,332,source-training-image-standardised-patient-mean-coordinates
convnext_tiny,brset_to_mbrset,brset,mbrset,1,sex,0,ot_gaussian,complete,0.6037320011754336,0.7163118939171319,0.11257989274169833,0.1,4772,988,656,332,source-training-image-standardised-patient-mean-coordinates
convnext_tiny,brset_to_mbrset,brset,mbrset,1,sex,0,ot_entropic,complete,0.5789331104907435,0.7163118939171319,0.13737878342638843,0.1,4772,988,656,332,source-training-image-standardised-patient-mean-coordinates
convnext_tiny,brset_to_mbrset,brset,mbrset,1,sex,1,unaligned,complete,0.4621959237343853,0.6000751385366769,0.13787921480229165,0.001,332,299,182,117,source-training-image-standardised-patient-mean-coordinates
convnext_tiny,brset_to_mbrset,brset,mbrset,1,sex,1,mean_variance,complete,0.4608809993425378,0.6000751385366769,0.13919413919413914,0.001,332,299,182,117,source-training-image-standardised-patient-mean-coordinates
convnext_tiny,brset_to_mbrset,brset,mbrset,1,sex,1,coral,complete,0.48107448107448114,0.6000751385366769,0.11900065746219579,0.001,332,299,182,117,source-training-image-standardised-patient-mean-coordinates
convnext_tiny,brset_to_mbrset,brset,mbrset,1,sex,1,subspace,complete,0.4423311731004039,0.6000751385366769,0.15774396543627306,0.001,332,299,182,117,source-training-image-standardised-patient-mean-coordinates
convnext_tiny,brset_to_mbrset,brset,mbrset,1,sex,1,ot_gaussian,complete,0.48389217619986846,0.6000751385366769,0.11618296233680847,0.001,332,299,182,117,source-training-image-standardised-patient-mean-coordinates
convnext_tiny,brset_to_mbrset,brset,mbrset,1,sex,1,ot_entropic,complete,0.43345543345543347,0.6000751385366769,0.16661970508124346,0.001,332,299,182,117,source-training-image-standardised-patient-mean-coordinates
convnext_tiny,mbrset_to_brset,mbrset,brset,1,sex,0,unaligned,complete,0.5626502407901349,0.7333540762117917,0.1707038354216568,0.01,593,7951,4968,2983,source-training-image-standardised-patient-mean-coordinates
convnext_tiny,mbrset_to_brset,mbrset,brset,1,sex,0,mean_variance,complete,0.5701870448915297,0.7333540762117917,0.163167031320262,0.01,593,7951,4968,2983,source-training-image-standardised-patient-mean-coordinates
convnext_tiny,mbrset_to_brset,mbrset,brset,1,sex,0,coral,complete,0.5771263272338204,0.7333540762117917,0.15622774897797131,0.01,593,7951,4968,2983,source-training-image-standardised-patient-mean-coordinates
convnext_tiny,mbrset_to_brset,mbrset,brset,1,sex,0,subspace,complete,0.46543611598305584,0.7333540762117917,0.2679179602287359,0.01,593,7951,4968,2983,source-training-image-standardised-patient-mean-coordinates
convnext_tiny,mbrset_to_brset,mbrset,brset,1,sex,0,ot_gaussian,complete,0.585658843483983,0.7333540762117917,0.1476952327278087,0.01,593,7951,4968,2983,source-training-image-standardised-patient-mean-coordinates
convnext_tiny,mbrset_to_brset,mbrset,brset,1,sex,0,ot_entropic,complete,0.5521991769787249,0.7333540762117917,0.18115489923306682,0.01,593,7951,4968,2983,source-training-image-standardised-patient-mean-coordinates
convnext_tiny,mbrset_to_brset,mbrset,brset,1,sex,1,unaligned,complete,0.5314859479865772,0.6051148280201342,0.07362888003355694,10.0,179,554,256,298,source-training-image-standardised-patient-mean-coordinates
convnext_tiny,mbrset_to_brset,mbrset,brset,1,sex,1,mean_variance,complete,0.533845427852349,0.6051148280201342,0.07126940016778516,10.0,179,554,256,298,source-training-image-standardised-patient-mean-coordinates
convnext_tiny,mbrset_to_brset,mbrset,brset,1,sex,1,coral,complete,0.5133834941275168,0.6051148280201342,0.09173133389261734,10.0,179,554,256,298,source-training-image-standardised-patient-mean-coordinates
convnext_tiny,mbrset_to_brset,mbrset,brset,1,sex,1,subspace,complete,0.5257445469798658,0.6051148280201342,0.07937028104026833,10.0,179,554,256,298,source-training-image-standardised-patient-mean-coordinates
convnext_tiny,mbrset_to_brset,mbrset,brset,1,sex,1,ot_gaussian,complete,0.502542994966443,0.6051148280201342,0.10257183305369122,10.0,179,554,256,298,source-training-image-standardised-patient-mean-coordinates
convnext_tiny,mbrset_to_brset,mbrset,brset,1,sex,1,ot_entropic,complete,0.5088480494966443,0.6051148280201342,0.09626677852348986,10.0,179,554,256,298,source-training-image-standardised-patient-mean-coordinates
convnext_tiny,brset_to_mbrset,brset,mbrset,1,age65,0,unaligned,complete,0.49573796534353376,0.8615706193432411,0.3658326539997073,0.1,3150,986,555,431,source-training-image-standardised-patient-mean-coordinates
convnext_tiny,brset_to_mbrset,brset,mbrset,1,age65,0,mean_variance,complete,0.4779582366589327,0.8615706193432411,0.38361238268430836,0.1,3150,986,555,431,source-training-image-standardised-patient-mean-coordinates
convnext_tiny,brset_to_mbrset,brset,mbrset,1,age65,0,coral,complete,0.539758784306348,0.8615706193432411,0.32181183503689303,0.1,3150,986,555,431,source-training-image-standardised-patient-mean-coordinates
convnext_tiny,brset_to_mbrset,brset,mbrset,1,age65,0,subspace,complete,0.6235404778328212,0.8615706193432411,0.2380301415104199,0.1,3150,986,555,431,source-training-image-standardised-patient-mean-coordinates
convnext_tiny,brset_to_mbrset,brset,mbrset,1,age65,0,ot_gaussian,complete,0.5388348905750298,0.8615706193432411,0.3227357287682113,0.1,3150,986,555,431,source-training-image-standardised-patient-mean-coordinates
convnext_tiny,brset_to_mbrset,brset,mbrset,1,age65,0,ot_entropic,complete,0.5399427269496875,0.8615706193432411,0.3216278923935536,0.1,3150,986,555,431,source-training-image-standardised-patient-mean-coordinates
convnext_tiny,brset_to_mbrset,brset,mbrset,1,age65,1,unaligned,complete,0.6005099872503188,0.7685696746470227,0.16805968739670396,0.01,238,298,181,117,source-training-image-standardised-patient-mean-coordinates
convnext_tiny,brset_to_mbrset,brset,mbrset,1,age65,1,mean_variance,complete,0.6068848278793031,0.7685696746470227,0.16168484676771966,0.01,238,298,181,117,source-training-image-standardised-patient-mean-coordinates
convnext_tiny,brset_to_mbrset,brset,mbrset,1,age65,1,coral,complete,0.5368088020021722,0.7685696746470227,0.23176087264485057,0.01,238,298,181,117,source-training-image-standardised-patient-mean-coordinates
convnext_tiny,brset_to_mbrset,brset,mbrset,1,age65,1,subspace,complete,0.5781744345280256,0.7685696746470227,0.1903952401189971,0.01,238,298,181,117,source-training-image-standardised-patient-mean-coordinates
convnext_tiny,brset_to_mbrset,brset,mbrset,1,age65,1,ot_gaussian,complete,0.5564527553477829,0.7685696746470227,0.21211691929923981,0.01,238,298,181,117,source-training-image-standardised-patient-mean-coordinates
convnext_tiny,brset_to_mbrset,brset,mbrset,1,age65,1,ot_entropic,complete,0.5204231005335977,0.7685696746470227,0.248146574113425,0.01,238,298,181,117,source-training-image-standardised-patient-mean-coordinates
convnext_tiny,mbrset_to_brset,mbrset,brset,1,age65,0,unaligned,complete,0.6309081495010267,0.8850018502602303,0.25409370075920357,0.001,591,5268,3120,2148,source-training-image-standardised-patient-mean-coordinates
convnext_tiny,mbrset_to_brset,mbrset,brset,1,age65,0,mean_variance,complete,0.6218145681134508,0.8850018502602303,0.26318728214677944,0.001,591,5268,3120,2148,source-training-image-standardised-patient-mean-coordinates
convnext_tiny,mbrset_to_brset,mbrset,brset,1,age65,0,coral,complete,0.5693114942940363,0.8850018502602303,0.315690355966194,0.001,591,5268,3120,2148,source-training-image-standardised-patient-mean-coordinates
convnext_tiny,mbrset_to_brset,mbrset,brset,1,age65,0,subspace,complete,0.7242106551114931,0.8850018502602303,0.1607911951487372,0.001,591,5268,3120,2148,source-training-image-standardised-patient-mean-coordinates
convnext_tiny,mbrset_to_brset,mbrset,brset,1,age65,0,ot_gaussian,complete,0.5875377512772764,0.8850018502602303,0.2974640989829539,0.001,591,5268,3120,2148,source-training-image-standardised-patient-mean-coordinates
convnext_tiny,mbrset_to_brset,mbrset,brset,1,age65,0,ot_entropic,complete,0.5992821288736093,0.8850018502602303,0.28571972138662094,0.001,591,5268,3120,2148,source-training-image-standardised-patient-mean-coordinates
convnext_tiny,mbrset_to_brset,mbrset,brset,1,age65,1,unaligned,complete,0.5244735971778194,0.71896703781281,0.19449344063499063,0.0001,179,381,193,188,source-training-image-standardised-patient-mean-coordinates
convnext_tiny,mbrset_to_brset,mbrset,brset,1,age65,1,mean_variance,complete,0.5330173079043105,0.71896703781281,0.18594972990849956,0.0001,179,381,193,188,source-training-image-standardised-patient-mean-coordinates
convnext_tiny,mbrset_to_brset,mbrset,brset,1,age65,1,coral,complete,0.5720427736743469,0.71896703781281,0.14692426413846316,0.0001,179,381,193,188,source-training-image-standardised-patient-mean-coordinates
convnext_tiny,mbrset_to_brset,mbrset,brset,1,age65,1,subspace,complete,0.6360103626943006,0.71896703781281,0.08295667511850946,0.0001,179,381,193,188,source-training-image-standardised-patient-mean-coordinates
convnext_tiny,mbrset_to_brset,mbrset,brset,1,age65,1,ot_gaussian,complete,0.5730625068900893,0.71896703781281,0.1459045309227207,0.0001,179,381,193,188,source-training-image-standardised-patient-mean-coordinates
convnext_tiny,mbrset_to_brset,mbrset,brset,1,age65,1,ot_entropic,complete,0.539218388270312,0.71896703781281,0.17974864954249803,0.0001,179,381,193,188,source-training-image-standardised-patient-mean-coordinates
convnext_tiny,brset_to_mbrset,brset,mbrset,2,sex,0,unaligned,complete,0.5741670952101087,0.713731450191008,0.13956435498089936,0.1,4771,988,656,332,source-training-image-standardised-patient-mean-coordinates
convnext_tiny,brset_to_mbrset,brset,mbrset,2,sex,0,mean_variance,complete,0.5802462900382016,0.713731450191008,0.13348516015280643,0.1,4771,988,656,332,source-training-image-standardised-patient-mean-coordinates
convnext_tiny,brset_to_mbrset,brset,mbrset,2,sex,0,coral,complete,0.6145450705260066,0.713731450191008,0.09918637966500143,0.1,4771,988,656,332,source-training-image-standardised-patient-mean-coordinates
convnext_tiny,brset_to_mbrset,brset,mbrset,2,sex,0,subspace,complete,0.4884752424331472,0.713731450191008,0.22525620775786082,0.1,4771,988,656,332,source-training-image-standardised-patient-mean-coordinates
convnext_tiny,brset_to_mbrset,brset,mbrset,2,sex,0,ot_gaussian,complete,0.6135441154863357,0.713731450191008,0.10018733470467234,0.1,4771,988,656,332,source-training-image-standardised-patient-mean-coordinates
convnext_tiny,brset_to_mbrset,brset,mbrset,2,sex,0,ot_entropic,complete,0.583960843373494,0.713731450191008,0.12977060681751407,0.1,4771,988,656,332,source-training-image-standardised-patient-mean-coordinates
convnext_tiny,brset_to_mbrset,brset,mbrset,2,sex,1,unaligned,complete,0.4687235841081995,0.5919977458438997,0.12327416173570027,0.01,333,299,182,117,source-training-image-standardised-patient-mean-coordinates
convnext_tiny,brset_to_mbrset,brset,mbrset,2,sex,1,mean_variance,complete,0.46651638959331265,0.5919977458438997,0.1254813562505871,0.01,333,299,182,117,source-training-image-standardised-patient-mean-coordinates
convnext_tiny,brset_to_mbrset,brset,mbrset,2,sex,1,coral,complete,0.4903259134028365,0.5919977458438997,0.10167183244106326,0.01,333,299,182,117,source-training-image-standardised-patient-mean-coordinates
convnext_tiny,brset_to_mbrset,brset,mbrset,2,sex,1,subspace,complete,0.4913590682821452,0.5919977458438997,0.10063867756175454,0.01,333,299,182,117,source-training-image-standardised-patient-mean-coordinates
convnext_tiny,brset_to_mbrset,brset,mbrset,2,sex,1,ot_gaussian,complete,0.5056823518361979,0.5919977458438997,0.08631539400770183,0.01,333,299,182,117,source-training-image-standardised-patient-mean-coordinates
convnext_tiny,brset_to_mbrset,brset,mbrset,2,sex,1,ot_entropic,complete,0.46567108105569643,0.5919977458438997,0.1263266647882033,0.01,333,299,182,117,source-training-image-standardised-patient-mean-coordinates
convnext_tiny,mbrset_to_brset,mbrset,brset,2,sex,0,unaligned,complete,0.5536139978396096,0.7326790891811517,0.17906509134154203,1.0,593,7951,4968,2983,source-training-image-standardised-patient-mean-coordinates
convnext_tiny,mbrset_to_brset,mbrset,brset,2,sex,0,mean_variance,complete,0.5616317884005068,0.7326790891811517,0.1710473007806449,1.0,593,7951,4968,2983,source-training-image-standardised-patient-mean-coordinates
convnext_tiny,mbrset_to_brset,mbrset,brset,2,sex,0,coral,complete,0.5622950341791892,0.7326790891811517,0.1703840550019624,1.0,593,7951,4968,2983,source-training-image-standardised-patient-mean-coordinates
convnext_tiny,mbrset_to_brset,mbrset,brset,2,sex,0,subspace,complete,0.5245475164418015,0.7326790891811517,0.20813157273935012,1.0,593,7951,4968,2983,source-training-image-standardised-patient-mean-coordinates
convnext_tiny,mbrset_to_brset,mbrset,brset,2,sex,0,ot_gaussian,complete,0.5655215841998917,0.7326790891811517,0.16715750498125992,1.0,593,7951,4968,2983,source-training-image-standardised-patient-mean-coordinates
convnext_tiny,mbrset_to_brset,mbrset,brset,2,sex,0,ot_entropic,complete,0.5565361525293896,0.7326790891811517,0.17614293665176206,1.0,593,7951,4968,2983,source-training-image-standardised-patient-mean-coordinates
convnext_tiny,mbrset_to_brset,mbrset,brset,2,sex,1,unaligned,complete,0.5667077390939598,0.6143167994966443,0.04760906040268453,10.0,179,554,256,298,source-training-image-standardised-patient-mean-coordinates
convnext_tiny,mbrset_to_brset,mbrset,brset,2,sex,1,mean_variance,complete,0.569670197147651,0.6143167994966443,0.044646602348993314,10.0,179,554,256,298,source-training-image-standardised-patient-mean-coordinates
convnext_tiny,mbrset_to_brset,mbrset,brset,2,sex,1,coral,complete,0.5352086828859061,0.6143167994966443,0.07910811661073824,10.0,179,554,256,298,source-training-image-standardised-patient-mean-coordinates
convnext_tiny,mbrset_to_brset,mbrset,brset,2,sex,1,subspace,complete,0.46620700503355705,0.6143167994966443,0.14810979446308725,10.0,179,554,256,298,source-training-image-standardised-patient-mean-coordinates
convnext_tiny,mbrset_to_brset,mbrset,brset,2,sex,1,ot_gaussian,complete,0.5409631921140938,0.6143167994966443,0.07335360738255048,10.0,179,554,256,298,source-training-image-standardised-patient-mean-coordinates
convnext_tiny,mbrset_to_brset,mbrset,brset,2,sex,1,ot_entropic,complete,0.5488805578859061,0.6143167994966443,0.06543624161073824,10.0,179,554,256,298,source-training-image-standardised-patient-mean-coordinates
convnext_tiny,brset_to_mbrset,brset,mbrset,2,age65,0,unaligned,complete,0.5315816977069877,0.8647185468531176,0.33313684914612984,0.1,3178,986,555,431,source-training-image-standardised-patient-mean-coordinates
convnext_tiny,brset_to_mbrset,brset,mbrset,2,age65,0,mean_variance,complete,0.5300307267824669,0.8647185468531176,0.3346878200706507,0.1,3178,986,555,431,source-training-image-standardised-patient-mean-coordinates
convnext_tiny,brset_to_mbrset,brset,mbrset,2,age65,0,coral,complete,0.5572960431429108,0.8647185468531176,0.30742250371020674,0.1,3178,986,555,431,source-training-image-standardised-patient-mean-coordinates
convnext_tiny,brset_to_mbrset,brset,mbrset,2,age65,0,subspace,complete,0.7134048201333585,0.8647185468531176,0.15131372671975907,0.1,3178,986,555,431,source-training-image-standardised-patient-mean-coordinates
convnext_tiny,brset_to_mbrset,brset,mbrset,2,age65,0,ot_gaussian,complete,0.5541982818084906,0.8647185468531176,0.31052026504462693,0.1,3178,986,555,431,source-training-image-standardised-patient-mean-coordinates
convnext_tiny,brset_to_mbrset,brset,mbrset,2,age65,0,ot_entropic,complete,0.5419493739679355,0.8647185468531176,0.32276917288518203,0.1,3178,986,555,431,source-training-image-standardised-patient-mean-coordinates
convnext_tiny,brset_to_mbrset,brset,mbrset,2,age65,1,unaligned,complete,0.5476696415922935,0.7406148179628843,0.19294517637059083,1.0,228,298,181,117,source-training-image-standardised-patient-mean-coordinates
convnext_tiny,brset_to_mbrset,brset,mbrset,2,age65,1,mean_variance,complete,0.5573499551400103,0.7406148179628843,0.18326486282287402,1.0,228,298,181,117,source-training-image-standardised-patient-mean-coordinates
convnext_tiny,brset_to_mbrset,brset,mbrset,2,age65,1,coral,complete,0.5153704490721066,0.7406148179628843,0.2252443688907777,1.0,228,298,181,117,source-training-image-standardised-patient-mean-coordinates
convnext_tiny,brset_to_mbrset,brset,mbrset,2,age65,1,subspace,complete,0.711904424611607,0.7406148179628843,0.02871039335127734,1.0,228,298,181,117,source-training-image-standardised-patient-mean-coordinates
convnext_tiny,brset_to_mbrset,brset,mbrset,2,age65,1,ot_gaussian,complete,0.5182037115738773,0.7406148179628843,0.22241110638900696,1.0,228,298,181,117,source-training-image-standardised-patient-mean-coordinates
convnext_tiny,brset_to_mbrset,brset,mbrset,2,age65,1,ot_entropic,complete,0.502904094064315,0.7406148179628843,0.2377107238985693,1.0,228,298,181,117,source-training-image-standardised-patient-mean-coordinates
convnext_tiny,mbrset_to_brset,mbrset,brset,2,age65,0,unaligned,complete,0.6358960929666237,0.9094891491190374,0.2735930561524137,0.1,591,5268,3120,2148,source-training-image-standardised-patient-mean-coordinates
convnext_tiny,mbrset_to_brset,mbrset,brset,2,age65,0,mean_variance,complete,0.636456542758917,0.9094891491190374,0.2730326063601204,0.1,591,5268,3120,2148,source-training-image-standardised-patient-mean-coordinates
convnext_tiny,mbrset_to_brset,mbrset,brset,2,age65,0,coral,complete,0.5739602731222843,0.9094891491190374,0.3355288759967532,0.1,591,5268,3120,2148,source-training-image-standardised-patient-mean-coordinates
convnext_tiny,mbrset_to_brset,mbrset,brset,2,age65,0,subspace,complete,0.32431555292937975,0.9094891491190374,0.5851735961896577,0.1,591,5268,3120,2148,source-training-image-standardised-patient-mean-coordinates
convnext_tiny,mbrset_to_brset,mbrset,brset,2,age65,0,ot_gaussian,complete,0.5838306653774531,0.9094891491190374,0.32565848374158435,0.1,591,5268,3120,2148,source-training-image-standardised-patient-mean-coordinates
convnext_tiny,mbrset_to_brset,mbrset,brset,2,age65,0,ot_entropic,complete,0.6120636967005681,0.9094891491190374,0.2974254524184693,0.1,591,5268,3120,2148,source-training-image-standardised-patient-mean-coordinates
convnext_tiny,mbrset_to_brset,mbrset,brset,2,age65,1,unaligned,complete,0.5793187079704553,0.8160346158086208,0.23671590783816554,0.01,179,381,193,188,source-training-image-standardised-patient-mean-coordinates
convnext_tiny,mbrset_to_brset,mbrset,brset,2,age65,1,mean_variance,complete,0.5780233711828905,0.8160346158086208,0.2380112446257303,0.01,179,381,193,188,source-training-image-standardised-patient-mean-coordinates
convnext_tiny,mbrset_to_brset,mbrset,brset,2,age65,1,coral,complete,0.5793462683276375,0.8160346158086208,0.23668834748098333,0.01,179,381,193,188,source-training-image-standardised-patient-mean-coordinates
convnext_tiny,mbrset_to_brset,mbrset,brset,2,age65,1,subspace,complete,0.41070444272957785,0.8160346158086208,0.40533017307904295,0.01,179,381,193,188,source-training-image-standardised-patient-mean-coordinates
convnext_tiny,mbrset_to_brset,mbrset,brset,2,age65,1,ot_gaussian,complete,0.5763697497519569,0.8160346158086208,0.23966486605666393,0.01,179,381,193,188,source-training-image-standardised-patient-mean-coordinates
convnext_tiny,mbrset_to_brset,mbrset,brset,2,age65,1,ot_entropic,complete,0.5731451879616359,0.8160346158086208,0.24288942784698486,0.01,179,381,193,188,source-training-image-standardised-patient-mean-coordinates
convnext_tiny,brset_to_mbrset,brset,mbrset,3,sex,0,unaligned,complete,0.6074511460476051,0.7104852336173965,0.10303408756979138,0.1,4772,988,656,332,source-training-image-standardised-patient-mean-coordinates
convnext_tiny,brset_to_mbrset,brset,mbrset,3,sex,0,mean_variance,complete,0.6087230017631502,0.7104852336173965,0.10176223185424627,0.1,4772,988,656,332,source-training-image-standardised-patient-mean-coordinates
convnext_tiny,brset_to_mbrset,brset,mbrset,3,sex,0,coral,complete,0.6260147296503085,0.7104852336173965,0.084470503967088,0.1,4772,988,656,332,source-training-image-standardised-patient-mean-coordinates
convnext_tiny,brset_to_mbrset,brset,mbrset,3,sex,0,subspace,complete,0.5624219438730532,0.7104852336173965,0.14806328974434324,0.1,4772,988,656,332,source-training-image-standardised-patient-mean-coordinates
convnext_tiny,brset_to_mbrset,brset,mbrset,3,sex,0,ot_gaussian,complete,0.6199309432853365,0.7104852336173965,0.09055429033205997,0.1,4772,988,656,332,source-training-image-standardised-patient-mean-coordinates
convnext_tiny,brset_to_mbrset,brset,mbrset,3,sex,0,ot_entropic,complete,0.5822390170437849,0.7104852336173965,0.12824621657361157,0.1,4772,988,656,332,source-training-image-standardised-patient-mean-coordinates
convnext_tiny,brset_to_mbrset,brset,mbrset,3,sex,1,unaligned,complete,0.4904198365736827,0.6041138348830657,0.11369399830938298,0.01,333,299,182,117,source-training-image-standardised-patient-mean-coordinates
convnext_tiny,brset_to_mbrset,brset,mbrset,3,sex,1,mean_variance,complete,0.48680379449610217,0.6041138348830657,0.11731004038696352,0.01,333,299,182,117,source-training-image-standardised-patient-mean-coordinates
convnext_tiny,brset_to_mbrset,brset,mbrset,3,sex,1,coral,complete,0.5090166244012397,0.6041138348830657,0.09509721048182596,0.01,333,299,182,117,source-training-image-standardised-patient-mean-coordinates
convnext_tiny,brset_to_mbrset,brset,mbrset,3,sex,1,subspace,complete,0.5235747158824082,0.6041138348830657,0.08053911900065747,0.01,333,299,182,117,source-training-image-standardised-patient-mean-coordinates
convnext_tiny,brset_to_mbrset,brset,mbrset,3,sex,1,ot_gaussian,complete,0.5215553677092138,0.6041138348830657,0.08255846717385185,0.01,333,299,182,117,source-training-image-standardised-patient-mean-coordinates
convnext_tiny,brset_to_mbrset,brset,mbrset,3,sex,1,ot_entropic,complete,0.5128205128205128,0.6041138348830657,0.09129332206255292,0.01,333,299,182,117,source-training-image-standardised-patient-mean-coordinates
convnext_tiny,mbrset_to_brset,mbrset,brset,3,sex,0,unaligned,complete,0.5724102576975378,0.7348096540622302,0.16239939636469236,1.0,593,7951,4968,2983,source-training-image-standardised-patient-mean-coordinates
convnext_tiny,mbrset_to_brset,mbrset,brset,3,sex,0,mean_variance,complete,0.5816855093517047,0.7348096540622302,0.1531241447105255,1.0,593,7951,4968,2983,source-training-image-standardised-patient-mean-coordinates
convnext_tiny,mbrset_to_brset,mbrset,brset,3,sex,0,coral,complete,0.570690974027271,0.7348096540622302,0.16411868003495922,1.0,593,7951,4968,2983,source-training-image-standardised-patient-mean-coordinates
convnext_tiny,mbrset_to_brset,mbrset,brset,3,sex,0,subspace,complete,0.48073435997760794,0.7348096540622302,0.25407529408462226,1.0,593,7951,4968,2983,source-training-image-standardised-patient-mean-coordinates
convnext_tiny,mbrset_to_brset,mbrset,brset,3,sex,0,ot_gaussian,complete,0.5727672187484312,0.7348096540622302,0.16204243531379903,1.0,593,7951,4968,2983,source-training-image-standardised-patient-mean-coordinates
convnext_tiny,mbrset_to_brset,mbrset,brset,3,sex,0,ot_entropic,complete,0.5486207942700531,0.7348096540622302,0.18618885979217714,1.0,593,7951,4968,2983,source-training-image-standardised-patient-mean-coordinates
convnext_tiny,mbrset_to_brset,mbrset,brset,3,sex,1,unaligned,complete,0.4834705327181208,0.6370857802013423,0.15361524748322153,0.001,179,554,256,298,source-training-image-standardised-patient-mean-coordinates
convnext_tiny,mbrset_to_brset,mbrset,brset,3,sex,1,mean_variance,complete,0.48289377097315433,0.6370857802013423,0.154192009228188,0.001,179,554,256,298,source-training-image-standardised-patient-mean-coordinates
convnext_tiny,mbrset_to_brset,mbrset,brset,3,sex,1,coral,complete,0.4771916946308725,0.6370857802013423,0.1598940855704698,0.001,179,554,256,298,source-training-image-standardised-patient-mean-coordinates
convnext_tiny,mbrset_to_brset,mbrset,brset,3,sex,1,subspace,complete,0.4640703649328859,0.6370857802013423,0.17301541526845643,0.001,179,554,256,298,source-training-image-standardised-patient-mean-coordinates
convnext_tiny,mbrset_to_brset,mbrset,brset,3,sex,1,ot_gaussian,complete,0.4683960780201342,0.6370857802013423,0.1686897021812081,0.001,179,554,256,298,source-training-image-standardised-patient-mean-coordinates
convnext_tiny,mbrset_to_brset,mbrset,brset,3,sex,1,ot_entropic,complete,0.4666789010067114,0.6370857802013423,0.17040687919463093,0.001,179,554,256,298,source-training-image-standardised-patient-mean-coordinates
convnext_tiny,brset_to_mbrset,brset,mbrset,3,age65,0,unaligned,complete,0.5701511256035618,0.8595096256349156,0.28935850003135377,0.1,3125,986,555,431,source-training-image-standardised-patient-mean-coordinates
convnext_tiny,brset_to_mbrset,brset,mbrset,3,age65,0,mean_variance,complete,0.5594824522898769,0.8595096256349156,0.3000271733450387,0.1,3125,986,555,431,source-training-image-standardised-patient-mean-coordinates
convnext_tiny,brset_to_mbrset,brset,mbrset,3,age65,0,coral,complete,0.5407286636985011,0.8595096256349156,0.3187809619364145,0.1,3125,986,555,431,source-training-image-standardised-patient-mean-coordinates
convnext_tiny,brset_to_mbrset,brset,mbrset,3,age65,0,subspace,complete,0.7193035262640832,0.8595096256349156,0.1402060993708324,0.1,3125,986,555,431,source-training-image-standardised-patient-mean-coordinates
convnext_tiny,brset_to_mbrset,brset,mbrset,3,age65,0,ot_gaussian,complete,0.535013900211116,0.8595096256349156,0.3244957254237997,0.1,3125,986,555,431,source-training-image-standardised-patient-mean-coordinates
convnext_tiny,brset_to_mbrset,brset,mbrset,3,age65,0,ot_entropic,complete,0.5241654647687131,0.8595096256349156,0.33534416086620256,0.1,3125,986,555,431,source-training-image-standardised-patient-mean-coordinates
convnext_tiny,brset_to_mbrset,brset,mbrset,3,age65,1,unaligned,complete,0.6482504604051565,0.7750861784010955,0.12683571799593896,0.01,229,298,181,117,source-training-image-standardised-patient-mean-coordinates
convnext_tiny,brset_to_mbrset,brset,mbrset,3,age65,1,mean_variance,complete,0.6503754072814847,0.7750861784010955,0.12471077111961082,0.01,229,298,181,117,source-training-image-standardised-patient-mean-coordinates
convnext_tiny,brset_to_mbrset,brset,mbrset,3,age65,1,coral,complete,0.5308589507484535,0.7750861784010955,0.24422722765264204,0.01,229,298,181,117,source-training-image-standardised-patient-mean-coordinates
convnext_tiny,brset_to_mbrset,brset,mbrset,3,age65,1,subspace,complete,0.6828162629267602,0.7750861784010955,0.09226991547433527,0.01,229,298,181,117,source-training-image-standardised-patient-mean-coordinates
convnext_tiny,brset_to_mbrset,brset,mbrset,3,age65,1,ot_gaussian,complete,0.5432308636728526,0.7750861784010955,0.23185531472824294,0.01,229,298,181,117,source-training-image-standardised-patient-mean-coordinates
convnext_tiny,brset_to_mbrset,brset,mbrset,3,age65,1,ot_entropic,complete,0.4953015063512301,0.7750861784010955,0.2797846720498654,0.01,229,298,181,117,source-training-image-standardised-patient-mean-coordinates
convnext_tiny,mbrset_to_brset,mbrset,brset,3,age65,0,unaligned,complete,0.6347411724681278,0.9094342381702716,0.2746930657021438,0.1,592,5268,3120,2148,source-training-image-standardised-patient-mean-coordinates
convnext_tiny,mbrset_to_brset,mbrset,brset,3,age65,0,mean_variance,complete,0.6300852313422145,0.9094342381702716,0.2793490068280571,0.1,592,5268,3120,2148,source-training-image-standardised-patient-mean-coordinates
convnext_tiny,mbrset_to_brset,mbrset,brset,3,age65,0,coral,complete,0.5640292997660317,0.9094342381702716,0.3454049384042399,0.1,592,5268,3120,2148,source-training-image-standardised-patient-mean-coordinates
convnext_tiny,mbrset_to_brset,mbrset,brset,3,age65,0,subspace,complete,0.5570124862722629,0.9094342381702716,0.35242175189800873,0.1,592,5268,3120,2148,source-training-image-standardised-patient-mean-coordinates
convnext_tiny,mbrset_to_brset,mbrset,brset,3,age65,0,ot_gaussian,complete,0.5700459282337773,0.9094342381702716,0.33938830993649427,0.1,592,5268,3120,2148,source-training-image-standardised-patient-mean-coordinates
convnext_tiny,mbrset_to_brset,mbrset,brset,3,age65,0,ot_entropic,complete,0.609556594088717,0.9094342381702716,0.2998776440815546,0.1,592,5268,3120,2148,source-training-image-standardised-patient-mean-coordinates
convnext_tiny,mbrset_to_brset,mbrset,brset,3,age65,1,unaligned,complete,0.5699757468856796,0.8180465218829236,0.24807077499724395,0.01,178,381,193,188,source-training-image-standardised-patient-mean-coordinates
convnext_tiny,mbrset_to_brset,mbrset,brset,3,age65,1,mean_variance,complete,0.5703064711718664,0.8180465218829236,0.2477400507110572,0.01,178,381,193,188,source-training-image-standardised-patient-mean-coordinates
convnext_tiny,mbrset_to_brset,mbrset,brset,3,age65,1,coral,complete,0.5541561018630802,0.8180465218829236,0.2638904200198434,0.01,178,381,193,188,source-training-image-standardised-patient-mean-coordinates
convnext_tiny,mbrset_to_brset,mbrset,brset,3,age65,1,subspace,complete,0.5154338000220483,0.8180465218829236,0.3026127218608753,0.01,178,381,193,188,source-training-image-standardised-patient-mean-coordinates
convnext_tiny,mbrset_to_brset,mbrset,brset,3,age65,1,ot_gaussian,complete,0.5535222136478889,0.8180465218829236,0.2645243082350347,0.01,178,381,193,188,source-training-image-standardised-patient-mean-coordinates
convnext_tiny,mbrset_to_brset,mbrset,brset,3,age65,1,ot_entropic,complete,0.5190166464557381,0.8180465218829236,0.2990298754271855,0.01,178,381,193,188,source-training-image-standardised-patient-mean-coordinates
convnext_tiny,brset_to_mbrset,brset,mbrset,4,sex,0,unaligned,complete,0.5701127681457537,0.7178592418454306,0.14774647369967686,0.1,4770,988,656,332,source-training-image-standardised-patient-mean-coordinates
convnext_tiny,brset_to_mbrset,brset,mbrset,4,sex,0,mean_variance,complete,0.5897461798413165,0.7178592418454306,0.1281130620041141,0.1,4770,988,656,332,source-training-image-standardised-patient-mean-coordinates
convnext_tiny,brset_to_mbrset,brset,mbrset,4,sex,0,coral,complete,0.6067210916838084,0.7178592418454306,0.1111381501616222,0.1,4770,988,656,332,source-training-image-standardised-patient-mean-coordinates
convnext_tiny,brset_to_mbrset,brset,mbrset,4,sex,0,subspace,complete,0.45831343667352337,0.7178592418454306,0.25954580517190723,0.1,4770,988,656,332,source-training-image-standardised-patient-mean-coordinates
convnext_tiny,brset_to_mbrset,brset,mbrset,4,sex,0,ot_gaussian,complete,0.602432596238613,0.7178592418454306,0.11542664560681759,0.1,4770,988,656,332,source-training-image-standardised-patient-mean-coordinates
convnext_tiny,brset_to_mbrset,brset,mbrset,4,sex,0,ot_entropic,complete,0.55226087275933,0.7178592418454306,0.1655983690861006,0.1,4770,988,656,332,source-training-image-standardised-patient-mean-coordinates
convnext_tiny,brset_to_mbrset,brset,mbrset,4,sex,1,unaligned,complete,0.5007983469521932,0.5903071287686672,0.08950878181647404,0.0001,332,299,182,117,source-training-image-standardised-patient-mean-coordinates
convnext_tiny,brset_to_mbrset,brset,mbrset,4,sex,1,mean_variance,complete,0.4976519207288438,0.5903071287686672,0.09265520803982341,0.0001,332,299,182,117,source-training-image-standardised-patient-mean-coordinates
convnext_tiny,brset_to_mbrset,brset,mbrset,4,sex,1,coral,complete,0.49333145486991636,0.5903071287686672,0.09697567389875084,0.0001,332,299,182,117,source-training-image-standardised-patient-mean-coordinates
convnext_tiny,brset_to_mbrset,brset,mbrset,4,sex,1,subspace,complete,0.5501080116464732,0.5903071287686672,0.04019911712219404,0.0001,332,299,182,117,source-training-image-standardised-patient-mean-coordinates
convnext_tiny,brset_to_mbrset,brset,mbrset,4,sex,1,ot_gaussian,complete,0.4993894993894994,0.5903071287686672,0.09091762937916781,0.0001,332,299,182,117,source-training-image-standardised-patient-mean-coordinates
convnext_tiny,brset_to_mbrset,brset,mbrset,4,sex,1,ot_entropic,complete,0.49431764816380197,0.5903071287686672,0.09598948060486523,0.0001,332,299,182,117,source-training-image-standardised-patient-mean-coordinates
convnext_tiny,mbrset_to_brset,mbrset,brset,4,sex,0,unaligned,complete,0.5537603586183218,0.736820579634569,0.1830602210162472,1.0,593,7951,4968,2983,source-training-image-standardised-patient-mean-coordinates
convnext_tiny,mbrset_to_brset,mbrset,brset,4,sex,0,mean_variance,complete,0.5632113241810949,0.736820579634569,0.17360925545347416,1.0,593,7951,4968,2983,source-training-image-standardised-patient-mean-coordinates
convnext_tiny,mbrset_to_brset,mbrset,brset,4,sex,0,coral,complete,0.5673154315679348,0.736820579634569,0.1695051480666342,1.0,593,7951,4968,2983,source-training-image-standardised-patient-mean-coordinates
convnext_tiny,mbrset_to_brset,mbrset,brset,4,sex,0,subspace,complete,0.4799731354756934,0.736820579634569,0.2568474441588756,1.0,593,7951,4968,2983,source-training-image-standardised-patient-mean-coordinates
convnext_tiny,mbrset_to_brset,mbrset,brset,4,sex,0,ot_gaussian,complete,0.5720293417935127,0.736820579634569,0.16479123784105632,1.0,593,7951,4968,2983,source-training-image-standardised-patient-mean-coordinates
convnext_tiny,mbrset_to_brset,mbrset,brset,4,sex,0,ot_entropic,complete,0.5580083300808716,0.736820579634569,0.17881224955369746,1.0,593,7951,4968,2983,source-training-image-standardised-patient-mean-coordinates
convnext_tiny,mbrset_to_brset,mbrset,brset,4,sex,1,unaligned,complete,0.5413695469798658,0.5969221895973154,0.05555264261744952,10.0,179,554,256,298,source-training-image-standardised-patient-mean-coordinates
convnext_tiny,mbrset_to_brset,mbrset,brset,4,sex,1,mean_variance,complete,0.5425361786912751,0.5969221895973154,0.05438601090604023,10.0,179,554,256,298,source-training-image-standardised-patient-mean-coordinates
convnext_tiny,mbrset_to_brset,mbrset,brset,4,sex,1,coral,complete,0.523896287751678,0.5969221895973154,0.0730259018456374,10.0,179,554,256,298,source-training-image-standardised-patient-mean-coordinates
convnext_tiny,mbrset_to_brset,mbrset,brset,4,sex,1,subspace,complete,0.5001572986577181,0.5969221895973154,0.09676489093959728,10.0,179,554,256,298,source-training-image-standardised-patient-mean-coordinates
convnext_tiny,mbrset_to_brset,mbrset,brset,4,sex,1,ot_gaussian,complete,0.5231491191275168,0.5969221895973154,0.07377307046979853,10.0,179,554,256,298,source-training-image-standardised-patient-mean-coordinates
convnext_tiny,mbrset_to_brset,mbrset,brset,4,sex,1,ot_entropic,complete,0.507222630033557,0.5969221895973154,0.0896995595637583,10.0,179,554,256,298,source-training-image-standardised-patient-mean-coordinates
convnext_tiny,brset_to_mbrset,brset,mbrset,4,age65,0,unaligned,complete,0.49690850943751175,0.8634393093789845,0.36653079994147275,0.1,3173,986,555,431,source-training-image-standardised-patient-mean-coordinates
convnext_tiny,brset_to_mbrset,brset,mbrset,4,age65,0,mean_variance,complete,0.48346815492987183,0.8634393093789845,0.37997115444911267,0.1,3173,986,555,431,source-training-image-standardised-patient-mean-coordinates
convnext_tiny,brset_to_mbrset,brset,mbrset,4,age65,0,coral,complete,0.540749566271608,0.8634393093789845,0.3226897431073765,0.1,3173,986,555,431,source-training-image-standardised-patient-mean-coordinates
convnext_tiny,brset_to_mbrset,brset,mbrset,4,age65,0,subspace,complete,0.5545536255513053,0.8634393093789845,0.3088856838276792,0.1,3173,986,555,431,source-training-image-standardised-patient-mean-coordinates
convnext_tiny,brset_to_mbrset,brset,mbrset,4,age65,0,ot_gaussian,complete,0.5387721828557095,0.8634393093789845,0.324667126523275,0.1,3173,986,555,431,source-training-image-standardised-patient-mean-coordinates
convnext_tiny,brset_to_mbrset,brset,mbrset,4,age65,0,ot_entropic,complete,0.530808302502038,0.8634393093789845,0.33263100687694647,0.1,3173,986,555,431,source-training-image-standardised-patient-mean-coordinates
convnext_tiny,brset_to_mbrset,brset,mbrset,4,age65,1,unaligned,complete,0.5449780422156112,0.7410398073381498,0.1960617651225386,0.001,230,298,181,117,source-training-image-standardised-patient-mean-coordinates
convnext_tiny,brset_to_mbrset,brset,mbrset,4,age65,1,mean_variance,complete,0.5544222505548473,0.7410398073381498,0.1866175567833025,0.001,230,298,181,117,source-training-image-standardised-patient-mean-coordinates
convnext_tiny,brset_to_mbrset,brset,mbrset,4,age65,1,coral,complete,0.4731076167540257,0.7410398073381498,0.2679321905841241,0.001,230,298,181,117,source-training-image-standardised-patient-mean-coordinates
convnext_tiny,brset_to_mbrset,brset,mbrset,4,age65,1,subspace,complete,0.6298342541436464,0.7410398073381498,0.11120555319450343,0.001,230,298,181,117,source-training-image-standardised-patient-mean-coordinates
convnext_tiny,brset_to_mbrset,brset,mbrset,4,age65,1,ot_gaussian,complete,0.49298767530811727,0.7410398073381498,0.2480521320300325,0.001,230,298,181,117,source-training-image-standardised-patient-mean-coordinates
convnext_tiny,brset_to_mbrset,brset,mbrset,4,age65,1,ot_entropic,complete,0.46796052320914205,0.7410398073381498,0.2730792841290077,0.001,230,298,181,117,source-training-image-standardised-patient-mean-coordinates
convnext_tiny,mbrset_to_brset,mbrset,brset,4,age65,0,unaligned,complete,0.6837973905362174,0.909290395358831,0.2254930048226137,0.1,592,5268,3120,2148,source-training-image-standardised-patient-mean-coordinates
convnext_tiny,mbrset_to_brset,mbrset,brset,4,age65,0,mean_variance,complete,0.6897250871412883,0.909290395358831,0.21956530821754272,0.1,592,5268,3120,2148,source-training-image-standardised-patient-mean-coordinates
convnext_tiny,mbrset_to_brset,mbrset,brset,4,age65,0,coral,complete,0.5729948550828439,0.909290395358831,0.3362955402759872,0.1,592,5268,3120,2148,source-training-image-standardised-patient-mean-coordinates
convnext_tiny,mbrset_to_brset,mbrset,brset,4,age65,0,subspace,complete,0.6940426097025258,0.909290395358831,0.2152477856563052,0.1,592,5268,3120,2148,source-training-image-standardised-patient-mean-coordinates
convnext_tiny,mbrset_to_brset,mbrset,brset,4,age65,0,ot_gaussian,complete,0.5837099508188893,0.909290395358831,0.3255804445399417,0.1,592,5268,3120,2148,source-training-image-standardised-patient-mean-coordinates
convnext_tiny,mbrset_to_brset,mbrset,brset,4,age65,0,ot_entropic,complete,0.6088919925512104,0.909290395358831,0.30039840280762065,0.1,592,5268,3120,2148,source-training-image-standardised-patient-mean-coordinates
convnext_tiny,mbrset_to_brset,mbrset,brset,4,age65,1,unaligned,complete,0.5786572593980819,0.821574247602249,0.24291698820416707,0.01,178,381,193,188,source-training-image-standardised-patient-mean-coordinates
convnext_tiny,mbrset_to_brset,mbrset,brset,4,age65,1,mean_variance,complete,0.5867875647668394,0.821574247602249,0.2347866828354096,0.01,178,381,193,188,source-training-image-standardised-patient-mean-coordinates
convnext_tiny,mbrset_to_brset,mbrset,brset,4,age65,1,coral,complete,0.5933193694190277,0.821574247602249,0.2282548781832212,0.01,178,381,193,188,source-training-image-standardised-patient-mean-coordinates
convnext_tiny,mbrset_to_brset,mbrset,brset,4,age65,1,subspace,complete,0.5882482636974975,0.821574247602249,0.23332598390475146,0.01,178,381,193,188,source-training-image-standardised-patient-mean-coordinates
convnext_tiny,mbrset_to_brset,mbrset,brset,4,age65,1,ot_gaussian,complete,0.5992999669275714,0.821574247602249,0.22227428067467758,0.01,178,381,193,188,source-training-image-standardised-patient-mean-coordinates
convnext_tiny,mbrset_to_brset,mbrset,brset,4,age65,1,ot_entropic,complete,0.5679362804541946,0.821574247602249,0.2536379671480543,0.01,178,381,193,188,source-training-image-standardised-patient-mean-coordinates
