backbone,direction,source,target,split_index,attribute,best_C,source_train_n,source_train_positive,source_validation_n,size_capped,evaluation,method,auroc,n,n_negative,n_positive,coordinate_space
vits16,brset_to_mbrset,brset,mbrset,0,sex,0.01,5104,2003,1700,False,source_internal,unaligned,0.7737767791422927,1701,1079,622,source-training-image-standardised-patient-mean-coordinates
vits16,brset_to_mbrset,brset,mbrset,0,sex,0.01,5104,2003,1700,False,target_local_cv,target_local,0.7336669661034065,1287,838,449,source-training-image-standardised-patient-mean-coordinates
vits16,brset_to_mbrset,brset,mbrset,0,sex,0.01,5104,2003,1700,False,target_external,unaligned,0.6202964955270529,1287,838,449,source-training-image-standardised-patient-mean-coordinates
vits16,brset_to_mbrset,brset,mbrset,0,sex,0.01,5104,2003,1700,False,target_external,mean_variance,0.6116376354774068,1287,838,449,source-training-image-standardised-patient-mean-coordinates
vits16,brset_to_mbrset,brset,mbrset,0,sex,0.01,5104,2003,1700,False,target_external,coral,0.6127140131078876,1287,838,449,source-training-image-standardised-patient-mean-coordinates
vits16,mbrset_to_brset,mbrset,brset,0,sex,0.01,772,266,257,False,source_internal,unaligned,0.6820813280323638,258,177,81,source-training-image-standardised-patient-mean-coordinates
vits16,mbrset_to_brset,mbrset,brset,0,sex,0.01,772,266,257,False,target_local_cv,target_local,0.7576909236109522,8505,5224,3281,source-training-image-standardised-patient-mean-coordinates
vits16,mbrset_to_brset,mbrset,brset,0,sex,0.01,772,266,257,False,target_external,unaligned,0.5834205759365375,8505,5224,3281,source-training-image-standardised-patient-mean-coordinates
vits16,mbrset_to_brset,mbrset,brset,0,sex,0.01,772,266,257,False,target_external,mean_variance,0.589373045792915,8505,5224,3281,source-training-image-standardised-patient-mean-coordinates
vits16,mbrset_to_brset,mbrset,brset,0,sex,0.01,772,266,257,False,target_external,coral,0.5807009054405312,8505,5224,3281,source-training-image-standardised-patient-mean-coordinates
vits16,brset_to_mbrset_sizematched,brset,mbrset,0,sex,0.1,772,303,257,True,source_internal,unaligned,0.727850307984349,1701,1079,622,source-training-image-standardised-patient-mean-coordinates
vits16,brset_to_mbrset_sizematched,brset,mbrset,0,sex,0.1,772,303,257,True,target_local_cv,target_local,0.7372602069834318,1287,838,449,source-training-image-standardised-patient-mean-coordinates
vits16,brset_to_mbrset_sizematched,brset,mbrset,0,sex,0.1,772,303,257,True,target_external,unaligned,0.6127724830038643,1287,838,449,source-training-image-standardised-patient-mean-coordinates
vits16,brset_to_mbrset_sizematched,brset,mbrset,0,sex,0.1,772,303,257,True,target_external,mean_variance,0.5995609442356655,1287,838,449,source-training-image-standardised-patient-mean-coordinates
vits16,brset_to_mbrset_sizematched,brset,mbrset,0,sex,0.1,772,303,257,True,target_external,coral,0.5982613179114553,1287,838,449,source-training-image-standardised-patient-mean-coordinates
vits16,brset_to_mbrset,brset,mbrset,0,age65,0.1,3390,1402,1110,False,source_internal,unaligned,0.9215037678692135,1149,677,472,source-training-image-standardised-patient-mean-coordinates
vits16,brset_to_mbrset,brset,mbrset,0,age65,0.1,3390,1402,1110,False,target_local_cv,target_local,0.8704850642653126,1284,736,548,source-training-image-standardised-patient-mean-coordinates
vits16,brset_to_mbrset,brset,mbrset,0,age65,0.1,3390,1402,1110,False,target_external,unaligned,0.6156130990161852,1284,736,548,source-training-image-standardised-patient-mean-coordinates
vits16,brset_to_mbrset,brset,mbrset,0,age65,0.1,3390,1402,1110,False,target_external,mean_variance,0.587030902887972,1284,736,548,source-training-image-standardised-patient-mean-coordinates
vits16,brset_to_mbrset,brset,mbrset,0,age65,0.1,3390,1402,1110,False,target_external,coral,0.6013666296413837,1284,736,548,source-training-image-standardised-patient-mean-coordinates
vits16,mbrset_to_brset,mbrset,brset,0,age65,0.1,770,323,256,False,source_internal,unaligned,0.8866460568588228,258,141,117,source-training-image-standardised-patient-mean-coordinates
vits16,mbrset_to_brset,mbrset,brset,0,age65,0.1,770,323,256,False,target_local_cv,target_local,0.9160613905784188,5649,3313,2336,source-training-image-standardised-patient-mean-coordinates
vits16,mbrset_to_brset,mbrset,brset,0,age65,0.1,770,323,256,False,target_external,unaligned,0.6613917671770402,5649,3313,2336,source-training-image-standardised-patient-mean-coordinates
vits16,mbrset_to_brset,mbrset,brset,0,age65,0.1,770,323,256,False,target_external,mean_variance,0.6721223780127269,5649,3313,2336,source-training-image-standardised-patient-mean-coordinates
vits16,mbrset_to_brset,mbrset,brset,0,age65,0.1,770,323,256,False,target_external,coral,0.6162119752407493,5649,3313,2336,source-training-image-standardised-patient-mean-coordinates
vits16,brset_to_mbrset_sizematched,brset,mbrset,0,age65,0.1,770,318,256,True,source_internal,unaligned,0.9023984177452871,1149,677,472,source-training-image-standardised-patient-mean-coordinates
vits16,brset_to_mbrset_sizematched,brset,mbrset,0,age65,0.1,770,318,256,True,target_local_cv,target_local,0.8704850642653126,1284,736,548,source-training-image-standardised-patient-mean-coordinates
vits16,brset_to_mbrset_sizematched,brset,mbrset,0,age65,0.1,770,318,256,True,target_external,unaligned,0.587801987464297,1284,736,548,source-training-image-standardised-patient-mean-coordinates
vits16,brset_to_mbrset_sizematched,brset,mbrset,0,age65,0.1,770,318,256,True,target_external,mean_variance,0.5909458306886703,1284,736,548,source-training-image-standardised-patient-mean-coordinates
vits16,brset_to_mbrset_sizematched,brset,mbrset,0,age65,0.1,770,318,256,True,target_external,coral,0.5954409314503333,1284,736,548,source-training-image-standardised-patient-mean-coordinates
vits16,brset_to_mbrset,brset,mbrset,1,sex,0.1,5104,1991,1701,False,source_internal,unaligned,0.752904533982346,1700,1063,637,source-training-image-standardised-patient-mean-coordinates
vits16,brset_to_mbrset,brset,mbrset,1,sex,0.1,5104,1991,1701,False,target_local_cv,target_local,0.7346423502772004,1287,838,449,source-training-image-standardised-patient-mean-coordinates
vits16,brset_to_mbrset,brset,mbrset,1,sex,0.1,5104,1991,1701,False,target_external,unaligned,0.6350760905964461,1287,838,449,source-training-image-standardised-patient-mean-coordinates
vits16,brset_to_mbrset,brset,mbrset,1,sex,0.1,5104,1991,1701,False,target_external,mean_variance,0.6310416677740511,1287,838,449,source-training-image-standardised-patient-mean-coordinates
vits16,brset_to_mbrset,brset,mbrset,1,sex,0.1,5104,1991,1701,False,target_external,coral,0.6258032966390441,1287,838,449,source-training-image-standardised-patient-mean-coordinates
vits16,mbrset_to_brset,mbrset,brset,1,sex,0.1,772,259,257,False,source_internal,unaligned,0.6623724489795917,258,160,98,source-training-image-standardised-patient-mean-coordinates
vits16,mbrset_to_brset,mbrset,brset,1,sex,0.1,772,259,257,False,target_local_cv,target_local,0.7629118858264647,8505,5224,3281,source-training-image-standardised-patient-mean-coordinates
vits16,mbrset_to_brset,mbrset,brset,1,sex,0.1,772,259,257,False,target_external,unaligned,0.5629569151451137,8505,5224,3281,source-training-image-standardised-patient-mean-coordinates
vits16,mbrset_to_brset,mbrset,brset,1,sex,0.1,772,259,257,False,target_external,mean_variance,0.5760233522349898,8505,5224,3281,source-training-image-standardised-patient-mean-coordinates
vits16,mbrset_to_brset,mbrset,brset,1,sex,0.1,772,259,257,False,target_external,coral,0.5841677195678119,8505,5224,3281,source-training-image-standardised-patient-mean-coordinates
vits16,brset_to_mbrset_sizematched,brset,mbrset,1,sex,0.1,772,301,257,True,source_internal,unaligned,0.7013650239023173,1700,1063,637,source-training-image-standardised-patient-mean-coordinates
vits16,brset_to_mbrset_sizematched,brset,mbrset,1,sex,0.1,772,301,257,True,target_local_cv,target_local,0.7346423502772004,1287,838,449,source-training-image-standardised-patient-mean-coordinates
vits16,brset_to_mbrset_sizematched,brset,mbrset,1,sex,0.1,772,301,257,True,target_external,unaligned,0.5795110853607327,1287,838,449,source-training-image-standardised-patient-mean-coordinates
vits16,brset_to_mbrset_sizematched,brset,mbrset,1,sex,0.1,772,301,257,True,target_external,mean_variance,0.5818179885292695,1287,838,449,source-training-image-standardised-patient-mean-coordinates
vits16,brset_to_mbrset_sizematched,brset,mbrset,1,sex,0.1,772,301,257,True,target_external,coral,0.5961590593788371,1287,838,449,source-training-image-standardised-patient-mean-coordinates
vits16,brset_to_mbrset,brset,mbrset,1,age65,0.1,3388,1390,1125,False,source_internal,unaligned,0.9072557999223361,1136,673,463,source-training-image-standardised-patient-mean-coordinates
vits16,brset_to_mbrset,brset,mbrset,1,age65,0.1,3388,1390,1125,False,target_local_cv,target_local,0.875133886067915,1284,736,548,source-training-image-standardised-patient-mean-coordinates
vits16,brset_to_mbrset,brset,mbrset,1,age65,0.1,3388,1390,1125,False,target_external,unaligned,0.6510358814662012,1284,736,548,source-training-image-standardised-patient-mean-coordinates
vits16,brset_to_mbrset,brset,mbrset,1,age65,0.1,3388,1390,1125,False,target_external,mean_variance,0.6068807521421771,1284,736,548,source-training-image-standardised-patient-mean-coordinates
vits16,brset_to_mbrset,brset,mbrset,1,age65,0.1,3388,1390,1125,False,target_external,coral,0.6064443827356394,1284,736,548,source-training-image-standardised-patient-mean-coordinates
vits16,mbrset_to_brset,mbrset,brset,1,age65,0.01,770,327,256,False,source_internal,unaligned,0.8115590092277806,258,142,116,source-training-image-standardised-patient-mean-coordinates
vits16,mbrset_to_brset,mbrset,brset,1,age65,0.01,770,327,256,False,target_local_cv,target_local,0.9124502788930283,5649,3313,2336,source-training-image-standardised-patient-mean-coordinates
vits16,mbrset_to_brset,mbrset,brset,1,age65,0.01,770,327,256,False,target_external,unaligned,0.622990223238467,5649,3313,2336,source-training-image-standardised-patient-mean-coordinates
vits16,mbrset_to_brset,mbrset,brset,1,age65,0.01,770,327,256,False,target_external,mean_variance,0.633624053645043,5649,3313,2336,source-training-image-standardised-patient-mean-coordinates
vits16,mbrset_to_brset,mbrset,brset,1,age65,0.01,770,327,256,False,target_external,coral,0.6322155043022714,5649,3313,2336,source-training-image-standardised-patient-mean-coordinates
vits16,brset_to_mbrset_sizematched,brset,mbrset,1,age65,0.01,770,316,256,True,source_internal,unaligned,0.8849707476596523,1136,673,463,source-training-image-standardised-patient-mean-coordinates
vits16,brset_to_mbrset_sizematched,brset,mbrset,1,age65,0.01,770,316,256,True,target_local_cv,target_local,0.8702247302443669,1284,736,548,source-training-image-standardised-patient-mean-coordinates
vits16,brset_to_mbrset_sizematched,brset,mbrset,1,age65,0.01,770,316,256,True,target_external,unaligned,0.6916603855918756,1284,736,548,source-training-image-standardised-patient-mean-coordinates
vits16,brset_to_mbrset_sizematched,brset,mbrset,1,age65,0.01,770,316,256,True,target_external,mean_variance,0.6922628728974928,1284,736,548,source-training-image-standardised-patient-mean-coordinates
vits16,brset_to_mbrset_sizematched,brset,mbrset,1,age65,0.01,770,316,256,True,target_external,coral,0.6308389201840686,1284,736,548,source-training-image-standardised-patient-mean-coordinates
vits16,brset_to_mbrset,brset,mbrset,2,sex,0.1,5104,1959,1700,False,source_internal,unaligned,0.7483656051325225,1701,1036,665,source-training-image-standardised-patient-mean-coordinates
vits16,brset_to_mbrset,brset,mbrset,2,sex,0.1,5104,1959,1700,False,target_local_cv,target_local,0.7394209354120267,1287,838,449,source-training-image-standardised-patient-mean-coordinates
vits16,brset_to_mbrset,brset,mbrset,2,sex,0.1,5104,1959,1700,False,target_external,unaligned,0.6224891166261808,1287,838,449,source-training-image-standardised-patient-mean-coordinates
vits16,brset_to_mbrset,brset,mbrset,2,sex,0.1,5104,1959,1700,False,target_external,mean_variance,0.6186407343818935,1287,838,449,source-training-image-standardised-patient-mean-coordinates
vits16,brset_to_mbrset,brset,mbrset,2,sex,0.1,5104,1959,1700,False,target_external,coral,0.6218432900478921,1287,838,449,source-training-image-standardised-patient-mean-coordinates
vits16,mbrset_to_brset,mbrset,brset,2,sex,0.1,772,265,257,False,source_internal,unaligned,0.6759605576334581,258,173,85,source-training-image-standardised-patient-mean-coordinates
vits16,mbrset_to_brset,mbrset,brset,2,sex,0.1,772,265,257,False,target_local_cv,target_local,0.7628467747619245,8505,5224,3281,source-training-image-standardised-patient-mean-coordinates
vits16,mbrset_to_brset,mbrset,brset,2,sex,0.1,772,265,257,False,target_external,unaligned,0.6091600999396498,8505,5224,3281,source-training-image-standardised-patient-mean-coordinates
vits16,mbrset_to_brset,mbrset,brset,2,sex,0.1,772,265,257,False,target_external,mean_variance,0.6068354132312218,8505,5224,3281,source-training-image-standardised-patient-mean-coordinates
vits16,mbrset_to_brset,mbrset,brset,2,sex,0.1,772,265,257,False,target_external,coral,0.5820898831408083,8505,5224,3281,source-training-image-standardised-patient-mean-coordinates
vits16,brset_to_mbrset_sizematched,brset,mbrset,2,sex,0.01,772,296,257,True,source_internal,unaligned,0.6817197433738788,1701,1036,665,source-training-image-standardised-patient-mean-coordinates
vits16,brset_to_mbrset_sizematched,brset,mbrset,2,sex,0.01,772,296,257,True,target_local_cv,target_local,0.7367844746479846,1287,838,449,source-training-image-standardised-patient-mean-coordinates
vits16,brset_to_mbrset_sizematched,brset,mbrset,2,sex,0.01,772,296,257,True,target_external,unaligned,0.6046079593474759,1287,838,449,source-training-image-standardised-patient-mean-coordinates
vits16,brset_to_mbrset_sizematched,brset,mbrset,2,sex,0.01,772,296,257,True,target_external,mean_variance,0.606896258458202,1287,838,449,source-training-image-standardised-patient-mean-coordinates
vits16,brset_to_mbrset_sizematched,brset,mbrset,2,sex,0.01,772,296,257,True,target_external,coral,0.6163338312133566,1287,838,449,source-training-image-standardised-patient-mean-coordinates
vits16,brset_to_mbrset,brset,mbrset,2,age65,1.0,3406,1365,1138,False,source_internal,unaligned,0.908647089774415,1105,623,482,source-training-image-standardised-patient-mean-coordinates
vits16,brset_to_mbrset,brset,mbrset,2,age65,1.0,3406,1365,1138,False,target_local_cv,target_local,0.8607411337670582,1284,736,548,source-training-image-standardised-patient-mean-coordinates
vits16,brset_to_mbrset,brset,mbrset,2,age65,1.0,3406,1365,1138,False,target_external,unaligned,0.6036377340526816,1284,736,548,source-training-image-standardised-patient-mean-coordinates
vits16,brset_to_mbrset,brset,mbrset,2,age65,1.0,3406,1365,1138,False,target_external,mean_variance,0.5433989209774674,1284,736,548,source-training-image-standardised-patient-mean-coordinates
vits16,brset_to_mbrset,brset,mbrset,2,age65,1.0,3406,1365,1138,False,target_external,coral,0.5942681886702634,1284,736,548,source-training-image-standardised-patient-mean-coordinates
vits16,mbrset_to_brset,mbrset,brset,2,age65,0.1,770,331,256,False,source_internal,unaligned,0.8868664582950297,258,147,111,source-training-image-standardised-patient-mean-coordinates
vits16,mbrset_to_brset,mbrset,brset,2,age65,0.1,770,331,256,False,target_local_cv,target_local,0.9152691865585552,5649,3313,2336,source-training-image-standardised-patient-mean-coordinates
vits16,mbrset_to_brset,mbrset,brset,2,age65,0.1,770,331,256,False,target_external,unaligned,0.6633113533651163,5649,3313,2336,source-training-image-standardised-patient-mean-coordinates
vits16,mbrset_to_brset,mbrset,brset,2,age65,0.1,770,331,256,False,target_external,mean_variance,0.6636690145504014,5649,3313,2336,source-training-image-standardised-patient-mean-coordinates
vits16,mbrset_to_brset,mbrset,brset,2,age65,0.1,770,331,256,False,target_external,coral,0.6202011637426659,5649,3313,2336,source-training-image-standardised-patient-mean-coordinates
vits16,brset_to_mbrset_sizematched,brset,mbrset,2,age65,0.01,770,309,256,True,source_internal,unaligned,0.8900847858375016,1105,623,482,source-training-image-standardised-patient-mean-coordinates
vits16,brset_to_mbrset_sizematched,brset,mbrset,2,age65,0.01,770,309,256,True,target_local_cv,target_local,0.8681693311647096,1284,736,548,source-training-image-standardised-patient-mean-coordinates
vits16,brset_to_mbrset_sizematched,brset,mbrset,2,age65,0.01,770,309,256,True,target_external,unaligned,0.6309628887654712,1284,736,548,source-training-image-standardised-patient-mean-coordinates
vits16,brset_to_mbrset_sizematched,brset,mbrset,2,age65,0.01,770,309,256,True,target_external,mean_variance,0.6298198984449381,1284,736,548,source-training-image-standardised-patient-mean-coordinates
vits16,brset_to_mbrset_sizematched,brset,mbrset,2,age65,0.01,770,309,256,True,target_external,coral,0.6052765986988258,1284,736,548,source-training-image-standardised-patient-mean-coordinates
vits16,brset_to_mbrset,brset,mbrset,3,sex,0.1,5105,1987,1699,False,source_internal,unaligned,0.7454149801975889,1701,1035,666,source-training-image-standardised-patient-mean-coordinates
vits16,brset_to_mbrset,brset,mbrset,3,sex,0.1,5105,1987,1699,False,target_local_cv,target_local,0.7424746586155392,1287,838,449,source-training-image-standardised-patient-mean-coordinates
vits16,brset_to_mbrset,brset,mbrset,3,sex,0.1,5105,1987,1699,False,target_external,unaligned,0.6549585129510819,1287,838,449,source-training-image-standardised-patient-mean-coordinates
vits16,brset_to_mbrset,brset,mbrset,3,sex,0.1,5105,1987,1699,False,target_external,mean_variance,0.6473175606359399,1287,838,449,source-training-image-standardised-patient-mean-coordinates
vits16,brset_to_mbrset,brset,mbrset,3,sex,0.1,5105,1987,1699,False,target_external,coral,0.629000536859954,1287,838,449,source-training-image-standardised-patient-mean-coordinates
vits16,mbrset_to_brset,mbrset,brset,3,sex,1.0,772,281,257,False,source_internal,unaligned,0.7416145728305438,258,171,87,source-training-image-standardised-patient-mean-coordinates
vits16,mbrset_to_brset,mbrset,brset,3,sex,1.0,772,281,257,False,target_local_cv,target_local,0.7598662516050227,8505,5224,3281,source-training-image-standardised-patient-mean-coordinates
vits16,mbrset_to_brset,mbrset,brset,3,sex,1.0,772,281,257,False,target_external,unaligned,0.6065326117751609,8505,5224,3281,source-training-image-standardised-patient-mean-coordinates
vits16,mbrset_to_brset,mbrset,brset,3,sex,1.0,772,281,257,False,target_external,mean_variance,0.6062823775853643,8505,5224,3281,source-training-image-standardised-patient-mean-coordinates
vits16,mbrset_to_brset,mbrset,brset,3,sex,1.0,772,281,257,False,target_external,coral,0.5988604163467512,8505,5224,3281,source-training-image-standardised-patient-mean-coordinates
vits16,brset_to_mbrset_sizematched,brset,mbrset,3,sex,0.01,772,300,257,True,source_internal,unaligned,0.694723709216463,1701,1035,666,source-training-image-standardised-patient-mean-coordinates
vits16,brset_to_mbrset_sizematched,brset,mbrset,3,sex,0.01,772,300,257,True,target_local_cv,target_local,0.7370715086827796,1287,838,449,source-training-image-standardised-patient-mean-coordinates
vits16,brset_to_mbrset_sizematched,brset,mbrset,3,sex,0.01,772,300,257,True,target_external,unaligned,0.5907479362784442,1287,838,449,source-training-image-standardised-patient-mean-coordinates
vits16,brset_to_mbrset_sizematched,brset,mbrset,3,sex,0.01,772,300,257,True,target_external,mean_variance,0.5915798034348406,1287,838,449,source-training-image-standardised-patient-mean-coordinates
vits16,brset_to_mbrset_sizematched,brset,mbrset,3,sex,0.01,772,300,257,True,target_external,coral,0.5901579218735881,1287,838,449,source-training-image-standardised-patient-mean-coordinates
vits16,brset_to_mbrset,brset,mbrset,3,age65,0.1,3354,1379,1119,False,source_internal,unaligned,0.9019875478927204,1176,696,480,source-training-image-standardised-patient-mean-coordinates
vits16,brset_to_mbrset,brset,mbrset,3,age65,0.1,3354,1379,1119,False,target_local_cv,target_local,0.8738346953348143,1284,736,548,source-training-image-standardised-patient-mean-coordinates
vits16,brset_to_mbrset,brset,mbrset,3,age65,0.1,3354,1379,1119,False,target_external,unaligned,0.635219969850841,1284,736,548,source-training-image-standardised-patient-mean-coordinates
vits16,brset_to_mbrset,brset,mbrset,3,age65,0.1,3354,1379,1119,False,target_external,mean_variance,0.6001319025706124,1284,736,548,source-training-image-standardised-patient-mean-coordinates
vits16,brset_to_mbrset,brset,mbrset,3,age65,0.1,3354,1379,1119,False,target_external,coral,0.6057352824500158,1284,736,548,source-training-image-standardised-patient-mean-coordinates
vits16,mbrset_to_brset,mbrset,brset,3,age65,0.01,770,320,256,False,source_internal,unaligned,0.826388888888889,258,138,120,source-training-image-standardised-patient-mean-coordinates
vits16,mbrset_to_brset,mbrset,brset,3,age65,0.01,770,320,256,False,target_local_cv,target_local,0.9125793625361278,5649,3313,2336,source-training-image-standardised-patient-mean-coordinates
vits16,mbrset_to_brset,mbrset,brset,3,age65,0.01,770,320,256,False,target_external,unaligned,0.6939416485079533,5649,3313,2336,source-training-image-standardised-patient-mean-coordinates
vits16,mbrset_to_brset,mbrset,brset,3,age65,0.01,770,320,256,False,target_external,mean_variance,0.6980614712072408,5649,3313,2336,source-training-image-standardised-patient-mean-coordinates
vits16,mbrset_to_brset,mbrset,brset,3,age65,0.01,770,320,256,False,target_external,coral,0.6278522445823633,5649,3313,2336,source-training-image-standardised-patient-mean-coordinates
vits16,brset_to_mbrset_sizematched,brset,mbrset,3,age65,0.01,770,317,256,True,source_internal,unaligned,0.8827227011494253,1176,696,480,source-training-image-standardised-patient-mean-coordinates
vits16,brset_to_mbrset_sizematched,brset,mbrset,3,age65,0.01,770,317,256,True,target_local_cv,target_local,0.8691883529038401,1284,736,548,source-training-image-standardised-patient-mean-coordinates
vits16,brset_to_mbrset_sizematched,brset,mbrset,3,age65,0.01,770,317,256,True,target_external,unaligned,0.5881019914312916,1284,736,548,source-training-image-standardised-patient-mean-coordinates
vits16,brset_to_mbrset_sizematched,brset,mbrset,3,age65,0.01,770,317,256,True,target_external,mean_variance,0.5905540899714377,1284,736,548,source-training-image-standardised-patient-mean-coordinates
vits16,brset_to_mbrset_sizematched,brset,mbrset,3,age65,0.01,770,317,256,True,target_external,coral,0.5737563471913678,1284,736,548,source-training-image-standardised-patient-mean-coordinates
vits16,brset_to_mbrset,brset,mbrset,4,sex,0.1,5102,1965,1702,False,source_internal,unaligned,0.7677323422248474,1701,1049,652,source-training-image-standardised-patient-mean-coordinates
vits16,brset_to_mbrset,brset,mbrset,4,sex,0.1,5102,1965,1702,False,target_local_cv,target_local,0.7430832770782061,1287,838,449,source-training-image-standardised-patient-mean-coordinates
vits16,brset_to_mbrset,brset,mbrset,4,sex,0.1,5102,1965,1702,False,target_external,unaligned,0.648202582243224,1287,838,449,source-training-image-standardised-patient-mean-coordinates
vits16,brset_to_mbrset,brset,mbrset,4,sex,0.1,5102,1965,1702,False,target_external,mean_variance,0.6446943884846197,1287,838,449,source-training-image-standardised-patient-mean-coordinates
vits16,brset_to_mbrset,brset,mbrset,4,sex,0.1,5102,1965,1702,False,target_external,coral,0.618925110694144,1287,838,449,source-training-image-standardised-patient-mean-coordinates
vits16,mbrset_to_brset,mbrset,brset,4,sex,0.1,772,280,257,False,source_internal,unaligned,0.7096041308089501,258,175,83,source-training-image-standardised-patient-mean-coordinates
vits16,mbrset_to_brset,mbrset,brset,4,sex,0.1,772,280,257,False,target_local_cv,target_local,0.7635135213977362,8505,5224,3281,source-training-image-standardised-patient-mean-coordinates
vits16,mbrset_to_brset,mbrset,brset,4,sex,0.1,772,280,257,False,target_external,unaligned,0.6194438558259,8505,5224,3281,source-training-image-standardised-patient-mean-coordinates
vits16,mbrset_to_brset,mbrset,brset,4,sex,0.1,772,280,257,False,target_external,mean_variance,0.6230444510203768,8505,5224,3281,source-training-image-standardised-patient-mean-coordinates
vits16,mbrset_to_brset,mbrset,brset,4,sex,0.1,772,280,257,False,target_external,coral,0.5991877803101341,8505,5224,3281,source-training-image-standardised-patient-mean-coordinates
vits16,brset_to_mbrset_sizematched,brset,mbrset,4,sex,0.1,772,297,257,True,source_internal,unaligned,0.7103449385040967,1701,1049,652,source-training-image-standardised-patient-mean-coordinates
vits16,brset_to_mbrset_sizematched,brset,mbrset,4,sex,0.1,772,297,257,True,target_local_cv,target_local,0.7430832770782061,1287,838,449,source-training-image-standardised-patient-mean-coordinates
vits16,brset_to_mbrset_sizematched,brset,mbrset,4,sex,0.1,772,297,257,True,target_external,unaligned,0.5546852990735178,1287,838,449,source-training-image-standardised-patient-mean-coordinates
vits16,brset_to_mbrset_sizematched,brset,mbrset,4,sex,0.1,772,297,257,True,target_external,mean_variance,0.5519584757429664,1287,838,449,source-training-image-standardised-patient-mean-coordinates
vits16,brset_to_mbrset_sizematched,brset,mbrset,4,sex,0.1,772,297,257,True,target_external,coral,0.5609654974459286,1287,838,449,source-training-image-standardised-patient-mean-coordinates
vits16,brset_to_mbrset,brset,mbrset,4,age65,0.1,3403,1405,1100,False,source_internal,unaligned,0.9118744770661177,1146,669,477,source-training-image-standardised-patient-mean-coordinates
vits16,brset_to_mbrset,brset,mbrset,4,age65,0.1,3403,1405,1100,False,target_local_cv,target_local,0.8683627221516981,1284,736,548,source-training-image-standardised-patient-mean-coordinates
vits16,brset_to_mbrset,brset,mbrset,4,age65,0.1,3403,1405,1100,False,target_external,unaligned,0.6581814304982545,1284,736,548,source-training-image-standardised-patient-mean-coordinates
vits16,brset_to_mbrset,brset,mbrset,4,age65,0.1,3403,1405,1100,False,target_external,mean_variance,0.6292174111393208,1284,736,548,source-training-image-standardised-patient-mean-coordinates
vits16,brset_to_mbrset,brset,mbrset,4,age65,0.1,3403,1405,1100,False,target_external,coral,0.6044782410345922,1284,736,548,source-training-image-standardised-patient-mean-coordinates
vits16,mbrset_to_brset,mbrset,brset,4,age65,0.1,770,332,257,False,source_internal,unaligned,0.841138151425762,257,144,113,source-training-image-standardised-patient-mean-coordinates
vits16,mbrset_to_brset,mbrset,brset,4,age65,0.1,770,332,257,False,target_local_cv,target_local,0.9157272461329176,5649,3313,2336,source-training-image-standardised-patient-mean-coordinates
vits16,mbrset_to_brset,mbrset,brset,4,age65,0.1,770,332,257,False,target_external,unaligned,0.7006636889133302,5649,3313,2336,source-training-image-standardised-patient-mean-coordinates
vits16,mbrset_to_brset,mbrset,brset,4,age65,0.1,770,332,257,False,target_external,mean_variance,0.713898574110292,5649,3313,2336,source-training-image-standardised-patient-mean-coordinates
vits16,mbrset_to_brset,mbrset,brset,4,age65,0.1,770,332,257,False,target_external,coral,0.6424318479712547,5649,3313,2336,source-training-image-standardised-patient-mean-coordinates
vits16,brset_to_mbrset_sizematched,brset,mbrset,4,age65,0.01,770,318,257,True,source_internal,unaligned,0.898079990473594,1146,669,477,source-training-image-standardised-patient-mean-coordinates
vits16,brset_to_mbrset_sizematched,brset,mbrset,4,age65,0.01,770,318,257,True,target_local_cv,target_local,0.8657494644557283,1284,736,548,source-training-image-standardised-patient-mean-coordinates
vits16,brset_to_mbrset_sizematched,brset,mbrset,4,age65,0.01,770,318,257,True,target_external,unaligned,0.6640625000000001,1284,736,548,source-training-image-standardised-patient-mean-coordinates
vits16,brset_to_mbrset_sizematched,brset,mbrset,4,age65,0.01,770,318,257,True,target_external,mean_variance,0.6577599373214853,1284,736,548,source-training-image-standardised-patient-mean-coordinates
vits16,brset_to_mbrset_sizematched,brset,mbrset,4,age65,0.01,770,318,257,True,target_external,coral,0.607508033164075,1284,736,548,source-training-image-standardised-patient-mean-coordinates
convnext_tiny,brset_to_mbrset,brset,mbrset,0,sex,0.1,5104,2003,1700,False,source_internal,unaligned,0.7362643748379618,1701,1079,622,source-training-image-standardised-patient-mean-coordinates
convnext_tiny,brset_to_mbrset,brset,mbrset,0,sex,0.1,5104,2003,1700,False,target_local_cv,target_local,0.7244473265968927,1287,838,449,source-training-image-standardised-patient-mean-coordinates
convnext_tiny,brset_to_mbrset,brset,mbrset,0,sex,0.1,5104,2003,1700,False,target_external,unaligned,0.5319378518160218,1287,838,449,source-training-image-standardised-patient-mean-coordinates
convnext_tiny,brset_to_mbrset,brset,mbrset,0,sex,0.1,5104,2003,1700,False,target_external,mean_variance,0.5471240784347078,1287,838,449,source-training-image-standardised-patient-mean-coordinates
convnext_tiny,brset_to_mbrset,brset,mbrset,0,sex,0.1,5104,2003,1700,False,target_external,coral,0.5871626685660524,1287,838,449,source-training-image-standardised-patient-mean-coordinates
convnext_tiny,mbrset_to_brset,mbrset,brset,0,sex,0.1,772,266,257,False,source_internal,unaligned,0.7016809653344492,258,177,81,source-training-image-standardised-patient-mean-coordinates
convnext_tiny,mbrset_to_brset,mbrset,brset,0,sex,0.1,772,266,257,False,target_local_cv,target_local,0.73948117916838,8505,5224,3281,source-training-image-standardised-patient-mean-coordinates
convnext_tiny,mbrset_to_brset,mbrset,brset,0,sex,0.1,772,266,257,False,target_external,unaligned,0.5562948747090423,8505,5224,3281,source-training-image-standardised-patient-mean-coordinates
convnext_tiny,mbrset_to_brset,mbrset,brset,0,sex,0.1,772,266,257,False,target_external,mean_variance,0.5630058651300145,8505,5224,3281,source-training-image-standardised-patient-mean-coordinates
convnext_tiny,mbrset_to_brset,mbrset,brset,0,sex,0.1,772,266,257,False,target_external,coral,0.5666466004789747,8505,5224,3281,source-training-image-standardised-patient-mean-coordinates
convnext_tiny,brset_to_mbrset_sizematched,brset,mbrset,0,sex,0.01,772,303,257,True,source_internal,unaligned,0.6925982435803069,1701,1079,622,source-training-image-standardised-patient-mean-coordinates
convnext_tiny,brset_to_mbrset_sizematched,brset,mbrset,0,sex,0.01,772,303,257,True,target_local_cv,target_local,0.7005065619169621,1287,838,449,source-training-image-standardised-patient-mean-coordinates
convnext_tiny,brset_to_mbrset_sizematched,brset,mbrset,0,sex,0.01,772,303,257,True,target_external,unaligned,0.5911093865444823,1287,838,449,source-training-image-standardised-patient-mean-coordinates
convnext_tiny,brset_to_mbrset_sizematched,brset,mbrset,0,sex,0.01,772,303,257,True,target_external,mean_variance,0.5834710919518846,1287,838,449,source-training-image-standardised-patient-mean-coordinates
convnext_tiny,brset_to_mbrset_sizematched,brset,mbrset,0,sex,0.01,772,303,257,True,target_external,coral,0.6160600857912837,1287,838,449,source-training-image-standardised-patient-mean-coordinates
convnext_tiny,brset_to_mbrset,brset,mbrset,0,age65,0.1,3390,1402,1110,False,source_internal,unaligned,0.9117335953734071,1149,677,472,source-training-image-standardised-patient-mean-coordinates
convnext_tiny,brset_to_mbrset,brset,mbrset,0,age65,0.1,3390,1402,1110,False,target_local_cv,target_local,0.8548079974611233,1284,736,548,source-training-image-standardised-patient-mean-coordinates
convnext_tiny,brset_to_mbrset,brset,mbrset,0,age65,0.1,3390,1402,1110,False,target_external,unaligned,0.570404236750238,1284,736,548,source-training-image-standardised-patient-mean-coordinates
convnext_tiny,brset_to_mbrset,brset,mbrset,0,age65,0.1,3390,1402,1110,False,target_external,mean_variance,0.5636677840368137,1284,736,548,source-training-image-standardised-patient-mean-coordinates
convnext_tiny,brset_to_mbrset,brset,mbrset,0,age65,0.1,3390,1402,1110,False,target_external,coral,0.5273375515709298,1284,736,548,source-training-image-standardised-patient-mean-coordinates
convnext_tiny,mbrset_to_brset,mbrset,brset,0,age65,0.1,770,323,256,False,source_internal,unaligned,0.8686427835364006,258,141,117,source-training-image-standardised-patient-mean-coordinates
convnext_tiny,mbrset_to_brset,mbrset,brset,0,age65,0.1,770,323,256,False,target_local_cv,target_local,0.9041125609367829,5649,3313,2336,source-training-image-standardised-patient-mean-coordinates
convnext_tiny,mbrset_to_brset,mbrset,brset,0,age65,0.1,770,323,256,False,target_external,unaligned,0.5844961628950295,5649,3313,2336,source-training-image-standardised-patient-mean-coordinates
convnext_tiny,mbrset_to_brset,mbrset,brset,0,age65,0.1,770,323,256,False,target_external,mean_variance,0.5639042853185252,5649,3313,2336,source-training-image-standardised-patient-mean-coordinates
convnext_tiny,mbrset_to_brset,mbrset,brset,0,age65,0.1,770,323,256,False,target_external,coral,0.5666769347816198,5649,3313,2336,source-training-image-standardised-patient-mean-coordinates
convnext_tiny,brset_to_mbrset_sizematched,brset,mbrset,0,age65,0.01,770,318,256,True,source_internal,unaligned,0.8858185414215255,1149,677,472,source-training-image-standardised-patient-mean-coordinates
convnext_tiny,brset_to_mbrset_sizematched,brset,mbrset,0,age65,0.01,770,318,256,True,target_local_cv,target_local,0.8465318549666773,1284,736,548,source-training-image-standardised-patient-mean-coordinates
convnext_tiny,brset_to_mbrset_sizematched,brset,mbrset,0,age65,0.01,770,318,256,True,target_external,unaligned,0.5677091597905427,1284,736,548,source-training-image-standardised-patient-mean-coordinates
convnext_tiny,brset_to_mbrset_sizematched,brset,mbrset,0,age65,0.01,770,318,256,True,target_external,mean_variance,0.5637892732465883,1284,736,548,source-training-image-standardised-patient-mean-coordinates
convnext_tiny,brset_to_mbrset_sizematched,brset,mbrset,0,age65,0.01,770,318,256,True,target_external,coral,0.5161580649000317,1284,736,548,source-training-image-standardised-patient-mean-coordinates
convnext_tiny,brset_to_mbrset,brset,mbrset,1,sex,0.1,5104,1991,1701,False,source_internal,unaligned,0.7267530212026919,1700,1063,637,source-training-image-standardised-patient-mean-coordinates
convnext_tiny,brset_to_mbrset,brset,mbrset,1,sex,0.1,5104,1991,1701,False,target_local_cv,target_local,0.7219198324571707,1287,838,449,source-training-image-standardised-patient-mean-coordinates
convnext_tiny,brset_to_mbrset,brset,mbrset,1,sex,0.1,5104,1991,1701,False,target_external,unaligned,0.5668018561534249,1287,838,449,source-training-image-standardised-patient-mean-coordinates
convnext_tiny,brset_to_mbrset,brset,mbrset,1,sex,0.1,5104,1991,1701,False,target_external,mean_variance,0.5822166469109291,1287,838,449,source-training-image-standardised-patient-mean-coordinates
convnext_tiny,brset_to_mbrset,brset,mbrset,1,sex,0.1,5104,1991,1701,False,target_external,coral,0.5988619632064891,1287,838,449,source-training-image-standardised-patient-mean-coordinates
convnext_tiny,mbrset_to_brset,mbrset,brset,1,sex,0.1,772,259,257,False,source_internal,unaligned,0.6647959183673469,258,160,98,source-training-image-standardised-patient-mean-coordinates
convnext_tiny,mbrset_to_brset,mbrset,brset,1,sex,0.1,772,259,257,False,target_local_cv,target_local,0.738707606045854,8505,5224,3281,source-training-image-standardised-patient-mean-coordinates
convnext_tiny,mbrset_to_brset,mbrset,brset,1,sex,0.1,772,259,257,False,target_external,unaligned,0.562424241292737,8505,5224,3281,source-training-image-standardised-patient-mean-coordinates
convnext_tiny,mbrset_to_brset,mbrset,brset,1,sex,0.1,772,259,257,False,target_external,mean_variance,0.5713056588749649,8505,5224,3281,source-training-image-standardised-patient-mean-coordinates
convnext_tiny,mbrset_to_brset,mbrset,brset,1,sex,0.1,772,259,257,False,target_external,coral,0.5709547242394724,8505,5224,3281,source-training-image-standardised-patient-mean-coordinates
convnext_tiny,brset_to_mbrset_sizematched,brset,mbrset,1,sex,0.1,772,301,257,True,source_internal,unaligned,0.6747291144549576,1700,1063,637,source-training-image-standardised-patient-mean-coordinates
convnext_tiny,brset_to_mbrset_sizematched,brset,mbrset,1,sex,0.1,772,301,257,True,target_local_cv,target_local,0.7219198324571707,1287,838,449,source-training-image-standardised-patient-mean-coordinates
convnext_tiny,brset_to_mbrset_sizematched,brset,mbrset,1,sex,0.1,772,301,257,True,target_external,unaligned,0.5341411038053271,1287,838,449,source-training-image-standardised-patient-mean-coordinates
convnext_tiny,brset_to_mbrset_sizematched,brset,mbrset,1,sex,0.1,772,301,257,True,target_external,mean_variance,0.5303804264050049,1287,838,449,source-training-image-standardised-patient-mean-coordinates
convnext_tiny,brset_to_mbrset_sizematched,brset,mbrset,1,sex,0.1,772,301,257,True,target_external,coral,0.5726063221903885,1287,838,449,source-training-image-standardised-patient-mean-coordinates
convnext_tiny,brset_to_mbrset,brset,mbrset,1,age65,0.1,3388,1390,1125,False,source_internal,unaligned,0.8982185437052108,1136,673,463,source-training-image-standardised-patient-mean-coordinates
convnext_tiny,brset_to_mbrset,brset,mbrset,1,age65,0.1,3388,1390,1125,False,target_local_cv,target_local,0.8550534552523009,1284,736,548,source-training-image-standardised-patient-mean-coordinates
convnext_tiny,brset_to_mbrset,brset,mbrset,1,age65,0.1,3388,1390,1125,False,target_external,unaligned,0.5314582672167566,1284,736,548,source-training-image-standardised-patient-mean-coordinates
convnext_tiny,brset_to_mbrset,brset,mbrset,1,age65,0.1,3388,1390,1125,False,target_external,mean_variance,0.5048744446207554,1284,736,548,source-training-image-standardised-patient-mean-coordinates
convnext_tiny,brset_to_mbrset,brset,mbrset,1,age65,0.1,3388,1390,1125,False,target_external,coral,0.5284383925737861,1284,736,548,source-training-image-standardised-patient-mean-coordinates
convnext_tiny,mbrset_to_brset,mbrset,brset,1,age65,0.01,770,327,256,False,source_internal,unaligned,0.7807795046138903,258,142,116,source-training-image-standardised-patient-mean-coordinates
convnext_tiny,mbrset_to_brset,mbrset,brset,1,age65,0.01,770,327,256,False,target_local_cv,target_local,0.8960560101550968,5649,3313,2336,source-training-image-standardised-patient-mean-coordinates
convnext_tiny,mbrset_to_brset,mbrset,brset,1,age65,0.01,770,327,256,False,target_external,unaligned,0.5075416375507031,5649,3313,2336,source-training-image-standardised-patient-mean-coordinates
convnext_tiny,mbrset_to_brset,mbrset,brset,1,age65,0.01,770,327,256,False,target_external,mean_variance,0.5085126721632092,5649,3313,2336,source-training-image-standardised-patient-mean-coordinates
convnext_tiny,mbrset_to_brset,mbrset,brset,1,age65,0.01,770,327,256,False,target_external,coral,0.5557320890307589,5649,3313,2336,source-training-image-standardised-patient-mean-coordinates
convnext_tiny,brset_to_mbrset_sizematched,brset,mbrset,1,age65,0.1,770,316,256,True,source_internal,unaligned,0.8787544247574607,1136,673,463,source-training-image-standardised-patient-mean-coordinates
convnext_tiny,brset_to_mbrset_sizematched,brset,mbrset,1,age65,0.1,770,316,256,True,target_local_cv,target_local,0.8550534552523009,1284,736,548,source-training-image-standardised-patient-mean-coordinates
convnext_tiny,brset_to_mbrset_sizematched,brset,mbrset,1,age65,0.1,770,316,256,True,target_external,unaligned,0.5694794311329736,1284,736,548,source-training-image-standardised-patient-mean-coordinates
convnext_tiny,brset_to_mbrset_sizematched,brset,mbrset,1,age65,0.1,770,316,256,True,target_external,mean_variance,0.5749092549984133,1284,736,548,source-training-image-standardised-patient-mean-coordinates
convnext_tiny,brset_to_mbrset_sizematched,brset,mbrset,1,age65,0.1,770,316,256,True,target_external,coral,0.541016244842907,1284,736,548,source-training-image-standardised-patient-mean-coordinates
convnext_tiny,brset_to_mbrset,brset,mbrset,2,sex,0.1,5104,1959,1700,False,source_internal,unaligned,0.7065201614073795,1701,1036,665,source-training-image-standardised-patient-mean-coordinates
convnext_tiny,brset_to_mbrset,brset,mbrset,2,sex,0.1,5104,1959,1700,False,target_local_cv,target_local,0.7212633749887045,1287,838,449,source-training-image-standardised-patient-mean-coordinates
convnext_tiny,brset_to_mbrset,brset,mbrset,2,sex,0.1,5104,1959,1700,False,target_external,unaligned,0.5554002264379607,1287,838,449,source-training-image-standardised-patient-mean-coordinates
convnext_tiny,brset_to_mbrset,brset,mbrset,2,sex,0.1,5104,1959,1700,False,target_external,mean_variance,0.5685559530327272,1287,838,449,source-training-image-standardised-patient-mean-coordinates
convnext_tiny,brset_to_mbrset,brset,mbrset,2,sex,0.1,5104,1959,1700,False,target_external,coral,0.6011981013230143,1287,838,449,source-training-image-standardised-patient-mean-coordinates
convnext_tiny,mbrset_to_brset,mbrset,brset,2,sex,0.1,772,265,257,False,source_internal,unaligned,0.6963617817069023,258,173,85,source-training-image-standardised-patient-mean-coordinates
convnext_tiny,mbrset_to_brset,mbrset,brset,2,sex,0.1,772,265,257,False,target_local_cv,target_local,0.7395738865891277,8505,5224,3281,source-training-image-standardised-patient-mean-coordinates
convnext_tiny,mbrset_to_brset,mbrset,brset,2,sex,0.1,772,265,257,False,target_external,unaligned,0.5563355982960038,8505,5224,3281,source-training-image-standardised-patient-mean-coordinates
convnext_tiny,mbrset_to_brset,mbrset,brset,2,sex,0.1,772,265,257,False,target_external,mean_variance,0.5675365100376057,8505,5224,3281,source-training-image-standardised-patient-mean-coordinates
convnext_tiny,mbrset_to_brset,mbrset,brset,2,sex,0.1,772,265,257,False,target_external,coral,0.5659085000511087,8505,5224,3281,source-training-image-standardised-patient-mean-coordinates
convnext_tiny,brset_to_mbrset_sizematched,brset,mbrset,2,sex,0.1,772,296,257,True,source_internal,unaligned,0.6658910790489738,1701,1036,665,source-training-image-standardised-patient-mean-coordinates
convnext_tiny,brset_to_mbrset_sizematched,brset,mbrset,2,sex,0.1,772,296,257,True,target_local_cv,target_local,0.7212633749887045,1287,838,449,source-training-image-standardised-patient-mean-coordinates
convnext_tiny,brset_to_mbrset_sizematched,brset,mbrset,2,sex,0.1,772,296,257,True,target_external,unaligned,0.5796466292104969,1287,838,449,source-training-image-standardised-patient-mean-coordinates
convnext_tiny,brset_to_mbrset_sizematched,brset,mbrset,2,sex,0.1,772,296,257,True,target_external,mean_variance,0.5876702935720323,1287,838,449,source-training-image-standardised-patient-mean-coordinates
convnext_tiny,brset_to_mbrset_sizematched,brset,mbrset,2,sex,0.1,772,296,257,True,target_external,coral,0.6020299684794106,1287,838,449,source-training-image-standardised-patient-mean-coordinates
convnext_tiny,brset_to_mbrset,brset,mbrset,2,age65,0.1,3406,1365,1138,False,source_internal,unaligned,0.9002051377686606,1105,623,482,source-training-image-standardised-patient-mean-coordinates
convnext_tiny,brset_to_mbrset,brset,mbrset,2,age65,0.1,3406,1365,1138,False,target_local_cv,target_local,0.8538137694382735,1284,736,548,source-training-image-standardised-patient-mean-coordinates
convnext_tiny,brset_to_mbrset,brset,mbrset,2,age65,0.1,3406,1365,1138,False,target_external,unaligned,0.5470485560139637,1284,736,548,source-training-image-standardised-patient-mean-coordinates
convnext_tiny,brset_to_mbrset,brset,mbrset,2,age65,0.1,3406,1365,1138,False,target_external,mean_variance,0.5377385155506188,1284,736,548,source-training-image-standardised-patient-mean-coordinates
convnext_tiny,brset_to_mbrset,brset,mbrset,2,age65,0.1,3406,1365,1138,False,target_external,coral,0.5467187995874325,1284,736,548,source-training-image-standardised-patient-mean-coordinates
convnext_tiny,mbrset_to_brset,mbrset,brset,2,age65,0.1,770,331,256,False,source_internal,unaligned,0.8610651467794326,258,147,111,source-training-image-standardised-patient-mean-coordinates
convnext_tiny,mbrset_to_brset,mbrset,brset,2,age65,0.1,770,331,256,False,target_local_cv,target_local,0.9049820342445078,5649,3313,2336,source-training-image-standardised-patient-mean-coordinates
convnext_tiny,mbrset_to_brset,mbrset,brset,2,age65,0.1,770,331,256,False,target_external,unaligned,0.5056593938779983,5649,3313,2336,source-training-image-standardised-patient-mean-coordinates
convnext_tiny,mbrset_to_brset,mbrset,brset,2,age65,0.1,770,331,256,False,target_external,mean_variance,0.4991092065710423,5649,3313,2336,source-training-image-standardised-patient-mean-coordinates
convnext_tiny,mbrset_to_brset,mbrset,brset,2,age65,0.1,770,331,256,False,target_external,coral,0.5551176819006901,5649,3313,2336,source-training-image-standardised-patient-mean-coordinates
convnext_tiny,brset_to_mbrset_sizematched,brset,mbrset,2,age65,0.1,770,309,256,True,source_internal,unaligned,0.8652151615459929,1105,623,482,source-training-image-standardised-patient-mean-coordinates
convnext_tiny,brset_to_mbrset_sizematched,brset,mbrset,2,age65,0.1,770,309,256,True,target_local_cv,target_local,0.8538137694382735,1284,736,548,source-training-image-standardised-patient-mean-coordinates
convnext_tiny,brset_to_mbrset_sizematched,brset,mbrset,2,age65,0.1,770,309,256,True,target_external,unaligned,0.5117423040304665,1284,736,548,source-training-image-standardised-patient-mean-coordinates
convnext_tiny,brset_to_mbrset_sizematched,brset,mbrset,2,age65,0.1,770,309,256,True,target_external,mean_variance,0.5133737305617265,1284,736,548,source-training-image-standardised-patient-mean-coordinates
convnext_tiny,brset_to_mbrset_sizematched,brset,mbrset,2,age65,0.1,770,309,256,True,target_external,coral,0.5357153483021263,1284,736,548,source-training-image-standardised-patient-mean-coordinates
convnext_tiny,brset_to_mbrset,brset,mbrset,3,sex,0.1,5105,1987,1699,False,source_internal,unaligned,0.7202202202202201,1701,1035,666,source-training-image-standardised-patient-mean-coordinates
convnext_tiny,brset_to_mbrset,brset,mbrset,3,sex,0.1,5105,1987,1699,False,target_local_cv,target_local,0.7247423337993207,1287,838,449,source-training-image-standardised-patient-mean-coordinates
convnext_tiny,brset_to_mbrset,brset,mbrset,3,sex,0.1,5105,1987,1699,False,target_external,unaligned,0.589783182994828,1287,838,449,source-training-image-standardised-patient-mean-coordinates
convnext_tiny,brset_to_mbrset,brset,mbrset,3,sex,0.1,5105,1987,1699,False,target_external,mean_variance,0.588698832196714,1287,838,449,source-training-image-standardised-patient-mean-coordinates
convnext_tiny,brset_to_mbrset,brset,mbrset,3,sex,0.1,5105,1987,1699,False,target_external,coral,0.6035395548846283,1287,838,449,source-training-image-standardised-patient-mean-coordinates
convnext_tiny,mbrset_to_brset,mbrset,brset,3,sex,1.0,772,281,257,False,source_internal,unaligned,0.713719163809908,258,171,87,source-training-image-standardised-patient-mean-coordinates
convnext_tiny,mbrset_to_brset,mbrset,brset,3,sex,1.0,772,281,257,False,target_local_cv,target_local,0.7322126606714701,8505,5224,3281,source-training-image-standardised-patient-mean-coordinates
convnext_tiny,mbrset_to_brset,mbrset,brset,3,sex,1.0,772,281,257,False,target_external,unaligned,0.5570068373618957,8505,5224,3281,source-training-image-standardised-patient-mean-coordinates
convnext_tiny,mbrset_to_brset,mbrset,brset,3,sex,1.0,772,281,257,False,target_external,mean_variance,0.5678426954020387,8505,5224,3281,source-training-image-standardised-patient-mean-coordinates
convnext_tiny,mbrset_to_brset,mbrset,brset,3,sex,1.0,772,281,257,False,target_external,coral,0.55557970317756,8505,5224,3281,source-training-image-standardised-patient-mean-coordinates
convnext_tiny,brset_to_mbrset_sizematched,brset,mbrset,3,sex,0.01,772,300,257,True,source_internal,unaligned,0.6512352932642789,1701,1035,666,source-training-image-standardised-patient-mean-coordinates
convnext_tiny,brset_to_mbrset_sizematched,brset,mbrset,3,sex,0.01,772,300,257,True,target_local_cv,target_local,0.7009185089113438,1287,838,449,source-training-image-standardised-patient-mean-coordinates
convnext_tiny,brset_to_mbrset_sizematched,brset,mbrset,3,sex,0.01,772,300,257,True,target_external,unaligned,0.5512887296617782,1287,838,449,source-training-image-standardised-patient-mean-coordinates
convnext_tiny,brset_to_mbrset_sizematched,brset,mbrset,3,sex,0.01,772,300,257,True,target_external,mean_variance,0.5519159521822561,1287,838,449,source-training-image-standardised-patient-mean-coordinates
convnext_tiny,brset_to_mbrset_sizematched,brset,mbrset,3,sex,0.01,772,300,257,True,target_external,coral,0.579580186146887,1287,838,449,source-training-image-standardised-patient-mean-coordinates
convnext_tiny,brset_to_mbrset,brset,mbrset,3,age65,0.1,3354,1379,1119,False,source_internal,unaligned,0.8871348180076628,1176,696,480,source-training-image-standardised-patient-mean-coordinates
convnext_tiny,brset_to_mbrset,brset,mbrset,3,age65,0.1,3354,1379,1119,False,target_local_cv,target_local,0.8573096834338305,1284,736,548,source-training-image-standardised-patient-mean-coordinates
convnext_tiny,brset_to_mbrset,brset,mbrset,3,age65,0.1,3354,1379,1119,False,target_external,unaligned,0.6000128927324659,1284,736,548,source-training-image-standardised-patient-mean-coordinates
convnext_tiny,brset_to_mbrset,brset,mbrset,3,age65,0.1,3354,1379,1119,False,target_external,mean_variance,0.5911565772770548,1284,736,548,source-training-image-standardised-patient-mean-coordinates
convnext_tiny,brset_to_mbrset,brset,mbrset,3,age65,0.1,3354,1379,1119,False,target_external,coral,0.5331467192954618,1284,736,548,source-training-image-standardised-patient-mean-coordinates
convnext_tiny,mbrset_to_brset,mbrset,brset,3,age65,0.01,770,320,256,False,source_internal,unaligned,0.8045289855072464,258,138,120,source-training-image-standardised-patient-mean-coordinates
convnext_tiny,mbrset_to_brset,mbrset,brset,3,age65,0.01,770,320,256,False,target_local_cv,target_local,0.8966739060322764,5649,3313,2336,source-training-image-standardised-patient-mean-coordinates
convnext_tiny,mbrset_to_brset,mbrset,brset,3,age65,0.01,770,320,256,False,target_external,unaligned,0.5709015491070875,5649,3313,2336,source-training-image-standardised-patient-mean-coordinates
convnext_tiny,mbrset_to_brset,mbrset,brset,3,age65,0.01,770,320,256,False,target_external,mean_variance,0.5648194999772586,5649,3313,2336,source-training-image-standardised-patient-mean-coordinates
convnext_tiny,mbrset_to_brset,mbrset,brset,3,age65,0.01,770,320,256,False,target_external,coral,0.5437089619969485,5649,3313,2336,source-training-image-standardised-patient-mean-coordinates
convnext_tiny,brset_to_mbrset_sizematched,brset,mbrset,3,age65,0.01,770,317,256,True,source_internal,unaligned,0.860290948275862,1176,696,480,source-training-image-standardised-patient-mean-coordinates
convnext_tiny,brset_to_mbrset_sizematched,brset,mbrset,3,age65,0.01,770,317,256,True,target_local_cv,target_local,0.8482500595049189,1284,736,548,source-training-image-standardised-patient-mean-coordinates
convnext_tiny,brset_to_mbrset_sizematched,brset,mbrset,3,age65,0.01,770,317,256,True,target_external,unaligned,0.6115692438908282,1284,736,548,source-training-image-standardised-patient-mean-coordinates
convnext_tiny,brset_to_mbrset_sizematched,brset,mbrset,3,age65,0.01,770,317,256,True,target_external,mean_variance,0.6014385314185973,1284,736,548,source-training-image-standardised-patient-mean-coordinates
convnext_tiny,brset_to_mbrset_sizematched,brset,mbrset,3,age65,0.01,770,317,256,True,target_external,coral,0.5228622857822913,1284,736,548,source-training-image-standardised-patient-mean-coordinates
convnext_tiny,brset_to_mbrset,brset,mbrset,4,sex,0.1,5102,1965,1702,False,source_internal,unaligned,0.7313348383210418,1701,1049,652,source-training-image-standardised-patient-mean-coordinates
convnext_tiny,brset_to_mbrset,brset,mbrset,4,sex,0.1,5102,1965,1702,False,target_local_cv,target_local,0.7163040647208594,1287,838,449,source-training-image-standardised-patient-mean-coordinates
convnext_tiny,brset_to_mbrset,brset,mbrset,4,sex,0.1,5102,1965,1702,False,target_external,unaligned,0.5649361349272581,1287,838,449,source-training-image-standardised-patient-mean-coordinates
convnext_tiny,brset_to_mbrset,brset,mbrset,4,sex,0.1,5102,1965,1702,False,target_external,mean_variance,0.5820438949455433,1287,838,449,source-training-image-standardised-patient-mean-coordinates
convnext_tiny,brset_to_mbrset,brset,mbrset,4,sex,0.1,5102,1965,1702,False,target_external,coral,0.5987955201428792,1287,838,449,source-training-image-standardised-patient-mean-coordinates
convnext_tiny,mbrset_to_brset,mbrset,brset,4,sex,10.0,772,280,257,False,source_internal,unaligned,0.648881239242685,258,175,83,source-training-image-standardised-patient-mean-coordinates
convnext_tiny,mbrset_to_brset,mbrset,brset,4,sex,10.0,772,280,257,False,target_local_cv,target_local,0.728663057475567,8505,5224,3281,source-training-image-standardised-patient-mean-coordinates
convnext_tiny,mbrset_to_brset,mbrset,brset,4,sex,10.0,772,280,257,False,target_external,unaligned,0.5319551802502972,8505,5224,3281,source-training-image-standardised-patient-mean-coordinates
convnext_tiny,mbrset_to_brset,mbrset,brset,4,sex,10.0,772,280,257,False,target_external,mean_variance,0.5339653676814813,8505,5224,3281,source-training-image-standardised-patient-mean-coordinates
convnext_tiny,mbrset_to_brset,mbrset,brset,4,sex,10.0,772,280,257,False,target_external,coral,0.5482641016796788,8505,5224,3281,source-training-image-standardised-patient-mean-coordinates
convnext_tiny,brset_to_mbrset_sizematched,brset,mbrset,4,sex,1.0,772,297,257,True,source_internal,unaligned,0.6478211793879067,1701,1049,652,source-training-image-standardised-patient-mean-coordinates
convnext_tiny,brset_to_mbrset_sizematched,brset,mbrset,4,sex,1.0,772,297,257,True,target_local_cv,target_local,0.708647166070451,1287,838,449,source-training-image-standardised-patient-mean-coordinates
convnext_tiny,brset_to_mbrset_sizematched,brset,mbrset,4,sex,1.0,772,297,257,True,target_external,unaligned,0.5549803062759461,1287,838,449,source-training-image-standardised-patient-mean-coordinates
convnext_tiny,brset_to_mbrset_sizematched,brset,mbrset,4,sex,1.0,772,297,257,True,target_external,mean_variance,0.5454497132317375,1287,838,449,source-training-image-standardised-patient-mean-coordinates
convnext_tiny,brset_to_mbrset_sizematched,brset,mbrset,4,sex,1.0,772,297,257,True,target_external,coral,0.5558307774901532,1287,838,449,source-training-image-standardised-patient-mean-coordinates
convnext_tiny,brset_to_mbrset,brset,mbrset,4,age65,0.1,3403,1405,1100,False,source_internal,unaligned,0.8957641963818459,1146,669,477,source-training-image-standardised-patient-mean-coordinates
convnext_tiny,brset_to_mbrset,brset,mbrset,4,age65,0.1,3403,1405,1100,False,target_local_cv,target_local,0.8569179427165978,1284,736,548,source-training-image-standardised-patient-mean-coordinates
convnext_tiny,brset_to_mbrset,brset,mbrset,4,age65,0.1,3403,1405,1100,False,target_external,unaligned,0.55677761028245,1284,736,548,source-training-image-standardised-patient-mean-coordinates
convnext_tiny,brset_to_mbrset,brset,mbrset,4,age65,0.1,3403,1405,1100,False,target_external,mean_variance,0.5418765867978419,1284,736,548,source-training-image-standardised-patient-mean-coordinates
convnext_tiny,brset_to_mbrset,brset,mbrset,4,age65,0.1,3403,1405,1100,False,target_external,coral,0.5338335052364329,1284,736,548,source-training-image-standardised-patient-mean-coordinates
convnext_tiny,mbrset_to_brset,mbrset,brset,4,age65,0.1,770,332,257,False,source_internal,unaligned,0.8425516224188792,257,144,113,source-training-image-standardised-patient-mean-coordinates
convnext_tiny,mbrset_to_brset,mbrset,brset,4,age65,0.1,770,332,257,False,target_local_cv,target_local,0.9052925327373691,5649,3313,2336,source-training-image-standardised-patient-mean-coordinates
convnext_tiny,mbrset_to_brset,mbrset,brset,4,age65,0.1,770,332,257,False,target_external,unaligned,0.588377587875079,5649,3313,2336,source-training-image-standardised-patient-mean-coordinates
convnext_tiny,mbrset_to_brset,mbrset,brset,4,age65,0.1,770,332,257,False,target_external,mean_variance,0.5965802783968509,5649,3313,2336,source-training-image-standardised-patient-mean-coordinates
convnext_tiny,mbrset_to_brset,mbrset,brset,4,age65,0.1,770,332,257,False,target_external,coral,0.5620367719113992,5649,3313,2336,source-training-image-standardised-patient-mean-coordinates
convnext_tiny,brset_to_mbrset_sizematched,brset,mbrset,4,age65,0.1,770,318,257,True,source_internal,unaligned,0.8564333010563655,1146,669,477,source-training-image-standardised-patient-mean-coordinates
convnext_tiny,brset_to_mbrset_sizematched,brset,mbrset,4,age65,0.1,770,318,257,True,target_local_cv,target_local,0.8569179427165978,1284,736,548,source-training-image-standardised-patient-mean-coordinates
convnext_tiny,brset_to_mbrset_sizematched,brset,mbrset,4,age65,0.1,770,318,257,True,target_external,unaligned,0.5818812480165028,1284,736,548,source-training-image-standardised-patient-mean-coordinates
convnext_tiny,brset_to_mbrset_sizematched,brset,mbrset,4,age65,0.1,770,318,257,True,target_external,mean_variance,0.5940475245953666,1284,736,548,source-training-image-standardised-patient-mean-coordinates
convnext_tiny,brset_to_mbrset_sizematched,brset,mbrset,4,age65,0.1,770,318,257,True,target_external,coral,0.5361368414788956,1284,736,548,source-training-image-standardised-patient-mean-coordinates
