backbone,direction,source,target,attribute,evaluation,method,value,n_splits,mean,sd,minimum,maximum
vits16,brset_to_mbrset,brset,mbrset,sex,source_internal,unaligned,auroc,5,0.7576388481359194,0.01245131673527151,0.7454149801975889,0.7737767791422927
vits16,brset_to_mbrset,brset,mbrset,sex,target_local_cv,target_local,auroc,5,0.7386576374972758,0.004352237701617256,0.7336669661034065,0.7430832770782061
vits16,brset_to_mbrset,brset,mbrset,sex,target_external,unaligned,auroc,5,0.6362045595887972,0.015314344863974188,0.6202964955270529,0.6549585129510819
vits16,brset_to_mbrset,brset,mbrset,sex,target_external,mean_variance,auroc,5,0.6306663973507822,0.015659637209762513,0.6116376354774068,0.6473175606359399
vits16,brset_to_mbrset,brset,mbrset,sex,target_external,coral,auroc,5,0.6216572494697844,0.006296710387876428,0.6127140131078876,0.629000536859954
vits16,brset_to_mbrset,brset,mbrset,sex,target_external,subspace,auroc,5,0.49358904167840495,0.035015821133325895,0.44156731213888195,0.5274170657680021
vits16,brset_to_mbrset,brset,mbrset,sex,target_external,ot_gaussian,auroc,5,0.6202555665998692,0.006674331275809228,0.6118289915006033,0.6291387384322626
vits16,brset_to_mbrset,brset,mbrset,sex,target_external,ot_entropic,auroc,5,0.5940971982288936,0.008429757855658956,0.5835827162987492,0.6042013277981831
vits16,mbrset_to_brset,mbrset,brset,sex,source_internal,unaligned,auroc,5,0.6943266076569814,0.03153522350977723,0.6623724489795917,0.7416145728305438
vits16,mbrset_to_brset,mbrset,brset,sex,target_local_cv,target_local,auroc,5,0.7613658714404201,0.002497485568961679,0.7576909236109522,0.7635135213977362
vits16,mbrset_to_brset,mbrset,brset,sex,target_external,unaligned,auroc,5,0.5963028117244724,0.022821959868768178,0.5629569151451137,0.6194438558259
vits16,mbrset_to_brset,mbrset,brset,sex,target_external,mean_variance,auroc,5,0.6003117279729736,0.018059372823539387,0.5760233522349898,0.6230444510203768
vits16,mbrset_to_brset,mbrset,brset,sex,target_external,coral,auroc,5,0.5890013409612073,0.009233015337336276,0.5807009054405312,0.5991877803101341
vits16,mbrset_to_brset,mbrset,brset,sex,target_external,subspace,auroc,5,0.4865390925431262,0.03977966793924147,0.4331124419076282,0.5399498388092749
vits16,mbrset_to_brset,mbrset,brset,sex,target_external,ot_gaussian,auroc,5,0.5945104371402847,0.007250479263853647,0.5882378612205501,0.6034720416822832
vits16,mbrset_to_brset,mbrset,brset,sex,target_external,ot_entropic,auroc,5,0.5624274501713659,0.002378471144889458,0.5591374160849067,0.5652982880224113
vits16,brset_to_mbrset_sizematched,brset,mbrset,sex,source_internal,unaligned,auroc,5,0.703200744596221,0.017286583631740505,0.6817197433738788,0.727850307984349
vits16,brset_to_mbrset_sizematched,brset,mbrset,sex,target_local_cv,target_local,auroc,5,0.7377683635339205,0.0031516714600213287,0.7346423502772004,0.7430832770782061
vits16,brset_to_mbrset_sizematched,brset,mbrset,sex,target_external,unaligned,auroc,5,0.5884649526128071,0.02279200214202061,0.5546852990735178,0.6127724830038643
vits16,brset_to_mbrset_sizematched,brset,mbrset,sex,target_external,mean_variance,auroc,5,0.5863626940801888,0.02137372154767846,0.5519584757429664,0.606896258458202
vits16,brset_to_mbrset_sizematched,brset,mbrset,sex,target_external,coral,auroc,5,0.592375525564633,0.02009020732707316,0.5609654974459286,0.6163338312133566
vits16,brset_to_mbrset_sizematched,brset,mbrset,sex,target_external,subspace,auroc,5,0.4908382988449538,0.02268611946824372,0.45762792947467457,0.5177535865965737
vits16,brset_to_mbrset_sizematched,brset,mbrset,sex,target_external,ot_gaussian,auroc,5,0.5935380134055526,0.020837276405567193,0.5628870308455278,0.6211974634696036
vits16,brset_to_mbrset_sizematched,brset,mbrset,sex,target_external,ot_entropic,auroc,5,0.5786739027592475,0.023640984476474596,0.5493911157650786,0.6149013187619266
vits16,brset_to_mbrset,brset,mbrset,age65,source_internal,unaligned,auroc,5,0.9102537365049604,0.007229951889649662,0.9019875478927204,0.9215037678692135
vits16,brset_to_mbrset,brset,mbrset,age65,target_local_cv,target_local,auroc,5,0.8697115003173597,0.005685245908232411,0.8607411337670582,0.875133886067915
vits16,brset_to_mbrset,brset,mbrset,age65,target_external,unaligned,auroc,5,0.6327376229768328,0.02306744734041093,0.6036377340526816,0.6581814304982545
vits16,brset_to_mbrset,brset,mbrset,age65,target_external,mean_variance,auroc,5,0.59333197794351,0.03182210826493633,0.5433989209774674,0.6292174111393208
vits16,brset_to_mbrset,brset,mbrset,age65,target_external,coral,auroc,5,0.6024585449063788,0.0049743667637642324,0.5942681886702634,0.6064443827356394
vits16,brset_to_mbrset,brset,mbrset,age65,target_external,subspace,auroc,5,0.5059088384639796,0.1372960868860733,0.35482535306251983,0.6372778483021262
vits16,brset_to_mbrset,brset,mbrset,age65,target_external,ot_gaussian,auroc,5,0.6038440177721358,0.006235093778714873,0.594064880196763,0.6105502221516977
vits16,brset_to_mbrset,brset,mbrset,age65,target_external,ot_entropic,auroc,5,0.6207493652808631,0.004085598440803573,0.614780030149159,0.6253173595683911
vits16,mbrset_to_brset,mbrset,brset,age65,source_internal,unaligned,auroc,5,0.8505197129392569,0.03469310242118346,0.8115590092277806,0.8868664582950297
vits16,mbrset_to_brset,mbrset,brset,age65,target_local_cv,target_local,auroc,5,0.9144174929398096,0.001760105776657073,0.9124502788930283,0.9160613905784188
vits16,mbrset_to_brset,mbrset,brset,age65,target_external,unaligned,auroc,5,0.6684597362403814,0.03094495542942214,0.622990223238467,0.7006636889133302
vits16,mbrset_to_brset,mbrset,brset,age65,target_external,mean_variance,auroc,5,0.6762750983051409,0.031166656942742274,0.633624053645043,0.713898574110292
vits16,mbrset_to_brset,mbrset,brset,age65,target_external,coral,auroc,5,0.627782547167861,0.010315201041105653,0.6162119752407493,0.6424318479712547
vits16,mbrset_to_brset,mbrset,brset,age65,target_external,subspace,auroc,5,0.6295316240712181,0.060598570955692474,0.5419747962571688,0.6935078809505105
vits16,mbrset_to_brset,mbrset,brset,age65,target_external,ot_gaussian,auroc,5,0.6479205258239646,0.013959698744616883,0.6349307832573217,0.6659335990638787
vits16,mbrset_to_brset,mbrset,brset,age65,target_external,ot_entropic,auroc,5,0.6746409562371561,0.019664490375603475,0.6545907777166745,0.7045984141964614
vits16,brset_to_mbrset_sizematched,brset,mbrset,age65,source_internal,unaligned,auroc,5,0.8916513285730922,0.008420692142873063,0.8827227011494253,0.9023984177452871
vits16,brset_to_mbrset_sizematched,brset,mbrset,age65,target_local_cv,target_local,auroc,5,0.8687633886067916,0.0019181321735920777,0.8657494644557283,0.8704850642653126
vits16,brset_to_mbrset_sizematched,brset,mbrset,age65,target_external,unaligned,auroc,5,0.6325179506505871,0.04600977944675568,0.587801987464297,0.6916603855918756
vits16,brset_to_mbrset_sizematched,brset,mbrset,age65,target_external,mean_variance,auroc,5,0.6322685258648049,0.04388276657383643,0.5905540899714377,0.6922628728974928
vits16,brset_to_mbrset_sizematched,brset,mbrset,age65,target_external,coral,auroc,5,0.6025641661377341,0.020687506693725394,0.5737563471913678,0.6308389201840686
vits16,brset_to_mbrset_sizematched,brset,mbrset,age65,target_external,subspace,auroc,5,0.5037235203110123,0.15884292561136787,0.3334085409393843,0.6782841756585211
vits16,brset_to_mbrset_sizematched,brset,mbrset,age65,target_external,ot_gaussian,auroc,5,0.6036927761028245,0.027444729532294418,0.5652149119327198,0.6414605482386544
vits16,brset_to_mbrset_sizematched,brset,mbrset,age65,target_external,ot_entropic,auroc,5,0.6161367423040305,0.02450196504227345,0.5794241907331006,0.6478920382418281
convnext_tiny,brset_to_mbrset,brset,mbrset,sex,source_internal,unaligned,auroc,5,0.7242185231978591,0.011525912106770673,0.7065201614073795,0.7362643748379618
convnext_tiny,brset_to_mbrset,brset,mbrset,sex,target_local_cv,target_local,auroc,5,0.7217353865125896,0.003396778716538136,0.7163040647208594,0.7247423337993207
convnext_tiny,brset_to_mbrset,brset,mbrset,sex,target_external,unaligned,auroc,5,0.5617718504658987,0.020920166536200498,0.5319378518160218,0.589783182994828
convnext_tiny,brset_to_mbrset,brset,mbrset,sex,target_external,mean_variance,auroc,5,0.5737278811041243,0.016582036697878246,0.5471240784347078,0.588698832196714
convnext_tiny,brset_to_mbrset,brset,mbrset,sex,target_external,coral,auroc,5,0.5979115616246127,0.006318603467878924,0.5871626685660524,0.6035395548846283
convnext_tiny,brset_to_mbrset,brset,mbrset,sex,target_external,subspace,auroc,5,0.48738166490371065,0.04287457215780638,0.44880429062727567,0.5604844496653927
convnext_tiny,brset_to_mbrset,brset,mbrset,sex,target_external,ot_gaussian,auroc,5,0.597799405733239,0.005987042084311262,0.5881247641271242,0.6040498376131525
convnext_tiny,brset_to_mbrset,brset,mbrset,sex,target_external,ot_entropic,auroc,5,0.5604988013671324,0.007584379663422807,0.5482961340767869,0.5686330269865147
convnext_tiny,mbrset_to_brset,mbrset,brset,sex,source_internal,unaligned,auroc,5,0.6850878136922584,0.02713331114619561,0.648881239242685,0.713719163809908
convnext_tiny,mbrset_to_brset,mbrset,brset,sex,target_local_cv,target_local,auroc,5,0.7357276779900798,0.005000656773481902,0.728663057475567,0.7395738865891277
convnext_tiny,mbrset_to_brset,mbrset,brset,sex,target_external,unaligned,auroc,5,0.5528033463819952,0.011932566362680664,0.5319551802502972,0.562424241292737
convnext_tiny,mbrset_to_brset,mbrset,brset,sex,target_external,mean_variance,auroc,5,0.560731219425221,0.01525031699026578,0.5339653676814813,0.5713056588749649
convnext_tiny,mbrset_to_brset,mbrset,brset,sex,target_external,coral,auroc,5,0.5614707259253588,0.0092944716577883,0.5482641016796788,0.5709547242394724
convnext_tiny,mbrset_to_brset,mbrset,brset,sex,target_external,subspace,auroc,5,0.49512287788104786,0.009175289402895588,0.4840792945414524,0.5048307042310056
convnext_tiny,mbrset_to_brset,mbrset,brset,sex,target_external,ot_gaussian,auroc,5,0.5654537377718387,0.010323647019935022,0.5532082251843997,0.5744107448659108
convnext_tiny,mbrset_to_brset,mbrset,brset,sex,target_external,ot_entropic,auroc,5,0.5427708048521046,0.005539571369623003,0.5341322001985538,0.5480722690809259
convnext_tiny,brset_to_mbrset_sizematched,brset,mbrset,sex,source_internal,unaligned,auroc,5,0.6664549819472848,0.018242168905282335,0.6478211793879067,0.6925982435803069
convnext_tiny,brset_to_mbrset_sizematched,brset,mbrset,sex,target_local_cv,target_local,auroc,5,0.7106510888689265,0.01050304057211233,0.7005065619169621,0.7219198324571707
convnext_tiny,brset_to_mbrset_sizematched,brset,mbrset,sex,target_external,unaligned,auroc,5,0.5622332310996061,0.02290531288360457,0.5341411038053271,0.5911093865444823
convnext_tiny,brset_to_mbrset_sizematched,brset,mbrset,sex,target_external,mean_variance,auroc,5,0.559777495468583,0.024852925263192566,0.5303804264050049,0.5876702935720323
convnext_tiny,brset_to_mbrset_sizematched,brset,mbrset,sex,target_external,coral,auroc,5,0.5852214680196246,0.02391821841731133,0.5558307774901532,0.6160600857912837
convnext_tiny,brset_to_mbrset_sizematched,brset,mbrset,sex,target_external,subspace,auroc,5,0.4996614061478438,0.02951093733292995,0.48071290749530915,0.5520328919742095
convnext_tiny,brset_to_mbrset_sizematched,brset,mbrset,sex,target_external,ot_gaussian,auroc,5,0.5840844943151315,0.02801617577148398,0.5542467748536924,0.6226751572042886
convnext_tiny,brset_to_mbrset_sizematched,brset,mbrset,sex,target_external,ot_entropic,auroc,5,0.5517931654007049,0.030202232551314847,0.5235447640208153,0.5920661666604653
convnext_tiny,brset_to_mbrset,brset,mbrset,age65,source_internal,unaligned,auroc,5,0.8986112582473573,0.00886996124753482,0.8871348180076628,0.9117335953734071
convnext_tiny,brset_to_mbrset,brset,mbrset,age65,target_local_cv,target_local,auroc,5,0.8555805696604253,0.0014811061373293086,0.8538137694382735,0.8573096834338305
convnext_tiny,brset_to_mbrset,brset,mbrset,age65,target_external,unaligned,auroc,5,0.5611403125991747,0.025959258320206888,0.5314582672167566,0.6000128927324659
convnext_tiny,brset_to_mbrset,brset,mbrset,age65,target_external,mean_variance,auroc,5,0.5478627816566168,0.032056525285982684,0.5048744446207554,0.5911565772770548
convnext_tiny,brset_to_mbrset,brset,mbrset,age65,target_external,coral,auroc,5,0.5338949936528087,0.007710191890946877,0.5273375515709298,0.5467187995874325
convnext_tiny,brset_to_mbrset,brset,mbrset,age65,target_external,subspace,auroc,5,0.6309014003490956,0.07400154838910868,0.547420461758172,0.7119044549349413
convnext_tiny,brset_to_mbrset,brset,mbrset,age65,target_external,ot_gaussian,auroc,5,0.5311780982227864,0.007859897250458,0.5244416455093621,0.5443187678514757
convnext_tiny,brset_to_mbrset,brset,mbrset,age65,target_external,ot_entropic,auroc,5,0.520120100761663,0.00821760151108873,0.5085959814344653,0.5298466756585212
convnext_tiny,mbrset_to_brset,mbrset,brset,age65,source_internal,unaligned,auroc,5,0.8315136085711698,0.0376690389445544,0.7807795046138903,0.8686427835364006
convnext_tiny,mbrset_to_brset,mbrset,brset,age65,target_local_cv,target_local,auroc,5,0.9014234088212068,0.004643065233918973,0.8960560101550968,0.9052925327373691
convnext_tiny,mbrset_to_brset,mbrset,brset,age65,target_external,unaligned,auroc,5,0.5513952662611794,0.04140883756551926,0.5056593938779983,0.588377587875079
convnext_tiny,mbrset_to_brset,mbrset,brset,age65,target_external,mean_variance,auroc,5,0.5465851884853772,0.04133834661602729,0.4991092065710423,0.5965802783968509
convnext_tiny,mbrset_to_brset,mbrset,brset,age65,target_external,coral,auroc,5,0.5566544879242833,0.008663395061035889,0.5437089619969485,0.5666769347816198
convnext_tiny,mbrset_to_brset,mbrset,brset,age65,target_external,subspace,auroc,5,0.5589777092317935,0.1630277664335685,0.35127380617658127,0.7445120715818548
convnext_tiny,mbrset_to_brset,mbrset,brset,age65,target_external,ot_gaussian,auroc,5,0.5609363952300817,0.009437752285303637,0.5450363656661801,0.5688833735099172
convnext_tiny,mbrset_to_brset,mbrset,brset,age65,target_external,ot_entropic,auroc,5,0.5971128679465286,0.012539835703901714,0.5820169558278099,0.6137420714991586
convnext_tiny,brset_to_mbrset_sizematched,brset,mbrset,age65,source_internal,unaligned,auroc,5,0.8693024754114413,0.012506490189302544,0.8564333010563655,0.8858185414215255
convnext_tiny,brset_to_mbrset_sizematched,brset,mbrset,age65,target_local_cv,target_local,auroc,5,0.8521134163757538,0.004491599285538835,0.8465318549666773,0.8569179427165978
convnext_tiny,brset_to_mbrset_sizematched,brset,mbrset,age65,target_external,unaligned,auroc,5,0.5684762773722628,0.03625270858619602,0.5117423040304665,0.6115692438908282
convnext_tiny,brset_to_mbrset_sizematched,brset,mbrset,age65,target_external,mean_variance,auroc,5,0.5695116629641384,0.034765933877723074,0.5133737305617265,0.6014385314185973
convnext_tiny,brset_to_mbrset_sizematched,brset,mbrset,age65,target_external,coral,auroc,5,0.5303777570612503,0.010410527238922383,0.5161580649000317,0.541016244842907
convnext_tiny,brset_to_mbrset_sizematched,brset,mbrset,age65,target_external,subspace,auroc,5,0.631645211837512,0.07130693596734168,0.5482882418279911,0.7125614884163758
convnext_tiny,brset_to_mbrset_sizematched,brset,mbrset,age65,target_external,ot_gaussian,auroc,5,0.5272274674706442,0.01420412515527917,0.5084447397651539,0.542922881624881
convnext_tiny,brset_to_mbrset_sizematched,brset,mbrset,age65,target_external,ot_entropic,auroc,5,0.5301298198984449,0.02588489701854384,0.4943519914312917,0.563139677880038
