backbone,direction,source,target,split_index,attribute,best_C,source_train_n,source_train_positive,source_validation_n,size_capped,method,target_local_auroc,external_auroc,transport_penalty,n,n_negative,n_positive,coordinate_space
vits16,brset_to_mbrset,brset,mbrset,0,sex,0.01,5104,2003,1700,False,unaligned,0.7336669661034065,0.6202964955270529,0.11337047057635363,1287,838,449,source-training-image-standardised-patient-mean-coordinates
vits16,brset_to_mbrset,brset,mbrset,0,sex,0.01,5104,2003,1700,False,mean_variance,0.7336669661034065,0.6116376354774068,0.12202933062599974,1287,838,449,source-training-image-standardised-patient-mean-coordinates
vits16,brset_to_mbrset,brset,mbrset,0,sex,0.01,5104,2003,1700,False,coral,0.7336669661034065,0.6127140131078876,0.12095295299551889,1287,838,449,source-training-image-standardised-patient-mean-coordinates
vits16,brset_to_mbrset,brset,mbrset,0,sex,0.01,5104,2003,1700,False,subspace,0.7336669661034065,0.5133949216237622,0.22027204447964432,1287,838,449,source-training-image-standardised-patient-mean-coordinates
vits16,brset_to_mbrset,brset,mbrset,0,sex,0.01,5104,2003,1700,False,ot_gaussian,0.7336669661034065,0.6118289915006033,0.12183797460280321,1287,838,449,source-training-image-standardised-patient-mean-coordinates
vits16,brset_to_mbrset,brset,mbrset,0,sex,0.01,5104,2003,1700,False,ot_entropic,0.7336669661034065,0.5835827162987492,0.1500842498046573,1287,838,449,source-training-image-standardised-patient-mean-coordinates
vits16,mbrset_to_brset,mbrset,brset,0,sex,0.01,772,266,257,False,unaligned,0.7576909236109522,0.5834205759365375,0.17427034767441474,8505,5224,3281,source-training-image-standardised-patient-mean-coordinates
vits16,mbrset_to_brset,mbrset,brset,0,sex,0.01,772,266,257,False,mean_variance,0.7576909236109522,0.589373045792915,0.1683178778180372,8505,5224,3281,source-training-image-standardised-patient-mean-coordinates
vits16,mbrset_to_brset,mbrset,brset,0,sex,0.01,772,266,257,False,coral,0.7576909236109522,0.5807009054405312,0.17699001817042104,8505,5224,3281,source-training-image-standardised-patient-mean-coordinates
vits16,mbrset_to_brset,mbrset,brset,0,sex,0.01,772,266,257,False,subspace,0.7576909236109522,0.5066632073010273,0.25102771630992493,8505,5224,3281,source-training-image-standardised-patient-mean-coordinates
vits16,mbrset_to_brset,mbrset,brset,0,sex,0.01,772,266,257,False,ot_gaussian,0.7576909236109522,0.5908077645994643,0.16688315901148798,8505,5224,3281,source-training-image-standardised-patient-mean-coordinates
vits16,mbrset_to_brset,mbrset,brset,0,sex,0.01,772,266,257,False,ot_entropic,0.7576909236109522,0.5652982880224113,0.19239263558854092,8505,5224,3281,source-training-image-standardised-patient-mean-coordinates
vits16,brset_to_mbrset_sizematched,brset,mbrset,0,sex,0.1,772,303,257,True,unaligned,0.7372602069834318,0.6127724830038643,0.12448772397956742,1287,838,449,source-training-image-standardised-patient-mean-coordinates
vits16,brset_to_mbrset_sizematched,brset,mbrset,0,sex,0.1,772,303,257,True,mean_variance,0.7372602069834318,0.5995609442356655,0.13769926274776623,1287,838,449,source-training-image-standardised-patient-mean-coordinates
vits16,brset_to_mbrset_sizematched,brset,mbrset,0,sex,0.1,772,303,257,True,coral,0.7372602069834318,0.5982613179114553,0.13899888907197644,1287,838,449,source-training-image-standardised-patient-mean-coordinates
vits16,brset_to_mbrset_sizematched,brset,mbrset,0,sex,0.1,772,303,257,True,subspace,0.7372602069834318,0.5014537742317853,0.23580643275164648,1287,838,449,source-training-image-standardised-patient-mean-coordinates
vits16,brset_to_mbrset_sizematched,brset,mbrset,0,sex,0.1,772,303,257,True,ot_gaussian,0.7372602069834318,0.5932568263603554,0.14400338062307638,1287,838,449,source-training-image-standardised-patient-mean-coordinates
vits16,brset_to_mbrset_sizematched,brset,mbrset,0,sex,0.1,772,303,257,True,ot_entropic,0.7372602069834318,0.5775231088975236,0.1597370980859082,1287,838,449,source-training-image-standardised-patient-mean-coordinates
vits16,brset_to_mbrset,brset,mbrset,0,age65,0.1,3390,1402,1110,False,unaligned,0.8704850642653126,0.6156130990161852,0.25487196524912736,1284,736,548,source-training-image-standardised-patient-mean-coordinates
vits16,brset_to_mbrset,brset,mbrset,0,age65,0.1,3390,1402,1110,False,mean_variance,0.8704850642653126,0.587030902887972,0.2834541613773406,1284,736,548,source-training-image-standardised-patient-mean-coordinates
vits16,brset_to_mbrset,brset,mbrset,0,age65,0.1,3390,1402,1110,False,coral,0.8704850642653126,0.6013666296413837,0.2691184346239289,1284,736,548,source-training-image-standardised-patient-mean-coordinates
vits16,brset_to_mbrset,brset,mbrset,0,age65,0.1,3390,1402,1110,False,subspace,0.8704850642653126,0.35482535306251983,0.5156597112027927,1284,736,548,source-training-image-standardised-patient-mean-coordinates
vits16,brset_to_mbrset,brset,mbrset,0,age65,0.1,3390,1402,1110,False,ot_gaussian,0.8704850642653126,0.6028269795303078,0.26765808473500474,1284,736,548,source-training-image-standardised-patient-mean-coordinates
vits16,brset_to_mbrset,brset,mbrset,0,age65,0.1,3390,1402,1110,False,ot_entropic,0.8704850642653126,0.6203313432243732,0.25015372104093936,1284,736,548,source-training-image-standardised-patient-mean-coordinates
vits16,mbrset_to_brset,mbrset,brset,0,age65,0.1,770,323,256,False,unaligned,0.9160613905784188,0.6613917671770402,0.25466962340137866,5649,3313,2336,source-training-image-standardised-patient-mean-coordinates
vits16,mbrset_to_brset,mbrset,brset,0,age65,0.1,770,323,256,False,mean_variance,0.9160613905784188,0.6721223780127269,0.24393901256569195,5649,3313,2336,source-training-image-standardised-patient-mean-coordinates
vits16,mbrset_to_brset,mbrset,brset,0,age65,0.1,770,323,256,False,coral,0.9160613905784188,0.6162119752407493,0.2998494153376695,5649,3313,2336,source-training-image-standardised-patient-mean-coordinates
vits16,mbrset_to_brset,mbrset,brset,0,age65,0.1,770,323,256,False,subspace,0.9160613905784188,0.5419747962571688,0.37408659432125,5649,3313,2336,source-training-image-standardised-patient-mean-coordinates
vits16,mbrset_to_brset,mbrset,brset,0,age65,0.1,770,323,256,False,ot_gaussian,0.9160613905784188,0.6349307832573217,0.2811306073210972,5649,3313,2336,source-training-image-standardised-patient-mean-coordinates
vits16,mbrset_to_brset,mbrset,brset,0,age65,0.1,770,323,256,False,ot_entropic,0.9160613905784188,0.6623488468011032,0.25371254377731567,5649,3313,2336,source-training-image-standardised-patient-mean-coordinates
vits16,brset_to_mbrset_sizematched,brset,mbrset,0,age65,0.1,770,318,256,True,unaligned,0.8704850642653126,0.587801987464297,0.28268307680101556,1284,736,548,source-training-image-standardised-patient-mean-coordinates
vits16,brset_to_mbrset_sizematched,brset,mbrset,0,age65,0.1,770,318,256,True,mean_variance,0.8704850642653126,0.5909458306886703,0.27953923357664223,1284,736,548,source-training-image-standardised-patient-mean-coordinates
vits16,brset_to_mbrset_sizematched,brset,mbrset,0,age65,0.1,770,318,256,True,coral,0.8704850642653126,0.5954409314503333,0.2750441328149793,1284,736,548,source-training-image-standardised-patient-mean-coordinates
vits16,brset_to_mbrset_sizematched,brset,mbrset,0,age65,0.1,770,318,256,True,subspace,0.8704850642653126,0.3334085409393843,0.5370765233259283,1284,736,548,source-training-image-standardised-patient-mean-coordinates
vits16,brset_to_mbrset_sizematched,brset,mbrset,0,age65,0.1,770,318,256,True,ot_gaussian,0.8704850642653126,0.5955822556331324,0.2749028086321802,1284,736,548,source-training-image-standardised-patient-mean-coordinates
vits16,brset_to_mbrset_sizematched,brset,mbrset,0,age65,0.1,770,318,256,True,ot_entropic,0.8704850642653126,0.6130667843541733,0.2574182799111393,1284,736,548,source-training-image-standardised-patient-mean-coordinates
vits16,brset_to_mbrset,brset,mbrset,1,sex,0.1,5104,1991,1701,False,unaligned,0.7346423502772004,0.6350760905964461,0.09956625968075428,1287,838,449,source-training-image-standardised-patient-mean-coordinates
vits16,brset_to_mbrset,brset,mbrset,1,sex,0.1,5104,1991,1701,False,mean_variance,0.7346423502772004,0.6310416677740511,0.10360068250314924,1287,838,449,source-training-image-standardised-patient-mean-coordinates
vits16,brset_to_mbrset,brset,mbrset,1,sex,0.1,5104,1991,1701,False,coral,0.7346423502772004,0.6258032966390441,0.10883905363815627,1287,838,449,source-training-image-standardised-patient-mean-coordinates
vits16,brset_to_mbrset,brset,mbrset,1,sex,0.1,5104,1991,1701,False,subspace,0.7346423502772004,0.4746134342559174,0.260028916021283,1287,838,449,source-training-image-standardised-patient-mean-coordinates
vits16,brset_to_mbrset,brset,mbrset,1,sex,0.1,5104,1991,1701,False,ot_gaussian,0.7346423502772004,0.622831962834408,0.11181038744279237,1287,838,449,source-training-image-standardised-patient-mean-coordinates
vits16,brset_to_mbrset,brset,mbrset,1,sex,0.1,5104,1991,1701,False,ot_entropic,0.7346423502772004,0.6010944501437827,0.13354790013341766,1287,838,449,source-training-image-standardised-patient-mean-coordinates
vits16,mbrset_to_brset,mbrset,brset,1,sex,0.1,772,259,257,False,unaligned,0.7629118858264647,0.5629569151451137,0.19995497068135104,8505,5224,3281,source-training-image-standardised-patient-mean-coordinates
vits16,mbrset_to_brset,mbrset,brset,1,sex,0.1,772,259,257,False,mean_variance,0.7629118858264647,0.5760233522349898,0.18688853359147495,8505,5224,3281,source-training-image-standardised-patient-mean-coordinates
vits16,mbrset_to_brset,mbrset,brset,1,sex,0.1,772,259,257,False,coral,0.7629118858264647,0.5841677195678119,0.17874416625865286,8505,5224,3281,source-training-image-standardised-patient-mean-coordinates
vits16,mbrset_to_brset,mbrset,brset,1,sex,0.1,772,259,257,False,subspace,0.7629118858264647,0.47926195091419205,0.2836499349122727,8505,5224,3281,source-training-image-standardised-patient-mean-coordinates
vits16,mbrset_to_brset,mbrset,brset,1,sex,0.1,772,259,257,False,ot_gaussian,0.7629118858264647,0.5882378612205501,0.17467402460591464,8505,5224,3281,source-training-image-standardised-patient-mean-coordinates
vits16,mbrset_to_brset,mbrset,brset,1,sex,0.1,772,259,257,False,ot_entropic,0.7629118858264647,0.5640955419690986,0.19881634385736613,8505,5224,3281,source-training-image-standardised-patient-mean-coordinates
vits16,brset_to_mbrset_sizematched,brset,mbrset,1,sex,0.1,772,301,257,True,unaligned,0.7346423502772004,0.5795110853607327,0.15513126491646767,1287,838,449,source-training-image-standardised-patient-mean-coordinates
vits16,brset_to_mbrset_sizematched,brset,mbrset,1,sex,0.1,772,301,257,True,mean_variance,0.7346423502772004,0.5818179885292695,0.1528243617479309,1287,838,449,source-training-image-standardised-patient-mean-coordinates
vits16,brset_to_mbrset_sizematched,brset,mbrset,1,sex,0.1,772,301,257,True,coral,0.7346423502772004,0.5961590593788371,0.1384832908983633,1287,838,449,source-training-image-standardised-patient-mean-coordinates
vits16,brset_to_mbrset_sizematched,brset,mbrset,1,sex,0.1,772,301,257,True,subspace,0.7346423502772004,0.48128697556489897,0.2533553747123014,1287,838,449,source-training-image-standardised-patient-mean-coordinates
vits16,brset_to_mbrset_sizematched,brset,mbrset,1,sex,0.1,772,301,257,True,ot_gaussian,0.7346423502772004,0.5988353859810451,0.13580696429615524,1287,838,449,source-training-image-standardised-patient-mean-coordinates
vits16,brset_to_mbrset_sizematched,brset,mbrset,1,sex,0.1,772,301,257,True,ot_entropic,0.7346423502772004,0.5806539060548235,0.1539884442223769,1287,838,449,source-training-image-standardised-patient-mean-coordinates
vits16,brset_to_mbrset,brset,mbrset,1,age65,0.1,3388,1390,1125,False,unaligned,0.875133886067915,0.6510358814662012,0.2240980046017138,1284,736,548,source-training-image-standardised-patient-mean-coordinates
vits16,brset_to_mbrset,brset,mbrset,1,age65,0.1,3388,1390,1125,False,mean_variance,0.875133886067915,0.6068807521421771,0.2682531339257379,1284,736,548,source-training-image-standardised-patient-mean-coordinates
vits16,brset_to_mbrset,brset,mbrset,1,age65,0.1,3388,1390,1125,False,coral,0.875133886067915,0.6064443827356394,0.2686895033322756,1284,736,548,source-training-image-standardised-patient-mean-coordinates
vits16,brset_to_mbrset,brset,mbrset,1,age65,0.1,3388,1390,1125,False,subspace,0.875133886067915,0.5277441685179308,0.34738971754998416,1284,736,548,source-training-image-standardised-patient-mean-coordinates
vits16,brset_to_mbrset,brset,mbrset,1,age65,0.1,3388,1390,1125,False,ot_gaussian,0.875133886067915,0.6105502221516977,0.26458366391621724,1284,736,548,source-training-image-standardised-patient-mean-coordinates
vits16,brset_to_mbrset,brset,mbrset,1,age65,0.1,3388,1390,1125,False,ot_entropic,0.875133886067915,0.6237132061250397,0.2514206799428753,1284,736,548,source-training-image-standardised-patient-mean-coordinates
vits16,mbrset_to_brset,mbrset,brset,1,age65,0.01,770,327,256,False,unaligned,0.9124502788930283,0.622990223238467,0.28946005565456134,5649,3313,2336,source-training-image-standardised-patient-mean-coordinates
vits16,mbrset_to_brset,mbrset,brset,1,age65,0.01,770,327,256,False,mean_variance,0.9124502788930283,0.633624053645043,0.2788262252479853,5649,3313,2336,source-training-image-standardised-patient-mean-coordinates
vits16,mbrset_to_brset,mbrset,brset,1,age65,0.01,770,327,256,False,coral,0.9124502788930283,0.6322155043022714,0.28023477459075696,5649,3313,2336,source-training-image-standardised-patient-mean-coordinates
vits16,mbrset_to_brset,mbrset,brset,1,age65,0.01,770,327,256,False,subspace,0.9124502788930283,0.6671679694768223,0.245282309416206,5649,3313,2336,source-training-image-standardised-patient-mean-coordinates
vits16,mbrset_to_brset,mbrset,brset,1,age65,0.01,770,327,256,False,ot_gaussian,0.9124502788930283,0.6590260089973496,0.2534242698956787,5649,3313,2336,source-training-image-standardised-patient-mean-coordinates
vits16,mbrset_to_brset,mbrset,brset,1,age65,0.01,770,327,256,False,ot_entropic,0.9124502788930283,0.6826660178458459,0.22978426104718241,5649,3313,2336,source-training-image-standardised-patient-mean-coordinates
vits16,brset_to_mbrset_sizematched,brset,mbrset,1,age65,0.01,770,316,256,True,unaligned,0.8702247302443669,0.6916603855918756,0.17856434465249127,1284,736,548,source-training-image-standardised-patient-mean-coordinates
vits16,brset_to_mbrset_sizematched,brset,mbrset,1,age65,0.01,770,316,256,True,mean_variance,0.8702247302443669,0.6922628728974928,0.17796185734687409,1284,736,548,source-training-image-standardised-patient-mean-coordinates
vits16,brset_to_mbrset_sizematched,brset,mbrset,1,age65,0.01,770,316,256,True,coral,0.8702247302443669,0.6308389201840686,0.23938581006029824,1284,736,548,source-training-image-standardised-patient-mean-coordinates
vits16,brset_to_mbrset_sizematched,brset,mbrset,1,age65,0.01,770,316,256,True,subspace,0.8702247302443669,0.4885205093621073,0.3817042208822596,1284,736,548,source-training-image-standardised-patient-mean-coordinates
vits16,brset_to_mbrset_sizematched,brset,mbrset,1,age65,0.01,770,316,256,True,ot_gaussian,0.8702247302443669,0.6414605482386544,0.22876418200571247,1284,736,548,source-training-image-standardised-patient-mean-coordinates
vits16,brset_to_mbrset_sizematched,brset,mbrset,1,age65,0.01,770,316,256,True,ot_entropic,0.8702247302443669,0.6478920382418281,0.2223326920025388,1284,736,548,source-training-image-standardised-patient-mean-coordinates
vits16,brset_to_mbrset,brset,mbrset,2,sex,0.1,5104,1959,1700,False,unaligned,0.7394209354120267,0.6224891166261808,0.11693181878584591,1287,838,449,source-training-image-standardised-patient-mean-coordinates
vits16,brset_to_mbrset,brset,mbrset,2,sex,0.1,5104,1959,1700,False,mean_variance,0.7394209354120267,0.6186407343818935,0.1207802010301332,1287,838,449,source-training-image-standardised-patient-mean-coordinates
vits16,brset_to_mbrset,brset,mbrset,2,sex,0.1,5104,1959,1700,False,coral,0.7394209354120267,0.6218432900478921,0.11757764536413462,1287,838,449,source-training-image-standardised-patient-mean-coordinates
vits16,brset_to_mbrset,brset,mbrset,2,sex,0.1,5104,1959,1700,False,subspace,0.7394209354120267,0.5274170657680021,0.21200386964402462,1287,838,449,source-training-image-standardised-patient-mean-coordinates
vits16,brset_to_mbrset,brset,mbrset,2,sex,0.1,5104,1959,1700,False,ot_gaussian,0.7394209354120267,0.6216572494697843,0.1177636859422424,1287,838,449,source-training-image-standardised-patient-mean-coordinates
vits16,brset_to_mbrset,brset,mbrset,2,sex,0.1,5104,1959,1700,False,ot_entropic,0.7394209354120267,0.6042013277981831,0.13521960761384355,1287,838,449,source-training-image-standardised-patient-mean-coordinates
vits16,mbrset_to_brset,mbrset,brset,2,sex,0.1,772,265,257,False,unaligned,0.7628467747619245,0.6091600999396498,0.15368667482227472,8505,5224,3281,source-training-image-standardised-patient-mean-coordinates
vits16,mbrset_to_brset,mbrset,brset,2,sex,0.1,772,265,257,False,mean_variance,0.7628467747619245,0.6068354132312218,0.15601136153070272,8505,5224,3281,source-training-image-standardised-patient-mean-coordinates
vits16,mbrset_to_brset,mbrset,brset,2,sex,0.1,772,265,257,False,coral,0.7628467747619245,0.5820898831408083,0.1807568916211162,8505,5224,3281,source-training-image-standardised-patient-mean-coordinates
vits16,mbrset_to_brset,mbrset,brset,2,sex,0.1,772,265,257,False,subspace,0.7628467747619245,0.5399498388092749,0.2228969359526496,8505,5224,3281,source-training-image-standardised-patient-mean-coordinates
vits16,mbrset_to_brset,mbrset,brset,2,sex,0.1,772,265,257,False,ot_gaussian,0.7628467747619245,0.5888366963159273,0.17401007844599725,8505,5224,3281,source-training-image-standardised-patient-mean-coordinates
vits16,mbrset_to_brset,mbrset,brset,2,sex,0.1,772,265,257,False,ot_entropic,0.7628467747619245,0.5617972847519221,0.20104949001000239,8505,5224,3281,source-training-image-standardised-patient-mean-coordinates
vits16,brset_to_mbrset_sizematched,brset,mbrset,2,sex,0.01,772,296,257,True,unaligned,0.7367844746479846,0.6046079593474759,0.13217651530050867,1287,838,449,source-training-image-standardised-patient-mean-coordinates
vits16,brset_to_mbrset_sizematched,brset,mbrset,2,sex,0.01,772,296,257,True,mean_variance,0.7367844746479846,0.606896258458202,0.12988821618978252,1287,838,449,source-training-image-standardised-patient-mean-coordinates
vits16,brset_to_mbrset_sizematched,brset,mbrset,2,sex,0.01,772,296,257,True,coral,0.7367844746479846,0.6163338312133566,0.12045064343462797,1287,838,449,source-training-image-standardised-patient-mean-coordinates
vits16,brset_to_mbrset_sizematched,brset,mbrset,2,sex,0.01,772,296,257,True,subspace,0.7367844746479846,0.5177535865965737,0.2190308880514109,1287,838,449,source-training-image-standardised-patient-mean-coordinates
vits16,brset_to_mbrset_sizematched,brset,mbrset,2,sex,0.01,772,296,257,True,ot_gaussian,0.7367844746479846,0.6211974634696036,0.115587011178381,1287,838,449,source-training-image-standardised-patient-mean-coordinates
vits16,brset_to_mbrset_sizematched,brset,mbrset,2,sex,0.01,772,296,257,True,ot_entropic,0.7367844746479846,0.6149013187619266,0.12188315588605803,1287,838,449,source-training-image-standardised-patient-mean-coordinates
vits16,brset_to_mbrset,brset,mbrset,2,age65,1.0,3406,1365,1138,False,unaligned,0.8607411337670582,0.6036377340526816,0.25710339971437657,1284,736,548,source-training-image-standardised-patient-mean-coordinates
vits16,brset_to_mbrset,brset,mbrset,2,age65,1.0,3406,1365,1138,False,mean_variance,0.8607411337670582,0.5433989209774674,0.31734221278959074,1284,736,548,source-training-image-standardised-patient-mean-coordinates
vits16,brset_to_mbrset,brset,mbrset,2,age65,1.0,3406,1365,1138,False,coral,0.8607411337670582,0.5942681886702634,0.26647294509679476,1284,736,548,source-training-image-standardised-patient-mean-coordinates
vits16,brset_to_mbrset,brset,mbrset,2,age65,1.0,3406,1365,1138,False,subspace,0.8607411337670582,0.6368290820374485,0.2239120517296097,1284,736,548,source-training-image-standardised-patient-mean-coordinates
vits16,brset_to_mbrset,brset,mbrset,2,age65,1.0,3406,1365,1138,False,ot_gaussian,0.8607411337670582,0.594064880196763,0.26667625357029523,1284,736,548,source-training-image-standardised-patient-mean-coordinates
vits16,brset_to_mbrset,brset,mbrset,2,age65,1.0,3406,1365,1138,False,ot_entropic,0.8607411337670582,0.6196048873373532,0.241136246429705,1284,736,548,source-training-image-standardised-patient-mean-coordinates
vits16,mbrset_to_brset,mbrset,brset,2,age65,0.1,770,331,256,False,unaligned,0.9152691865585552,0.6633113533651163,0.2519578331934389,5649,3313,2336,source-training-image-standardised-patient-mean-coordinates
vits16,mbrset_to_brset,mbrset,brset,2,age65,0.1,770,331,256,False,mean_variance,0.9152691865585552,0.6636690145504014,0.25160017200815377,5649,3313,2336,source-training-image-standardised-patient-mean-coordinates
vits16,mbrset_to_brset,mbrset,brset,2,age65,0.1,770,331,256,False,coral,0.9152691865585552,0.6202011637426659,0.2950680228158893,5649,3313,2336,source-training-image-standardised-patient-mean-coordinates
vits16,mbrset_to_brset,mbrset,brset,2,age65,0.1,770,331,256,False,subspace,0.9152691865585552,0.5959113434415688,0.31935784311698634,5649,3313,2336,source-training-image-standardised-patient-mean-coordinates
vits16,mbrset_to_brset,mbrset,brset,2,age65,0.1,770,331,256,False,ot_gaussian,0.9152691865585552,0.6358010318421825,0.27946815471637265,5649,3313,2336,source-training-image-standardised-patient-mean-coordinates
vits16,mbrset_to_brset,mbrset,brset,2,age65,0.1,770,331,256,False,ot_entropic,0.9152691865585552,0.6545907777166745,0.26067840884188065,5649,3313,2336,source-training-image-standardised-patient-mean-coordinates
vits16,brset_to_mbrset_sizematched,brset,mbrset,2,age65,0.01,770,309,256,True,unaligned,0.8681693311647096,0.6309628887654712,0.23720644239923838,1284,736,548,source-training-image-standardised-patient-mean-coordinates
vits16,brset_to_mbrset_sizematched,brset,mbrset,2,age65,0.01,770,309,256,True,mean_variance,0.8681693311647096,0.6298198984449381,0.2383494327197715,1284,736,548,source-training-image-standardised-patient-mean-coordinates
vits16,brset_to_mbrset_sizematched,brset,mbrset,2,age65,0.01,770,309,256,True,coral,0.8681693311647096,0.6052765986988258,0.26289273246588385,1284,736,548,source-training-image-standardised-patient-mean-coordinates
vits16,brset_to_mbrset_sizematched,brset,mbrset,2,age65,0.01,770,309,256,True,subspace,0.8681693311647096,0.6526499523960646,0.21551937876864502,1284,736,548,source-training-image-standardised-patient-mean-coordinates
vits16,brset_to_mbrset_sizematched,brset,mbrset,2,age65,0.01,770,309,256,True,ot_gaussian,0.8681693311647096,0.6088840844176452,0.25928524674706444,1284,736,548,source-training-image-standardised-patient-mean-coordinates
vits16,brset_to_mbrset_sizematched,brset,mbrset,2,age65,0.01,770,309,256,True,ot_entropic,0.8681693311647096,0.6188214059028879,0.2493479252618217,1284,736,548,source-training-image-standardised-patient-mean-coordinates
vits16,brset_to_mbrset,brset,mbrset,3,sex,0.1,5105,1987,1699,False,unaligned,0.7424746586155392,0.6549585129510819,0.08751614566445731,1287,838,449,source-training-image-standardised-patient-mean-coordinates
vits16,brset_to_mbrset,brset,mbrset,3,sex,0.1,5105,1987,1699,False,mean_variance,0.7424746586155392,0.6473175606359399,0.09515709797959926,1287,838,449,source-training-image-standardised-patient-mean-coordinates
vits16,brset_to_mbrset,brset,mbrset,3,sex,0.1,5105,1987,1699,False,coral,0.7424746586155392,0.629000536859954,0.11347412175558513,1287,838,449,source-training-image-standardised-patient-mean-coordinates
vits16,brset_to_mbrset,brset,mbrset,3,sex,0.1,5105,1987,1699,False,subspace,0.7424746586155392,0.5109524746054611,0.23152218401007807,1287,838,449,source-training-image-standardised-patient-mean-coordinates
vits16,brset_to_mbrset,brset,mbrset,3,sex,0.1,5105,1987,1699,False,ot_gaussian,0.7424746586155392,0.6291387384322626,0.11333592018327654,1287,838,449,source-training-image-standardised-patient-mean-coordinates
vits16,brset_to_mbrset,brset,mbrset,3,sex,0.1,5105,1987,1699,False,ot_entropic,0.7424746586155392,0.5914894408683311,0.15098521774720808,1287,838,449,source-training-image-standardised-patient-mean-coordinates
vits16,mbrset_to_brset,mbrset,brset,3,sex,1.0,772,281,257,False,unaligned,0.7598662516050227,0.6065326117751609,0.1533336398298618,8505,5224,3281,source-training-image-standardised-patient-mean-coordinates
vits16,mbrset_to_brset,mbrset,brset,3,sex,1.0,772,281,257,False,mean_variance,0.7598662516050227,0.6062823775853643,0.15358387401965845,8505,5224,3281,source-training-image-standardised-patient-mean-coordinates
vits16,mbrset_to_brset,mbrset,brset,3,sex,1.0,772,281,257,False,coral,0.7598662516050227,0.5988604163467512,0.1610058352582715,8505,5224,3281,source-training-image-standardised-patient-mean-coordinates
vits16,mbrset_to_brset,mbrset,brset,3,sex,1.0,772,281,257,False,subspace,0.7598662516050227,0.4331124419076282,0.32675380969739454,8505,5224,3281,source-training-image-standardised-patient-mean-coordinates
vits16,mbrset_to_brset,mbrset,brset,3,sex,1.0,772,281,257,False,ot_gaussian,0.7598662516050227,0.6011978218831987,0.15866842972182404,8505,5224,3281,source-training-image-standardised-patient-mean-coordinates
vits16,mbrset_to_brset,mbrset,brset,3,sex,1.0,772,281,257,False,ot_entropic,0.7598662516050227,0.5591374160849067,0.200728835520116,8505,5224,3281,source-training-image-standardised-patient-mean-coordinates
vits16,brset_to_mbrset_sizematched,brset,mbrset,3,sex,0.01,772,300,257,True,unaligned,0.7370715086827796,0.5907479362784442,0.14632357240433536,1287,838,449,source-training-image-standardised-patient-mean-coordinates
vits16,brset_to_mbrset_sizematched,brset,mbrset,3,sex,0.01,772,300,257,True,mean_variance,0.7370715086827796,0.5915798034348406,0.14549170524793897,1287,838,449,source-training-image-standardised-patient-mean-coordinates
vits16,brset_to_mbrset_sizematched,brset,mbrset,3,sex,0.01,772,300,257,True,coral,0.7370715086827796,0.5901579218735881,0.14691358680919153,1287,838,449,source-training-image-standardised-patient-mean-coordinates
vits16,brset_to_mbrset_sizematched,brset,mbrset,3,sex,0.01,772,300,257,True,subspace,0.7370715086827796,0.4960692283568365,0.24100228032594312,1287,838,449,source-training-image-standardised-patient-mean-coordinates
vits16,brset_to_mbrset_sizematched,brset,mbrset,3,sex,0.01,772,300,257,True,ot_gaussian,0.7370715086827796,0.5915133603712307,0.1455581483115489,1287,838,449,source-training-image-standardised-patient-mean-coordinates
vits16,brset_to_mbrset_sizematched,brset,mbrset,3,sex,0.01,772,300,257,True,ot_entropic,0.7370715086827796,0.5709000643168856,0.16617144436589404,1287,838,449,source-training-image-standardised-patient-mean-coordinates
vits16,brset_to_mbrset,brset,mbrset,3,age65,0.1,3354,1379,1119,False,unaligned,0.8738346953348143,0.635219969850841,0.23861472548397333,1284,736,548,source-training-image-standardised-patient-mean-coordinates
vits16,brset_to_mbrset,brset,mbrset,3,age65,0.1,3354,1379,1119,False,mean_variance,0.8738346953348143,0.6001319025706124,0.27370279276420184,1284,736,548,source-training-image-standardised-patient-mean-coordinates
vits16,brset_to_mbrset,brset,mbrset,3,age65,0.1,3354,1379,1119,False,coral,0.8738346953348143,0.6057352824500158,0.26809941288479844,1284,736,548,source-training-image-standardised-patient-mean-coordinates
vits16,brset_to_mbrset,brset,mbrset,3,age65,0.1,3354,1379,1119,False,subspace,0.8738346953348143,0.6372778483021262,0.2365568470326881,1284,736,548,source-training-image-standardised-patient-mean-coordinates
vits16,brset_to_mbrset,brset,mbrset,3,age65,0.1,3354,1379,1119,False,ot_gaussian,0.8738346953348143,0.6042303038717867,0.2696043914630276,1284,736,548,source-training-image-standardised-patient-mean-coordinates
vits16,brset_to_mbrset,brset,mbrset,3,age65,0.1,3354,1379,1119,False,ot_entropic,0.8738346953348143,0.614780030149159,0.25905466518565523,1284,736,548,source-training-image-standardised-patient-mean-coordinates
vits16,mbrset_to_brset,mbrset,brset,3,age65,0.01,770,320,256,False,unaligned,0.9125793625361278,0.6939416485079533,0.21863771402817456,5649,3313,2336,source-training-image-standardised-patient-mean-coordinates
vits16,mbrset_to_brset,mbrset,brset,3,age65,0.01,770,320,256,False,mean_variance,0.9125793625361278,0.6980614712072408,0.214517891328887,5649,3313,2336,source-training-image-standardised-patient-mean-coordinates
vits16,mbrset_to_brset,mbrset,brset,3,age65,0.01,770,320,256,False,coral,0.9125793625361278,0.6278522445823633,0.2847271179537645,5649,3313,2336,source-training-image-standardised-patient-mean-coordinates
vits16,mbrset_to_brset,mbrset,brset,3,age65,0.01,770,320,256,False,subspace,0.9125793625361278,0.6935078809505105,0.2190714815856173,5649,3313,2336,source-training-image-standardised-patient-mean-coordinates
vits16,mbrset_to_brset,mbrset,brset,3,age65,0.01,770,320,256,False,ot_gaussian,0.9125793625361278,0.6439112059590902,0.2686681565770376,5649,3313,2336,source-training-image-standardised-patient-mean-coordinates
vits16,mbrset_to_brset,mbrset,brset,3,age65,0.01,770,320,256,False,ot_entropic,0.9125793625361278,0.6690007246256962,0.24357863791043166,5649,3313,2336,source-training-image-standardised-patient-mean-coordinates
vits16,brset_to_mbrset_sizematched,brset,mbrset,3,age65,0.01,770,317,256,True,unaligned,0.8691883529038401,0.5881019914312916,0.2810863614725485,1284,736,548,source-training-image-standardised-patient-mean-coordinates
vits16,brset_to_mbrset_sizematched,brset,mbrset,3,age65,0.01,770,317,256,True,mean_variance,0.8691883529038401,0.5905540899714377,0.27863426293240245,1284,736,548,source-training-image-standardised-patient-mean-coordinates
vits16,brset_to_mbrset_sizematched,brset,mbrset,3,age65,0.01,770,317,256,True,coral,0.8691883529038401,0.5737563471913678,0.2954320057124723,1284,736,548,source-training-image-standardised-patient-mean-coordinates
vits16,brset_to_mbrset_sizematched,brset,mbrset,3,age65,0.01,770,317,256,True,subspace,0.8691883529038401,0.6782841756585211,0.19090417724531905,1284,736,548,source-training-image-standardised-patient-mean-coordinates
vits16,brset_to_mbrset_sizematched,brset,mbrset,3,age65,0.01,770,317,256,True,ot_gaussian,0.8691883529038401,0.5652149119327198,0.30397344097112033,1284,736,548,source-training-image-standardised-patient-mean-coordinates
vits16,brset_to_mbrset_sizematched,brset,mbrset,3,age65,0.01,770,317,256,True,ot_entropic,0.8691883529038401,0.5794241907331006,0.2897641621707395,1284,736,548,source-training-image-standardised-patient-mean-coordinates
vits16,brset_to_mbrset,brset,mbrset,4,sex,0.1,5102,1965,1702,False,unaligned,0.7430832770782061,0.648202582243224,0.09488069483498207,1287,838,449,source-training-image-standardised-patient-mean-coordinates
vits16,brset_to_mbrset,brset,mbrset,4,sex,0.1,5102,1965,1702,False,mean_variance,0.7430832770782061,0.6446943884846197,0.09838888859358641,1287,838,449,source-training-image-standardised-patient-mean-coordinates
vits16,brset_to_mbrset,brset,mbrset,4,sex,0.1,5102,1965,1702,False,coral,0.7430832770782061,0.618925110694144,0.12415816638406207,1287,838,449,source-training-image-standardised-patient-mean-coordinates
vits16,brset_to_mbrset,brset,mbrset,4,sex,0.1,5102,1965,1702,False,subspace,0.7430832770782061,0.44156731213888195,0.30151596493932414,1287,838,449,source-training-image-standardised-patient-mean-coordinates
vits16,brset_to_mbrset,brset,mbrset,4,sex,0.1,5102,1965,1702,False,ot_gaussian,0.7430832770782061,0.6158208907622881,0.12726238631591802,1287,838,449,source-training-image-standardised-patient-mean-coordinates
vits16,brset_to_mbrset,brset,mbrset,4,sex,0.1,5102,1965,1702,False,ot_entropic,0.7430832770782061,0.5901180560354221,0.15296522104278398,1287,838,449,source-training-image-standardised-patient-mean-coordinates
vits16,mbrset_to_brset,mbrset,brset,4,sex,0.1,772,280,257,False,unaligned,0.7635135213977362,0.6194438558259,0.1440696655718362,8505,5224,3281,source-training-image-standardised-patient-mean-coordinates
vits16,mbrset_to_brset,mbrset,brset,4,sex,0.1,772,280,257,False,mean_variance,0.7635135213977362,0.6230444510203768,0.14046907037735945,8505,5224,3281,source-training-image-standardised-patient-mean-coordinates
vits16,mbrset_to_brset,mbrset,brset,4,sex,0.1,772,280,257,False,coral,0.7635135213977362,0.5991877803101341,0.16432574108760212,8505,5224,3281,source-training-image-standardised-patient-mean-coordinates
vits16,mbrset_to_brset,mbrset,brset,4,sex,0.1,772,280,257,False,subspace,0.7635135213977362,0.4737080237835083,0.2898054976142279,8505,5224,3281,source-training-image-standardised-patient-mean-coordinates
vits16,mbrset_to_brset,mbrset,brset,4,sex,0.1,772,280,257,False,ot_gaussian,0.7635135213977362,0.6034720416822832,0.16004147971545302,8505,5224,3281,source-training-image-standardised-patient-mean-coordinates
vits16,mbrset_to_brset,mbrset,brset,4,sex,0.1,772,280,257,False,ot_entropic,0.7635135213977362,0.5618087200284902,0.20170480136924596,8505,5224,3281,source-training-image-standardised-patient-mean-coordinates
vits16,brset_to_mbrset_sizematched,brset,mbrset,4,sex,0.1,772,297,257,True,unaligned,0.7430832770782061,0.5546852990735178,0.18839797800468827,1287,838,449,source-training-image-standardised-patient-mean-coordinates
vits16,brset_to_mbrset_sizematched,brset,mbrset,4,sex,0.1,772,297,257,True,mean_variance,0.7430832770782061,0.5519584757429664,0.19112480133523968,1287,838,449,source-training-image-standardised-patient-mean-coordinates
vits16,brset_to_mbrset_sizematched,brset,mbrset,4,sex,0.1,772,297,257,True,coral,0.7430832770782061,0.5609654974459286,0.1821177796322775,1287,838,449,source-training-image-standardised-patient-mean-coordinates
vits16,brset_to_mbrset_sizematched,brset,mbrset,4,sex,0.1,772,297,257,True,subspace,0.7430832770782061,0.45762792947467457,0.28545534760353153,1287,838,449,source-training-image-standardised-patient-mean-coordinates
vits16,brset_to_mbrset_sizematched,brset,mbrset,4,sex,0.1,772,297,257,True,ot_gaussian,0.7430832770782061,0.5628870308455278,0.18019624623267827,1287,838,449,source-training-image-standardised-patient-mean-coordinates
vits16,brset_to_mbrset_sizematched,brset,mbrset,4,sex,0.1,772,297,257,True,ot_entropic,0.7430832770782061,0.5493911157650786,0.1936921613131275,1287,838,449,source-training-image-standardised-patient-mean-coordinates
vits16,brset_to_mbrset,brset,mbrset,4,age65,0.1,3403,1405,1100,False,unaligned,0.8683627221516981,0.6581814304982545,0.21018129165344357,1284,736,548,source-training-image-standardised-patient-mean-coordinates
vits16,brset_to_mbrset,brset,mbrset,4,age65,0.1,3403,1405,1100,False,mean_variance,0.8683627221516981,0.6292174111393208,0.23914531101237724,1284,736,548,source-training-image-standardised-patient-mean-coordinates
vits16,brset_to_mbrset,brset,mbrset,4,age65,0.1,3403,1405,1100,False,coral,0.8683627221516981,0.6044782410345922,0.26388448111710583,1284,736,548,source-training-image-standardised-patient-mean-coordinates
vits16,brset_to_mbrset,brset,mbrset,4,age65,0.1,3403,1405,1100,False,subspace,0.8683627221516981,0.37286774039987314,0.49549498175182494,1284,736,548,source-training-image-standardised-patient-mean-coordinates
vits16,brset_to_mbrset,brset,mbrset,4,age65,0.1,3403,1405,1100,False,ot_gaussian,0.8683627221516981,0.6075477031101237,0.26081501904157434,1284,736,548,source-training-image-standardised-patient-mean-coordinates
vits16,brset_to_mbrset,brset,mbrset,4,age65,0.1,3403,1405,1100,False,ot_entropic,0.8683627221516981,0.6253173595683911,0.243045362583307,1284,736,548,source-training-image-standardised-patient-mean-coordinates
vits16,mbrset_to_brset,mbrset,brset,4,age65,0.1,770,332,257,False,unaligned,0.9157272461329176,0.7006636889133302,0.21506355721958736,5649,3313,2336,source-training-image-standardised-patient-mean-coordinates
vits16,mbrset_to_brset,mbrset,brset,4,age65,0.1,770,332,257,False,mean_variance,0.9157272461329176,0.713898574110292,0.20182867202262555,5649,3313,2336,source-training-image-standardised-patient-mean-coordinates
vits16,mbrset_to_brset,mbrset,brset,4,age65,0.1,770,332,257,False,coral,0.9157272461329176,0.6424318479712547,0.2732953981616628,5649,3313,2336,source-training-image-standardised-patient-mean-coordinates
vits16,mbrset_to_brset,mbrset,brset,4,age65,0.1,770,332,257,False,subspace,0.9157272461329176,0.6490961302300196,0.266631115902898,5649,3313,2336,source-training-image-standardised-patient-mean-coordinates
vits16,mbrset_to_brset,mbrset,brset,4,age65,0.1,770,332,257,False,ot_gaussian,0.9157272461329176,0.6659335990638787,0.24979364706903884,5649,3313,2336,source-training-image-standardised-patient-mean-coordinates
vits16,mbrset_to_brset,mbrset,brset,4,age65,0.1,770,332,257,False,ot_entropic,0.9157272461329176,0.7045984141964614,0.21112883193645615,5649,3313,2336,source-training-image-standardised-patient-mean-coordinates
vits16,brset_to_mbrset_sizematched,brset,mbrset,4,age65,0.01,770,318,257,True,unaligned,0.8657494644557283,0.6640625000000001,0.2016869644557282,1284,736,548,source-training-image-standardised-patient-mean-coordinates
vits16,brset_to_mbrset_sizematched,brset,mbrset,4,age65,0.01,770,318,257,True,mean_variance,0.8657494644557283,0.6577599373214853,0.207989527134243,1284,736,548,source-training-image-standardised-patient-mean-coordinates
vits16,brset_to_mbrset_sizematched,brset,mbrset,4,age65,0.01,770,318,257,True,coral,0.8657494644557283,0.607508033164075,0.25824143129165333,1284,736,548,source-training-image-standardised-patient-mean-coordinates
vits16,brset_to_mbrset_sizematched,brset,mbrset,4,age65,0.01,770,318,257,True,subspace,0.8657494644557283,0.36575442319898444,0.4999950412567439,1284,736,548,source-training-image-standardised-patient-mean-coordinates
vits16,brset_to_mbrset_sizematched,brset,mbrset,4,age65,0.01,770,318,257,True,ot_gaussian,0.8657494644557283,0.6073220802919708,0.25842738416375755,1284,736,548,source-training-image-standardised-patient-mean-coordinates
vits16,brset_to_mbrset_sizematched,brset,mbrset,4,age65,0.01,770,318,257,True,ot_entropic,0.8657494644557283,0.6214792922881625,0.24427017216756586,1284,736,548,source-training-image-standardised-patient-mean-coordinates
convnext_tiny,brset_to_mbrset,brset,mbrset,0,sex,0.1,5104,2003,1700,False,unaligned,0.7244473265968927,0.5319378518160218,0.19250947478087088,1287,838,449,source-training-image-standardised-patient-mean-coordinates
convnext_tiny,brset_to_mbrset,brset,mbrset,0,sex,0.1,5104,2003,1700,False,mean_variance,0.7244473265968927,0.5471240784347078,0.17732324816218492,1287,838,449,source-training-image-standardised-patient-mean-coordinates
convnext_tiny,brset_to_mbrset,brset,mbrset,0,sex,0.1,5104,2003,1700,False,coral,0.7244473265968927,0.5871626685660524,0.13728465803084033,1287,838,449,source-training-image-standardised-patient-mean-coordinates
convnext_tiny,brset_to_mbrset,brset,mbrset,0,sex,0.1,5104,2003,1700,False,subspace,0.7244473265968927,0.4737337280937219,0.2507135985031708,1287,838,449,source-training-image-standardised-patient-mean-coordinates
convnext_tiny,brset_to_mbrset,brset,mbrset,0,sex,0.1,5104,2003,1700,False,ot_gaussian,0.7244473265968927,0.5881247641271242,0.13632256246976848,1287,838,449,source-training-image-standardised-patient-mean-coordinates
convnext_tiny,brset_to_mbrset,brset,mbrset,0,sex,0.1,5104,2003,1700,False,ot_entropic,0.7244473265968927,0.5595010923239658,0.16494623427292687,1287,838,449,source-training-image-standardised-patient-mean-coordinates
convnext_tiny,mbrset_to_brset,mbrset,brset,0,sex,0.1,772,266,257,False,unaligned,0.73948117916838,0.5562948747090423,0.1831863044593377,8505,5224,3281,source-training-image-standardised-patient-mean-coordinates
convnext_tiny,mbrset_to_brset,mbrset,brset,0,sex,0.1,772,266,257,False,mean_variance,0.73948117916838,0.5630058651300145,0.17647531403836547,8505,5224,3281,source-training-image-standardised-patient-mean-coordinates
convnext_tiny,mbrset_to_brset,mbrset,brset,0,sex,0.1,772,266,257,False,coral,0.73948117916838,0.5666466004789747,0.17283457868940522,8505,5224,3281,source-training-image-standardised-patient-mean-coordinates
convnext_tiny,mbrset_to_brset,mbrset,brset,0,sex,0.1,772,266,257,False,subspace,0.73948117916838,0.49805197729934236,0.2414292018690376,8505,5224,3281,source-training-image-standardised-patient-mean-coordinates
convnext_tiny,mbrset_to_brset,mbrset,brset,0,sex,0.1,772,266,257,False,ot_gaussian,0.73948117916838,0.5726393271763316,0.16684185199204837,8505,5224,3281,source-training-image-standardised-patient-mean-coordinates
convnext_tiny,mbrset_to_brset,mbrset,brset,0,sex,0.1,772,266,257,False,ot_entropic,0.73948117916838,0.5420064382940808,0.19747474087429917,8505,5224,3281,source-training-image-standardised-patient-mean-coordinates
convnext_tiny,brset_to_mbrset_sizematched,brset,mbrset,0,sex,0.01,772,303,257,True,unaligned,0.7005065619169621,0.5911093865444823,0.10939717537247984,1287,838,449,source-training-image-standardised-patient-mean-coordinates
convnext_tiny,brset_to_mbrset_sizematched,brset,mbrset,0,sex,0.01,772,303,257,True,mean_variance,0.7005065619169621,0.5834710919518846,0.11703546996507752,1287,838,449,source-training-image-standardised-patient-mean-coordinates
convnext_tiny,brset_to_mbrset_sizematched,brset,mbrset,0,sex,0.01,772,303,257,True,coral,0.7005065619169621,0.6160600857912837,0.08444647612567846,1287,838,449,source-training-image-standardised-patient-mean-coordinates
convnext_tiny,brset_to_mbrset_sizematched,brset,mbrset,0,sex,0.01,772,303,257,True,subspace,0.7005065619169621,0.48071290749530915,0.219793654421653,1287,838,449,source-training-image-standardised-patient-mean-coordinates
convnext_tiny,brset_to_mbrset_sizematched,brset,mbrset,0,sex,0.01,772,303,257,True,ot_gaussian,0.7005065619169621,0.6226751572042886,0.07783140471267358,1287,838,449,source-training-image-standardised-patient-mean-coordinates
convnext_tiny,brset_to_mbrset_sizematched,brset,mbrset,0,sex,0.01,772,303,257,True,ot_entropic,0.7005065619169621,0.5758381128043757,0.12466844911258645,1287,838,449,source-training-image-standardised-patient-mean-coordinates
convnext_tiny,brset_to_mbrset,brset,mbrset,0,age65,0.1,3390,1402,1110,False,unaligned,0.8548079974611233,0.570404236750238,0.28440376071088536,1284,736,548,source-training-image-standardised-patient-mean-coordinates
convnext_tiny,brset_to_mbrset,brset,mbrset,0,age65,0.1,3390,1402,1110,False,mean_variance,0.8548079974611233,0.5636677840368137,0.2911402134243096,1284,736,548,source-training-image-standardised-patient-mean-coordinates
convnext_tiny,brset_to_mbrset,brset,mbrset,0,age65,0.1,3390,1402,1110,False,coral,0.8548079974611233,0.5273375515709298,0.3274704458901936,1284,736,548,source-training-image-standardised-patient-mean-coordinates
convnext_tiny,brset_to_mbrset,brset,mbrset,0,age65,0.1,3390,1402,1110,False,subspace,0.8548079974611233,0.5782092986353539,0.2765986988257695,1284,736,548,source-training-image-standardised-patient-mean-coordinates
convnext_tiny,brset_to_mbrset,brset,mbrset,0,age65,0.1,3390,1402,1110,False,ot_gaussian,0.8548079974611233,0.5244416455093621,0.33036635195176123,1284,736,548,source-training-image-standardised-patient-mean-coordinates
convnext_tiny,brset_to_mbrset,brset,mbrset,0,age65,0.1,3390,1402,1110,False,ot_entropic,0.8548079974611233,0.5085959814344653,0.3462120160266581,1284,736,548,source-training-image-standardised-patient-mean-coordinates
convnext_tiny,mbrset_to_brset,mbrset,brset,0,age65,0.1,770,323,256,False,unaligned,0.9041125609367829,0.5844961628950295,0.31961639804175346,5649,3313,2336,source-training-image-standardised-patient-mean-coordinates
convnext_tiny,mbrset_to_brset,mbrset,brset,0,age65,0.1,770,323,256,False,mean_variance,0.9041125609367829,0.5639042853185252,0.3402082756182577,5649,3313,2336,source-training-image-standardised-patient-mean-coordinates
convnext_tiny,mbrset_to_brset,mbrset,brset,0,age65,0.1,770,323,256,False,coral,0.9041125609367829,0.5666769347816198,0.3374356261551631,5649,3313,2336,source-training-image-standardised-patient-mean-coordinates
convnext_tiny,mbrset_to_brset,mbrset,brset,0,age65,0.1,770,323,256,False,subspace,0.9041125609367829,0.4566927607722174,0.44741980016456556,5649,3313,2336,source-training-image-standardised-patient-mean-coordinates
convnext_tiny,mbrset_to_brset,mbrset,brset,0,age65,0.1,770,323,256,False,ot_gaussian,0.9041125609367829,0.5688833735099172,0.3352291874268657,5649,3313,2336,source-training-image-standardised-patient-mean-coordinates
convnext_tiny,mbrset_to_brset,mbrset,brset,0,age65,0.1,770,323,256,False,ot_entropic,0.9041125609367829,0.6137420714991586,0.29037048943762434,5649,3313,2336,source-training-image-standardised-patient-mean-coordinates
convnext_tiny,brset_to_mbrset_sizematched,brset,mbrset,0,age65,0.01,770,318,256,True,unaligned,0.8465318549666773,0.5677091597905427,0.27882269517613456,1284,736,548,source-training-image-standardised-patient-mean-coordinates
convnext_tiny,brset_to_mbrset_sizematched,brset,mbrset,0,age65,0.01,770,318,256,True,mean_variance,0.8465318549666773,0.5637892732465883,0.2827425817200889,1284,736,548,source-training-image-standardised-patient-mean-coordinates
convnext_tiny,brset_to_mbrset_sizematched,brset,mbrset,0,age65,0.01,770,318,256,True,coral,0.8465318549666773,0.5161580649000317,0.3303737900666456,1284,736,548,source-training-image-standardised-patient-mean-coordinates
convnext_tiny,brset_to_mbrset_sizematched,brset,mbrset,0,age65,0.01,770,318,256,True,subspace,0.8465318549666773,0.5848986432878451,0.26163321167883213,1284,736,548,source-training-image-standardised-patient-mean-coordinates
convnext_tiny,brset_to_mbrset_sizematched,brset,mbrset,0,age65,0.01,770,318,256,True,ot_gaussian,0.8465318549666773,0.5084447397651539,0.33808711520152335,1284,736,548,source-training-image-standardised-patient-mean-coordinates
convnext_tiny,brset_to_mbrset_sizematched,brset,mbrset,0,age65,0.01,770,318,256,True,ot_entropic,0.8465318549666773,0.4943519914312917,0.35217986353538555,1284,736,548,source-training-image-standardised-patient-mean-coordinates
convnext_tiny,brset_to_mbrset,brset,mbrset,1,sex,0.1,5104,1991,1701,False,unaligned,0.7219198324571707,0.5668018561534249,0.1551179763037458,1287,838,449,source-training-image-standardised-patient-mean-coordinates
convnext_tiny,brset_to_mbrset,brset,mbrset,1,sex,0.1,5104,1991,1701,False,mean_variance,0.7219198324571707,0.5822166469109291,0.13970318554624162,1287,838,449,source-training-image-standardised-patient-mean-coordinates
convnext_tiny,brset_to_mbrset,brset,mbrset,1,sex,0.1,5104,1991,1701,False,coral,0.7219198324571707,0.5988619632064891,0.12305786925068163,1287,838,449,source-training-image-standardised-patient-mean-coordinates
convnext_tiny,brset_to_mbrset,brset,mbrset,1,sex,0.1,5104,1991,1701,False,subspace,0.7219198324571707,0.44880429062727567,0.27311554182989506,1287,838,449,source-training-image-standardised-patient-mean-coordinates
convnext_tiny,brset_to_mbrset,brset,mbrset,1,sex,0.1,5104,1991,1701,False,ot_gaussian,0.7219198324571707,0.5978679749748845,0.1240518574822862,1287,838,449,source-training-image-standardised-patient-mean-coordinates
convnext_tiny,brset_to_mbrset,brset,mbrset,1,sex,0.1,5104,1991,1701,False,ot_entropic,0.7219198324571707,0.563803945123345,0.15811588733382576,1287,838,449,source-training-image-standardised-patient-mean-coordinates
convnext_tiny,mbrset_to_brset,mbrset,brset,1,sex,0.1,772,259,257,False,unaligned,0.738707606045854,0.562424241292737,0.1762833647531169,8505,5224,3281,source-training-image-standardised-patient-mean-coordinates
convnext_tiny,mbrset_to_brset,mbrset,brset,1,sex,0.1,772,259,257,False,mean_variance,0.738707606045854,0.5713056588749649,0.16740194717088908,8505,5224,3281,source-training-image-standardised-patient-mean-coordinates
convnext_tiny,mbrset_to_brset,mbrset,brset,1,sex,0.1,772,259,257,False,coral,0.738707606045854,0.5709547242394724,0.1677528818063816,8505,5224,3281,source-training-image-standardised-patient-mean-coordinates
convnext_tiny,mbrset_to_brset,mbrset,brset,1,sex,0.1,772,259,257,False,subspace,0.738707606045854,0.4868867132821437,0.2518208927637102,8505,5224,3281,source-training-image-standardised-patient-mean-coordinates
convnext_tiny,mbrset_to_brset,mbrset,brset,1,sex,0.1,772,259,257,False,ot_gaussian,0.738707606045854,0.5744107448659108,0.16429686117994313,8505,5224,3281,source-training-image-standardised-patient-mean-coordinates
convnext_tiny,mbrset_to_brset,mbrset,brset,1,sex,0.1,772,259,257,False,ot_entropic,0.738707606045854,0.5424741177684127,0.19623348827744125,8505,5224,3281,source-training-image-standardised-patient-mean-coordinates
convnext_tiny,brset_to_mbrset_sizematched,brset,mbrset,1,sex,0.1,772,301,257,True,unaligned,0.7219198324571707,0.5341411038053271,0.18777872865184364,1287,838,449,source-training-image-standardised-patient-mean-coordinates
convnext_tiny,brset_to_mbrset_sizematched,brset,mbrset,1,sex,0.1,772,301,257,True,mean_variance,0.7219198324571707,0.5303804264050049,0.1915394060521658,1287,838,449,source-training-image-standardised-patient-mean-coordinates
convnext_tiny,brset_to_mbrset_sizematched,brset,mbrset,1,sex,0.1,772,301,257,True,coral,0.7219198324571707,0.5726063221903885,0.1493135102667822,1287,838,449,source-training-image-standardised-patient-mean-coordinates
convnext_tiny,brset_to_mbrset_sizematched,brset,mbrset,1,sex,0.1,772,301,257,True,subspace,0.7219198324571707,0.4899697551174448,0.23195007733972595,1287,838,449,source-training-image-standardised-patient-mean-coordinates
convnext_tiny,brset_to_mbrset_sizematched,brset,mbrset,1,sex,0.1,772,301,257,True,ot_gaussian,0.7219198324571707,0.5675672802462115,0.15435255221095923,1287,838,449,source-training-image-standardised-patient-mean-coordinates
convnext_tiny,brset_to_mbrset_sizematched,brset,mbrset,1,sex,0.1,772,301,257,True,ot_entropic,0.7219198324571707,0.5334873040594055,0.18843252839776525,1287,838,449,source-training-image-standardised-patient-mean-coordinates
convnext_tiny,brset_to_mbrset,brset,mbrset,1,age65,0.1,3388,1390,1125,False,unaligned,0.8550534552523009,0.5314582672167566,0.3235951880355443,1284,736,548,source-training-image-standardised-patient-mean-coordinates
convnext_tiny,brset_to_mbrset,brset,mbrset,1,age65,0.1,3388,1390,1125,False,mean_variance,0.8550534552523009,0.5048744446207554,0.35017901063154555,1284,736,548,source-training-image-standardised-patient-mean-coordinates
convnext_tiny,brset_to_mbrset,brset,mbrset,1,age65,0.1,3388,1390,1125,False,coral,0.8550534552523009,0.5284383925737861,0.3266150626785148,1284,736,548,source-training-image-standardised-patient-mean-coordinates
convnext_tiny,brset_to_mbrset,brset,mbrset,1,age65,0.1,3388,1390,1125,False,subspace,0.8550534552523009,0.6133419946048874,0.24171146064741356,1284,736,548,source-training-image-standardised-patient-mean-coordinates
convnext_tiny,brset_to_mbrset,brset,mbrset,1,age65,0.1,3388,1390,1125,False,ot_gaussian,0.8550534552523009,0.5272681291653444,0.32778532608695654,1284,736,548,source-training-image-standardised-patient-mean-coordinates
convnext_tiny,brset_to_mbrset,brset,mbrset,1,age65,0.1,3388,1390,1125,False,ot_entropic,0.8550534552523009,0.5298466756585212,0.32520677959377975,1284,736,548,source-training-image-standardised-patient-mean-coordinates
convnext_tiny,mbrset_to_brset,mbrset,brset,1,age65,0.01,770,327,256,False,unaligned,0.8960560101550968,0.5075416375507031,0.3885143726043937,5649,3313,2336,source-training-image-standardised-patient-mean-coordinates
convnext_tiny,mbrset_to_brset,mbrset,brset,1,age65,0.01,770,327,256,False,mean_variance,0.8960560101550968,0.5085126721632092,0.38754333799188767,5649,3313,2336,source-training-image-standardised-patient-mean-coordinates
convnext_tiny,mbrset_to_brset,mbrset,brset,1,age65,0.01,770,327,256,False,coral,0.8960560101550968,0.5557320890307589,0.34032392112433796,5649,3313,2336,source-training-image-standardised-patient-mean-coordinates
convnext_tiny,mbrset_to_brset,mbrset,brset,1,age65,0.01,770,327,256,False,subspace,0.8960560101550968,0.7445120715818548,0.151543938573242,5649,3313,2336,source-training-image-standardised-patient-mean-coordinates
convnext_tiny,mbrset_to_brset,mbrset,brset,1,age65,0.01,770,327,256,False,ot_gaussian,0.8960560101550968,0.5615754820156378,0.33448052813945905,5649,3313,2336,source-training-image-standardised-patient-mean-coordinates
convnext_tiny,mbrset_to_brset,mbrset,brset,1,age65,0.01,770,327,256,False,ot_entropic,0.8960560101550968,0.5887030750592313,0.3073529350958656,5649,3313,2336,source-training-image-standardised-patient-mean-coordinates
convnext_tiny,brset_to_mbrset_sizematched,brset,mbrset,1,age65,0.1,770,316,256,True,unaligned,0.8550534552523009,0.5694794311329736,0.2855740241193273,1284,736,548,source-training-image-standardised-patient-mean-coordinates
convnext_tiny,brset_to_mbrset_sizematched,brset,mbrset,1,age65,0.1,770,316,256,True,mean_variance,0.8550534552523009,0.5749092549984133,0.28014420025388764,1284,736,548,source-training-image-standardised-patient-mean-coordinates
convnext_tiny,brset_to_mbrset_sizematched,brset,mbrset,1,age65,0.1,770,316,256,True,coral,0.8550534552523009,0.541016244842907,0.3140372104093939,1284,736,548,source-training-image-standardised-patient-mean-coordinates
convnext_tiny,brset_to_mbrset_sizematched,brset,mbrset,1,age65,0.1,770,316,256,True,subspace,0.8550534552523009,0.6147180458584577,0.24033540939384324,1284,736,548,source-training-image-standardised-patient-mean-coordinates
convnext_tiny,brset_to_mbrset_sizematched,brset,mbrset,1,age65,0.1,770,316,256,True,ot_gaussian,0.8550534552523009,0.542922881624881,0.3121305736274199,1284,736,548,source-training-image-standardised-patient-mean-coordinates
convnext_tiny,brset_to_mbrset_sizematched,brset,mbrset,1,age65,0.1,770,316,256,True,ot_entropic,0.8550534552523009,0.563139677880038,0.2919137773722629,1284,736,548,source-training-image-standardised-patient-mean-coordinates
convnext_tiny,brset_to_mbrset,brset,mbrset,2,sex,0.1,5104,1959,1700,False,unaligned,0.7212633749887045,0.5554002264379607,0.1658631485507438,1287,838,449,source-training-image-standardised-patient-mean-coordinates
convnext_tiny,brset_to_mbrset,brset,mbrset,2,sex,0.1,5104,1959,1700,False,mean_variance,0.7212633749887045,0.5685559530327272,0.1527074219559773,1287,838,449,source-training-image-standardised-patient-mean-coordinates
convnext_tiny,brset_to_mbrset,brset,mbrset,2,sex,0.1,5104,1959,1700,False,coral,0.7212633749887045,0.6011981013230143,0.1200652736656902,1287,838,449,source-training-image-standardised-patient-mean-coordinates
convnext_tiny,brset_to_mbrset,brset,mbrset,2,sex,0.1,5104,1959,1700,False,subspace,0.7212633749887045,0.4845745783523183,0.2366887966363862,1287,838,449,source-training-image-standardised-patient-mean-coordinates
convnext_tiny,brset_to_mbrset,brset,mbrset,2,sex,0.1,5104,1959,1700,False,ot_gaussian,0.7212633749887045,0.6040498376131525,0.11721353737555207,1287,838,449,source-training-image-standardised-patient-mean-coordinates
convnext_tiny,brset_to_mbrset,brset,mbrset,2,sex,0.1,5104,1959,1700,False,ot_entropic,0.7212633749887045,0.5686330269865147,0.15263034800218978,1287,838,449,source-training-image-standardised-patient-mean-coordinates
convnext_tiny,mbrset_to_brset,mbrset,brset,2,sex,0.1,772,265,257,False,unaligned,0.7395738865891277,0.5563355982960038,0.18323828829312394,8505,5224,3281,source-training-image-standardised-patient-mean-coordinates
convnext_tiny,mbrset_to_brset,mbrset,brset,2,sex,0.1,772,265,257,False,mean_variance,0.7395738865891277,0.5675365100376057,0.17203737655152196,8505,5224,3281,source-training-image-standardised-patient-mean-coordinates
convnext_tiny,mbrset_to_brset,mbrset,brset,2,sex,0.1,772,265,257,False,coral,0.7395738865891277,0.5659085000511087,0.173665386538019,8505,5224,3281,source-training-image-standardised-patient-mean-coordinates
convnext_tiny,mbrset_to_brset,mbrset,brset,2,sex,0.1,772,265,257,False,subspace,0.7395738865891277,0.5017657000512954,0.2378081865378323,8505,5224,3281,source-training-image-standardised-patient-mean-coordinates
convnext_tiny,mbrset_to_brset,mbrset,brset,2,sex,0.1,772,265,257,False,ot_gaussian,0.7395738865891277,0.5717787642713419,0.16779512231778582,8505,5224,3281,source-training-image-standardised-patient-mean-coordinates
convnext_tiny,mbrset_to_brset,mbrset,brset,2,sex,0.1,772,265,257,False,ot_entropic,0.7395738865891277,0.5471689989185495,0.19240488767057817,8505,5224,3281,source-training-image-standardised-patient-mean-coordinates
convnext_tiny,brset_to_mbrset_sizematched,brset,mbrset,2,sex,0.1,772,296,257,True,unaligned,0.7212633749887045,0.5796466292104969,0.1416167457782076,1287,838,449,source-training-image-standardised-patient-mean-coordinates
convnext_tiny,brset_to_mbrset_sizematched,brset,mbrset,2,sex,0.1,772,296,257,True,mean_variance,0.7212633749887045,0.5876702935720323,0.13359308141667225,1287,838,449,source-training-image-standardised-patient-mean-coordinates
convnext_tiny,brset_to_mbrset_sizematched,brset,mbrset,2,sex,0.1,772,296,257,True,coral,0.7212633749887045,0.6020299684794106,0.11923340650929393,1287,838,449,source-training-image-standardised-patient-mean-coordinates
convnext_tiny,brset_to_mbrset_sizematched,brset,mbrset,2,sex,0.1,772,296,257,True,subspace,0.7212633749887045,0.4860283525841037,0.2352350224046008,1287,838,449,source-training-image-standardised-patient-mean-coordinates
convnext_tiny,brset_to_mbrset_sizematched,brset,mbrset,2,sex,0.1,772,296,257,True,ot_gaussian,0.7212633749887045,0.6030850843295363,0.11817829065916818,1287,838,449,source-training-image-standardised-patient-mean-coordinates
convnext_tiny,brset_to_mbrset_sizematched,brset,mbrset,2,sex,0.1,772,296,257,True,ot_entropic,0.7212633749887045,0.5920661666604653,0.12919720832823922,1287,838,449,source-training-image-standardised-patient-mean-coordinates
convnext_tiny,brset_to_mbrset,brset,mbrset,2,age65,0.1,3406,1365,1138,False,unaligned,0.8538137694382735,0.5470485560139637,0.30676521342430974,1284,736,548,source-training-image-standardised-patient-mean-coordinates
convnext_tiny,brset_to_mbrset,brset,mbrset,2,age65,0.1,3406,1365,1138,False,mean_variance,0.8538137694382735,0.5377385155506188,0.3160752538876547,1284,736,548,source-training-image-standardised-patient-mean-coordinates
convnext_tiny,brset_to_mbrset,brset,mbrset,2,age65,0.1,3406,1365,1138,False,coral,0.8538137694382735,0.5467187995874325,0.30709496985084095,1284,736,548,source-training-image-standardised-patient-mean-coordinates
convnext_tiny,brset_to_mbrset,brset,mbrset,2,age65,0.1,3406,1365,1138,False,subspace,0.8538137694382735,0.7036307918121231,0.1501829776261504,1284,736,548,source-training-image-standardised-patient-mean-coordinates
convnext_tiny,brset_to_mbrset,brset,mbrset,2,age65,0.1,3406,1365,1138,False,ot_gaussian,0.8538137694382735,0.5443187678514757,0.30949500158679777,1284,736,548,source-training-image-standardised-patient-mean-coordinates
convnext_tiny,brset_to_mbrset,brset,mbrset,2,age65,0.1,3406,1365,1138,False,ot_entropic,0.8538137694382735,0.5258400111075849,0.32797375833068854,1284,736,548,source-training-image-standardised-patient-mean-coordinates
convnext_tiny,mbrset_to_brset,mbrset,brset,2,age65,0.1,770,331,256,False,unaligned,0.9049820342445078,0.5056593938779983,0.39932264036650955,5649,3313,2336,source-training-image-standardised-patient-mean-coordinates
convnext_tiny,mbrset_to_brset,mbrset,brset,2,age65,0.1,770,331,256,False,mean_variance,0.9049820342445078,0.4991092065710423,0.40587282767346555,5649,3313,2336,source-training-image-standardised-patient-mean-coordinates
convnext_tiny,mbrset_to_brset,mbrset,brset,2,age65,0.1,770,331,256,False,coral,0.9049820342445078,0.5551176819006901,0.34986435234381774,5649,3313,2336,source-training-image-standardised-patient-mean-coordinates
convnext_tiny,mbrset_to_brset,mbrset,brset,2,age65,0.1,770,331,256,False,subspace,0.9049820342445078,0.35127380617658127,0.5537082280679266,5649,3313,2336,source-training-image-standardised-patient-mean-coordinates
convnext_tiny,mbrset_to_brset,mbrset,brset,2,age65,0.1,770,331,256,False,ot_gaussian,0.9049820342445078,0.5620278562243384,0.3429541780201695,5649,3313,2336,source-training-image-standardised-patient-mean-coordinates
convnext_tiny,mbrset_to_brset,mbrset,brset,2,age65,0.1,770,331,256,False,ot_entropic,0.9049820342445078,0.5966649128175018,0.30831712142700607,5649,3313,2336,source-training-image-standardised-patient-mean-coordinates
convnext_tiny,brset_to_mbrset_sizematched,brset,mbrset,2,age65,0.1,770,309,256,True,unaligned,0.8538137694382735,0.5117423040304665,0.342071465407807,1284,736,548,source-training-image-standardised-patient-mean-coordinates
convnext_tiny,brset_to_mbrset_sizematched,brset,mbrset,2,age65,0.1,770,309,256,True,mean_variance,0.8538137694382735,0.5133737305617265,0.34044003887654695,1284,736,548,source-training-image-standardised-patient-mean-coordinates
convnext_tiny,brset_to_mbrset_sizematched,brset,mbrset,2,age65,0.1,770,309,256,True,coral,0.8538137694382735,0.5357153483021263,0.31809842113614717,1284,736,548,source-training-image-standardised-patient-mean-coordinates
convnext_tiny,brset_to_mbrset_sizematched,brset,mbrset,2,age65,0.1,770,309,256,True,subspace,0.8538137694382735,0.7125614884163758,0.14125228102189769,1284,736,548,source-training-image-standardised-patient-mean-coordinates
convnext_tiny,brset_to_mbrset_sizematched,brset,mbrset,2,age65,0.1,770,309,256,True,ot_gaussian,0.8538137694382735,0.5330450650587115,0.32076870437956195,1284,736,548,source-training-image-standardised-patient-mean-coordinates
convnext_tiny,brset_to_mbrset_sizematched,brset,mbrset,2,age65,0.1,770,309,256,True,ot_entropic,0.8538137694382735,0.5325243970168201,0.3212893724214534,1284,736,548,source-training-image-standardised-patient-mean-coordinates
convnext_tiny,brset_to_mbrset,brset,mbrset,3,sex,0.1,5105,1987,1699,False,unaligned,0.7247423337993207,0.589783182994828,0.13495915080449272,1287,838,449,source-training-image-standardised-patient-mean-coordinates
convnext_tiny,brset_to_mbrset,brset,mbrset,3,sex,0.1,5105,1987,1699,False,mean_variance,0.7247423337993207,0.588698832196714,0.1360435016026067,1287,838,449,source-training-image-standardised-patient-mean-coordinates
convnext_tiny,brset_to_mbrset,brset,mbrset,3,sex,0.1,5105,1987,1699,False,coral,0.7247423337993207,0.6035395548846283,0.12120277891469244,1287,838,449,source-training-image-standardised-patient-mean-coordinates
convnext_tiny,brset_to_mbrset,brset,mbrset,3,sex,0.1,5105,1987,1699,False,subspace,0.7247423337993207,0.5604844496653927,0.16425788413392806,1287,838,449,source-training-image-standardised-patient-mean-coordinates
convnext_tiny,brset_to_mbrset,brset,mbrset,3,sex,0.1,5105,1987,1699,False,ot_gaussian,0.7247423337993207,0.6010705306408832,0.12367180315843751,1287,838,449,source-training-image-standardised-patient-mean-coordinates
convnext_tiny,brset_to_mbrset,brset,mbrset,3,sex,0.1,5105,1987,1699,False,ot_entropic,0.7247423337993207,0.5622598083250501,0.16248252547427067,1287,838,449,source-training-image-standardised-patient-mean-coordinates
convnext_tiny,mbrset_to_brset,mbrset,brset,3,sex,1.0,772,281,257,False,unaligned,0.7322126606714701,0.5570068373618957,0.17520582330957435,8505,5224,3281,source-training-image-standardised-patient-mean-coordinates
convnext_tiny,mbrset_to_brset,mbrset,brset,3,sex,1.0,772,281,257,False,mean_variance,0.7322126606714701,0.5678426954020387,0.16436996526943137,8505,5224,3281,source-training-image-standardised-patient-mean-coordinates
convnext_tiny,mbrset_to_brset,mbrset,brset,3,sex,1.0,772,281,257,False,coral,0.7322126606714701,0.55557970317756,0.17663295749391006,8505,5224,3281,source-training-image-standardised-patient-mean-coordinates
convnext_tiny,mbrset_to_brset,mbrset,brset,3,sex,1.0,772,281,257,False,subspace,0.7322126606714701,0.4840792945414524,0.24813336613001769,8505,5224,3281,source-training-image-standardised-patient-mean-coordinates
convnext_tiny,mbrset_to_brset,mbrset,brset,3,sex,1.0,772,281,257,False,ot_gaussian,0.7322126606714701,0.5552316273612097,0.17698103331026038,8505,5224,3281,source-training-image-standardised-patient-mean-coordinates
convnext_tiny,mbrset_to_brset,mbrset,brset,3,sex,1.0,772,281,257,False,ot_entropic,0.7322126606714701,0.5341322001985538,0.19808046047291628,8505,5224,3281,source-training-image-standardised-patient-mean-coordinates
convnext_tiny,brset_to_mbrset_sizematched,brset,mbrset,3,sex,0.01,772,300,257,True,unaligned,0.7009185089113438,0.5512887296617782,0.14962977924956555,1287,838,449,source-training-image-standardised-patient-mean-coordinates
convnext_tiny,brset_to_mbrset_sizematched,brset,mbrset,3,sex,0.01,772,300,257,True,mean_variance,0.7009185089113438,0.5519159521822561,0.1490025567290877,1287,838,449,source-training-image-standardised-patient-mean-coordinates
convnext_tiny,brset_to_mbrset_sizematched,brset,mbrset,3,sex,0.01,772,300,257,True,coral,0.7009185089113438,0.579580186146887,0.12133832276445677,1287,838,449,source-training-image-standardised-patient-mean-coordinates
convnext_tiny,brset_to_mbrset_sizematched,brset,mbrset,3,sex,0.01,772,300,257,True,subspace,0.7009185089113438,0.5520328919742095,0.1488856169371343,1287,838,449,source-training-image-standardised-patient-mean-coordinates
convnext_tiny,brset_to_mbrset_sizematched,brset,mbrset,3,sex,0.01,772,300,257,True,ot_gaussian,0.7009185089113438,0.5728481749419287,0.12807033396941503,1287,838,449,source-training-image-standardised-patient-mean-coordinates
convnext_tiny,brset_to_mbrset_sizematched,brset,mbrset,3,sex,0.01,772,300,257,True,ot_entropic,0.7009185089113438,0.5340294794584625,0.1668890294528813,1287,838,449,source-training-image-standardised-patient-mean-coordinates
convnext_tiny,brset_to_mbrset,brset,mbrset,3,age65,0.1,3354,1379,1119,False,unaligned,0.8573096834338305,0.6000128927324659,0.2572967907013646,1284,736,548,source-training-image-standardised-patient-mean-coordinates
convnext_tiny,brset_to_mbrset,brset,mbrset,3,age65,0.1,3354,1379,1119,False,mean_variance,0.8573096834338305,0.5911565772770548,0.2661531061567757,1284,736,548,source-training-image-standardised-patient-mean-coordinates
convnext_tiny,brset_to_mbrset,brset,mbrset,3,age65,0.1,3354,1379,1119,False,coral,0.8573096834338305,0.5331467192954618,0.32416296413836876,1284,736,548,source-training-image-standardised-patient-mean-coordinates
convnext_tiny,brset_to_mbrset,brset,mbrset,3,age65,0.1,3354,1379,1119,False,subspace,0.8573096834338305,0.7119044549349413,0.14540522849888926,1284,736,548,source-training-image-standardised-patient-mean-coordinates
convnext_tiny,brset_to_mbrset,brset,mbrset,3,age65,0.1,3354,1379,1119,False,ot_gaussian,0.8573096834338305,0.5276226793081562,0.3296870041256743,1284,736,548,source-training-image-standardised-patient-mean-coordinates
convnext_tiny,brset_to_mbrset,brset,mbrset,3,age65,0.1,3354,1379,1119,False,ot_entropic,0.8573096834338305,0.5170878292605522,0.3402218541732783,1284,736,548,source-training-image-standardised-patient-mean-coordinates
convnext_tiny,mbrset_to_brset,mbrset,brset,3,age65,0.01,770,320,256,False,unaligned,0.8966739060322764,0.5709015491070875,0.3257723569251889,5649,3313,2336,source-training-image-standardised-patient-mean-coordinates
convnext_tiny,mbrset_to_brset,mbrset,brset,3,age65,0.01,770,320,256,False,mean_variance,0.8966739060322764,0.5648194999772586,0.3318544060550178,5649,3313,2336,source-training-image-standardised-patient-mean-coordinates
convnext_tiny,mbrset_to_brset,mbrset,brset,3,age65,0.01,770,320,256,False,coral,0.8966739060322764,0.5437089619969485,0.35296494403532785,5649,3313,2336,source-training-image-standardised-patient-mean-coordinates
convnext_tiny,mbrset_to_brset,mbrset,brset,3,age65,0.01,770,320,256,False,subspace,0.8966739060322764,0.5486045786833933,0.3480693273488831,5649,3313,2336,source-training-image-standardised-patient-mean-coordinates
convnext_tiny,mbrset_to_brset,mbrset,brset,3,age65,0.01,770,320,256,False,ot_gaussian,0.8966739060322764,0.5450363656661801,0.3516375403660963,5649,3313,2336,source-training-image-standardised-patient-mean-coordinates
convnext_tiny,mbrset_to_brset,mbrset,brset,3,age65,0.01,770,320,256,False,ot_entropic,0.8966739060322764,0.5820169558278099,0.3146569502044665,5649,3313,2336,source-training-image-standardised-patient-mean-coordinates
convnext_tiny,brset_to_mbrset_sizematched,brset,mbrset,3,age65,0.01,770,317,256,True,unaligned,0.8482500595049189,0.6115692438908282,0.2366808156140907,1284,736,548,source-training-image-standardised-patient-mean-coordinates
convnext_tiny,brset_to_mbrset_sizematched,brset,mbrset,3,age65,0.01,770,317,256,True,mean_variance,0.8482500595049189,0.6014385314185973,0.24681152808632167,1284,736,548,source-training-image-standardised-patient-mean-coordinates
convnext_tiny,brset_to_mbrset_sizematched,brset,mbrset,3,age65,0.01,770,317,256,True,coral,0.8482500595049189,0.5228622857822913,0.3253877737226276,1284,736,548,source-training-image-standardised-patient-mean-coordinates
convnext_tiny,brset_to_mbrset_sizematched,brset,mbrset,3,age65,0.01,770,317,256,True,subspace,0.8482500595049189,0.6977596397968898,0.15049041970802912,1284,736,548,source-training-image-standardised-patient-mean-coordinates
convnext_tiny,brset_to_mbrset_sizematched,brset,mbrset,3,age65,0.01,770,317,256,True,ot_gaussian,0.8482500595049189,0.5166341042526181,0.3316159552523008,1284,736,548,source-training-image-standardised-patient-mean-coordinates
convnext_tiny,brset_to_mbrset_sizematched,brset,mbrset,3,age65,0.01,770,317,256,True,ot_entropic,0.8482500595049189,0.5179754443033957,0.33027461520152324,1284,736,548,source-training-image-standardised-patient-mean-coordinates
convnext_tiny,brset_to_mbrset,brset,mbrset,4,sex,0.1,5102,1965,1702,False,unaligned,0.7163040647208594,0.5649361349272581,0.15136792979360125,1287,838,449,source-training-image-standardised-patient-mean-coordinates
convnext_tiny,brset_to_mbrset,brset,mbrset,4,sex,0.1,5102,1965,1702,False,mean_variance,0.7163040647208594,0.5820438949455433,0.13426016977531607,1287,838,449,source-training-image-standardised-patient-mean-coordinates
convnext_tiny,brset_to_mbrset,brset,mbrset,4,sex,0.1,5102,1965,1702,False,coral,0.7163040647208594,0.5987955201428792,0.11750854457798021,1287,838,449,source-training-image-standardised-patient-mean-coordinates
convnext_tiny,brset_to_mbrset,brset,mbrset,4,sex,0.1,5102,1965,1702,False,subspace,0.7163040647208594,0.46931127777984494,0.24699278694101445,1287,838,449,source-training-image-standardised-patient-mean-coordinates
convnext_tiny,brset_to_mbrset,brset,mbrset,4,sex,0.1,5102,1965,1702,False,ot_gaussian,0.7163040647208594,0.5978839213101509,0.1184201434107085,1287,838,449,source-training-image-standardised-patient-mean-coordinates
convnext_tiny,brset_to_mbrset,brset,mbrset,4,sex,0.1,5102,1965,1702,False,ot_entropic,0.7163040647208594,0.5482961340767869,0.1680079306440725,1287,838,449,source-training-image-standardised-patient-mean-coordinates
convnext_tiny,mbrset_to_brset,mbrset,brset,4,sex,10.0,772,280,257,False,unaligned,0.728663057475567,0.5319551802502972,0.19670787722526983,8505,5224,3281,source-training-image-standardised-patient-mean-coordinates
convnext_tiny,mbrset_to_brset,mbrset,brset,4,sex,10.0,772,280,257,False,mean_variance,0.728663057475567,0.5339653676814813,0.19469768979408575,8505,5224,3281,source-training-image-standardised-patient-mean-coordinates
convnext_tiny,mbrset_to_brset,mbrset,brset,4,sex,10.0,772,280,257,False,coral,0.728663057475567,0.5482641016796788,0.18039895579588827,8505,5224,3281,source-training-image-standardised-patient-mean-coordinates
convnext_tiny,mbrset_to_brset,mbrset,brset,4,sex,10.0,772,280,257,False,subspace,0.728663057475567,0.5048307042310056,0.2238323532445614,8505,5224,3281,source-training-image-standardised-patient-mean-coordinates
convnext_tiny,mbrset_to_brset,mbrset,brset,4,sex,10.0,772,280,257,False,ot_gaussian,0.728663057475567,0.5532082251843997,0.17545483229116732,8505,5224,3281,source-training-image-standardised-patient-mean-coordinates
convnext_tiny,mbrset_to_brset,mbrset,brset,4,sex,10.0,772,280,257,False,ot_entropic,0.728663057475567,0.5480722690809259,0.18059078839464116,8505,5224,3281,source-training-image-standardised-patient-mean-coordinates
convnext_tiny,brset_to_mbrset_sizematched,brset,mbrset,4,sex,1.0,772,297,257,True,unaligned,0.708647166070451,0.5549803062759461,0.1536668597945049,1287,838,449,source-training-image-standardised-patient-mean-coordinates
convnext_tiny,brset_to_mbrset_sizematched,brset,mbrset,4,sex,1.0,772,297,257,True,mean_variance,0.708647166070451,0.5454497132317375,0.16319745283871345,1287,838,449,source-training-image-standardised-patient-mean-coordinates
convnext_tiny,brset_to_mbrset_sizematched,brset,mbrset,4,sex,1.0,772,297,257,True,coral,0.708647166070451,0.5558307774901532,0.15281638858029778,1287,838,449,source-training-image-standardised-patient-mean-coordinates
convnext_tiny,brset_to_mbrset_sizematched,brset,mbrset,4,sex,1.0,772,297,257,True,subspace,0.708647166070451,0.489563123568152,0.21908404250229896,1287,838,449,source-training-image-standardised-patient-mean-coordinates
convnext_tiny,brset_to_mbrset_sizematched,brset,mbrset,4,sex,1.0,772,297,257,True,ot_gaussian,0.708647166070451,0.5542467748536924,0.15440039121675853,1287,838,449,source-training-image-standardised-patient-mean-coordinates
convnext_tiny,brset_to_mbrset_sizematched,brset,mbrset,4,sex,1.0,772,297,257,True,ot_entropic,0.708647166070451,0.5235447640208153,0.18510240204963568,1287,838,449,source-training-image-standardised-patient-mean-coordinates
convnext_tiny,brset_to_mbrset,brset,mbrset,4,age65,0.1,3403,1405,1100,False,unaligned,0.8569179427165978,0.55677761028245,0.30014033243414784,1284,736,548,source-training-image-standardised-patient-mean-coordinates
convnext_tiny,brset_to_mbrset,brset,mbrset,4,age65,0.1,3403,1405,1100,False,mean_variance,0.8569179427165978,0.5418765867978419,0.3150413559187559,1284,736,548,source-training-image-standardised-patient-mean-coordinates
convnext_tiny,brset_to_mbrset,brset,mbrset,4,age65,0.1,3403,1405,1100,False,coral,0.8569179427165978,0.5338335052364329,0.3230844374801649,1284,736,548,source-training-image-standardised-patient-mean-coordinates
convnext_tiny,brset_to_mbrset,brset,mbrset,4,age65,0.1,3403,1405,1100,False,subspace,0.8569179427165978,0.547420461758172,0.3094974809584258,1284,736,548,source-training-image-standardised-patient-mean-coordinates
convnext_tiny,brset_to_mbrset,brset,mbrset,4,age65,0.1,3403,1405,1100,False,ot_gaussian,0.8569179427165978,0.5322392692795939,0.32467867343700396,1284,736,548,source-training-image-standardised-patient-mean-coordinates
convnext_tiny,brset_to_mbrset,brset,mbrset,4,age65,0.1,3403,1405,1100,False,ot_entropic,0.8569179427165978,0.5192300063471913,0.3376879363694065,1284,736,548,source-training-image-standardised-patient-mean-coordinates
convnext_tiny,mbrset_to_brset,mbrset,brset,4,age65,0.1,770,332,257,False,unaligned,0.9052925327373691,0.588377587875079,0.3169149448622901,5649,3313,2336,source-training-image-standardised-patient-mean-coordinates
convnext_tiny,mbrset_to_brset,mbrset,brset,4,age65,0.1,770,332,257,False,mean_variance,0.9052925327373691,0.5965802783968509,0.3087122543405182,5649,3313,2336,source-training-image-standardised-patient-mean-coordinates
convnext_tiny,mbrset_to_brset,mbrset,brset,4,age65,0.1,770,332,257,False,coral,0.9052925327373691,0.5620367719113992,0.34325576082596987,5649,3313,2336,source-training-image-standardised-patient-mean-coordinates
convnext_tiny,mbrset_to_brset,mbrset,brset,4,age65,0.1,770,332,257,False,subspace,0.9052925327373691,0.6938053289449202,0.2114872037924489,5649,3313,2336,source-training-image-standardised-patient-mean-coordinates
convnext_tiny,mbrset_to_brset,mbrset,brset,4,age65,0.1,770,332,257,False,ot_gaussian,0.9052925327373691,0.5671588987343343,0.33813363400303476,5649,3313,2336,source-training-image-standardised-patient-mean-coordinates
convnext_tiny,mbrset_to_brset,mbrset,brset,4,age65,0.1,770,332,257,False,ot_entropic,0.9052925327373691,0.6044373245289416,0.3008552082084275,5649,3313,2336,source-training-image-standardised-patient-mean-coordinates
convnext_tiny,brset_to_mbrset_sizematched,brset,mbrset,4,age65,0.1,770,318,257,True,unaligned,0.8569179427165978,0.5818812480165028,0.27503669470009506,1284,736,548,source-training-image-standardised-patient-mean-coordinates
convnext_tiny,brset_to_mbrset_sizematched,brset,mbrset,4,age65,0.1,770,318,257,True,mean_variance,0.8569179427165978,0.5940475245953666,0.26287041812123124,1284,736,548,source-training-image-standardised-patient-mean-coordinates
convnext_tiny,brset_to_mbrset_sizematched,brset,mbrset,4,age65,0.1,770,318,257,True,coral,0.8569179427165978,0.5361368414788956,0.3207811012377022,1284,736,548,source-training-image-standardised-patient-mean-coordinates
convnext_tiny,brset_to_mbrset_sizematched,brset,mbrset,4,age65,0.1,770,318,257,True,subspace,0.8569179427165978,0.5482882418279911,0.30862970088860675,1284,736,548,source-training-image-standardised-patient-mean-coordinates
convnext_tiny,brset_to_mbrset_sizematched,brset,mbrset,4,age65,0.1,770,318,257,True,ot_gaussian,0.8569179427165978,0.5350905466518565,0.3218273960647413,1284,736,548,source-training-image-standardised-patient-mean-coordinates
convnext_tiny,brset_to_mbrset_sizematched,brset,mbrset,4,age65,0.1,770,318,257,True,ot_entropic,0.8569179427165978,0.5426575888606792,0.31426035385591866,1284,736,548,source-training-image-standardised-patient-mean-coordinates
